sensor;right
bit depth;14 bit
width;336
height;252
resolution;high
advanced radiometry support;yes
unit;degrees Celsius

12.61;12.69;12.81;12.69;12.69;12.69;12.61;12.69;12.53;12.61;12.57;12.69;12.73;12.69;12.69;12.73;12.65;12.77;12.85;12.65;12.69;12.61;12.65;12.61;12.61;12.61;12.65;12.53;12.69;12.69;12.61;12.69;12.69;12.73;12.69;12.65;12.65;12.65;12.65;12.65;12.73;12.73;12.73;12.73;12.69;12.69;12.69;12.73;12.69;12.69;12.61;12.69;12.65;12.61;12.65;12.69;12.73;12.73;12.69;12.69;12.45;12.61;12.61;12.61;12.53;12.65;12.85;12.69;12.65;12.57;12.61;12.61;12.57;12.65;12.49;12.69;12.81;12.69;12.49;12.61;12.45;12.61;12.65;12.61;12.65;12.65;12.57;12.69;12.65;12.69;12.69;12.61;12.61;12.65;12.69;12.81;12.69;12.85;12.73;12.73;12.61;12.69;12.65;12.69;12.53;12.65;12.61;12.61;12.69;12.73;12.73;12.73;12.73;12.69;12.81;12.73;12.61;12.69;12.69;12.73;12.69;12.69;12.73;12.73;12.77;12.81;12.77;12.69;12.69;12.69;12.69;12.73;12.69;12.57;12.65;12.65;12.65;12.65;12.65;12.73;12.73;12.65;12.57;12.61;12.65;12.65;12.69;12.57;12.61;12.61;12.49;12.53;12.61;12.61;12.57;12.49;12.45;12.61;12.53;12.61;12.69;12.61;12.65;12.69;12.69;12.69;12.73;12.69;12.61;12.69;12.61;12.73;12.53;12.53;12.49;12.53;12.61;12.57;12.61;12.61;12.49;12.49;12.61;12.53;12.61;12.57;12.61;12.69;12.65;12.65;12.65;12.61;12.61;12.57;12.57;12.53;12.61;12.61;12.65;12.61;12.61;12.61;12.53;12.53;12.53;12.41;12.53;12.61;12.61;12.61;12.65;12.61;12.69;12.61;12.61;12.65;12.65;12.65;12.57;12.69;12.69;12.57;12.65;12.61;12.65;12.65;12.61;12.65;12.65;12.73;12.61;12.61;12.57;12.65;12.61;12.73;12.65;12.65;12.65;12.65;12.65;12.77;12.73;12.69;12.65;12.69;12.65;12.69;12.53;12.69;12.65;12.61;12.65;12.69;12.65;12.61;12.65;12.61;12.65;12.69;12.69;12.69;12.65;12.65;12.73;12.65;12.65;12.53;12.65;12.69;12.69;12.61;12.65;12.65;12.65;12.49;12.65;12.65;12.69;12.61;12.57;12.57;12.45;12.57;12.57;12.61;12.61;12.53;12.65;12.61;12.65;12.65;12.53;12.53;12.57;12.57;12.53;12.53;12.53;12.53;12.61;12.61;12.57;12.53;12.61;12.45;12.57;12.65;12.65;12.69;12.65;12.45;12.69;12.61;12.37;12.53;12.53;12.61;12.69;12.61;12.53;12.61;12.61;12.61;12.53;12.61;12.65;12.61;12.61;12.57;12.61;12.53;12.53;12.45;12.49;12.53
12.61;12.61;12.69;12.69;12.69;12.65;12.69;12.69;12.73;12.73;12.65;12.81;12.73;12.73;12.73;12.65;12.61;12.65;12.73;12.69;12.69;12.65;12.61;12.69;12.65;12.61;12.69;12.69;12.65;12.85;12.69;12.69;12.69;12.81;12.69;12.69;12.69;12.69;12.65;12.73;12.73;12.69;12.73;12.69;12.77;12.69;12.69;12.81;12.77;12.73;12.73;12.69;12.53;12.53;12.65;12.65;12.65;12.69;12.69;12.69;12.65;12.61;12.65;12.65;12.65;12.65;12.65;12.69;12.53;12.65;12.65;12.65;12.61;12.65;12.65;12.69;12.69;12.73;12.73;12.65;12.65;12.69;12.65;12.69;12.65;12.65;12.69;12.69;12.69;12.81;12.69;12.69;12.61;12.69;12.65;12.73;12.77;12.73;12.73;12.69;12.61;12.69;12.65;12.65;12.61;12.61;12.65;12.89;12.65;12.65;12.73;12.73;12.69;12.73;12.85;12.81;12.73;12.73;12.69;12.65;12.65;12.77;12.73;12.77;12.81;12.81;12.81;12.77;12.73;12.65;12.69;12.69;12.53;12.69;12.65;12.65;12.61;12.61;12.73;12.77;12.77;12.69;12.73;12.69;12.69;12.61;12.53;12.65;12.65;12.65;12.65;12.73;12.53;12.61;12.57;12.53;12.49;12.61;12.65;12.61;12.61;12.65;12.69;12.65;12.69;12.73;12.81;12.61;12.69;12.61;12.69;12.57;12.69;12.57;12.53;12.61;12.61;12.53;12.61;12.65;12.61;12.65;12.65;12.61;12.61;12.65;12.73;12.65;12.65;12.65;12.53;12.65;12.53;12.61;12.61;12.61;12.73;12.61;12.49;12.61;12.61;12.49;12.65;12.53;12.65;12.61;12.69;12.65;12.65;12.69;12.61;12.65;12.85;12.73;12.65;12.61;12.65;12.69;12.81;12.69;12.65;12.65;12.69;12.69;12.65;12.65;12.65;12.65;12.65;12.65;12.49;12.65;12.69;12.69;12.57;12.73;12.61;12.65;12.69;12.65;12.69;12.73;12.73;12.61;12.65;12.69;12.65;12.65;12.73;12.61;12.61;12.69;12.69;12.69;12.65;12.61;12.57;12.61;12.73;12.69;12.69;12.69;12.69;12.69;12.69;12.73;12.73;12.69;12.65;12.73;12.73;12.69;12.73;12.69;12.65;12.53;12.69;12.69;12.65;12.65;12.65;12.65;12.65;12.61;12.65;12.65;12.65;12.69;12.65;12.61;12.61;12.61;12.53;12.53;12.53;12.57;12.53;12.61;12.53;12.49;12.61;12.65;12.61;12.61;12.53;12.53;12.65;12.65;12.65;12.65;12.69;12.69;12.69;12.49;12.57;12.53;12.61;12.61;12.53;12.57;12.65;12.77;12.57;12.65;12.77;12.61;12.65;12.65;12.65;12.61;12.65;12.61;12.53;12.57;12.61;12.53
12.53;12.57;12.69;12.69;12.65;12.65;12.65;12.77;12.65;12.69;12.69;12.77;12.85;12.73;12.69;12.73;12.69;12.77;12.69;12.73;12.65;12.61;12.69;12.65;12.77;12.69;12.77;12.65;12.73;12.73;12.77;12.73;12.81;12.73;12.69;12.73;12.69;12.69;12.65;12.73;12.89;12.73;12.73;12.73;12.65;12.65;12.69;12.73;12.73;12.85;12.73;12.65;12.69;12.69;12.61;12.65;12.65;12.65;12.69;12.73;12.69;12.65;12.65;12.65;12.65;12.69;12.53;12.69;12.61;12.53;12.73;12.69;12.61;12.61;12.65;12.73;12.69;12.73;12.69;12.65;12.61;12.69;12.65;12.69;12.77;12.65;12.69;12.81;12.65;12.73;12.65;12.65;12.65;12.65;12.81;12.77;12.73;12.65;12.61;12.69;12.57;12.73;12.69;12.69;12.69;12.65;12.77;12.61;12.65;12.73;12.69;12.73;12.81;12.77;12.73;12.89;12.77;12.73;12.77;12.73;12.65;12.65;12.85;12.73;12.81;12.81;12.81;12.77;12.73;12.81;12.85;12.73;12.69;12.69;12.61;12.53;12.77;12.65;12.73;12.81;12.81;12.73;12.73;12.69;12.69;12.61;12.61;12.65;12.73;12.49;12.69;12.65;12.65;12.69;12.69;12.65;12.61;12.65;12.65;12.57;12.65;12.65;12.57;12.69;12.69;12.73;12.73;12.69;12.69;12.69;12.73;12.65;12.65;12.49;12.53;12.73;12.65;12.65;12.65;12.69;12.69;12.65;12.81;12.65;12.65;12.69;12.69;12.65;12.65;12.69;12.69;12.69;12.65;12.61;12.53;12.61;12.69;12.69;12.65;12.61;12.65;12.69;12.73;12.61;12.65;12.65;12.65;12.81;12.77;12.73;12.73;12.77;12.81;12.73;12.73;12.61;12.69;12.69;12.65;12.73;12.73;12.65;12.69;12.69;12.65;12.73;12.65;12.69;12.69;12.65;12.65;12.57;12.65;12.49;12.61;12.85;12.81;12.73;12.69;12.73;12.73;12.73;12.69;12.73;12.69;12.81;12.61;12.85;12.73;12.65;12.49;12.69;12.69;12.69;12.65;12.69;12.77;12.77;12.81;12.77;12.69;12.73;12.73;12.69;12.69;12.69;12.81;12.69;12.69;12.69;12.73;12.69;12.73;12.73;12.73;12.61;12.65;12.69;12.69;12.73;12.69;12.69;12.65;12.65;12.73;12.69;12.69;12.65;12.65;12.69;12.65;12.65;12.57;12.49;12.73;12.53;12.53;12.57;12.61;12.69;12.69;12.65;12.73;12.61;12.65;12.61;12.69;12.77;12.65;12.69;12.65;12.57;12.61;12.65;12.65;12.69;12.65;12.77;12.65;12.65;12.61;12.61;12.65;12.69;12.65;12.69;12.69;12.65;12.81;12.69;12.65;12.57;12.57;12.53;12.53;12.53
12.69;12.73;12.73;12.69;12.69;12.61;12.69;12.61;12.65;12.65;12.73;12.73;12.73;12.73;12.65;12.69;12.73;12.69;12.65;12.81;12.69;12.69;12.65;12.69;12.73;12.77;12.73;12.61;12.69;12.81;12.77;12.73;12.73;12.81;12.73;12.69;12.69;12.73;12.81;12.69;12.73;12.77;12.69;12.57;12.61;12.73;12.73;12.77;12.73;12.73;12.73;12.69;12.69;12.69;12.69;12.69;12.69;12.65;12.65;12.73;12.73;12.65;12.61;12.73;12.65;12.65;12.65;12.69;12.57;12.69;12.65;12.65;12.65;12.69;12.69;12.69;12.73;12.69;12.69;12.73;12.61;12.73;12.61;12.69;12.65;12.73;12.73;12.61;12.61;12.85;12.69;12.73;12.89;12.73;12.77;12.73;12.73;12.69;12.57;12.65;12.69;12.77;12.73;12.73;12.69;12.69;12.65;12.77;12.65;12.69;12.73;12.81;12.73;12.81;12.77;12.85;12.73;12.85;12.97;12.73;12.73;12.73;12.73;12.81;12.81;12.81;12.69;12.81;12.73;12.73;12.81;12.97;12.73;12.69;12.65;12.69;12.69;12.65;12.77;12.85;12.81;12.73;12.73;12.49;12.81;12.61;12.61;12.61;12.61;12.65;12.69;12.69;12.69;12.73;12.65;12.65;12.61;12.61;12.81;12.61;12.61;12.65;12.65;12.69;12.73;12.73;12.69;12.69;12.73;12.69;12.69;12.65;12.69;12.49;12.57;12.65;12.69;12.69;12.69;12.69;12.69;12.65;12.65;12.61;12.69;12.69;12.69;12.69;12.69;12.69;12.69;12.69;12.69;12.69;12.65;12.65;12.65;12.73;12.65;12.65;12.65;12.65;12.77;12.61;12.69;12.65;12.61;12.61;12.69;12.73;12.69;12.81;12.73;12.81;12.73;12.69;12.69;12.61;12.69;12.73;12.73;12.73;12.73;12.73;12.65;12.69;12.73;12.69;12.65;12.65;12.69;12.69;12.61;12.57;12.73;12.69;12.73;12.69;12.69;12.77;12.77;12.77;12.89;12.69;12.77;12.69;12.77;12.73;12.77;12.73;12.65;12.61;12.69;12.69;12.61;12.69;12.73;12.73;12.69;12.69;12.81;12.73;12.73;12.81;12.73;12.65;12.69;12.77;12.85;12.65;12.77;12.69;12.69;12.85;12.73;12.65;12.69;12.73;12.69;12.73;12.73;12.69;12.65;12.65;12.73;12.61;12.69;12.65;12.65;12.69;12.77;12.61;12.65;12.65;12.69;12.53;12.65;12.57;12.69;12.69;12.61;12.69;12.65;12.73;12.69;12.61;12.69;12.61;12.61;12.69;12.69;12.65;12.61;12.61;12.61;12.65;12.69;12.69;12.65;12.53;12.53;12.61;12.69;12.69;12.65;12.65;12.69;12.69;12.69;12.65;12.65;12.69;12.61;12.57;12.61;12.53
12.69;12.69;12.69;12.69;12.61;12.57;12.73;12.73;12.61;12.65;12.73;12.73;12.73;12.73;12.77;12.73;12.73;12.73;12.77;12.73;12.69;12.69;12.65;12.73;12.73;12.81;12.61;12.65;12.73;12.73;12.77;12.73;12.73;12.85;12.81;12.81;12.69;12.77;12.81;12.65;12.73;12.73;12.73;12.69;12.81;12.73;12.77;12.77;12.81;12.77;12.73;12.73;12.73;12.69;12.69;12.69;12.69;12.69;12.73;12.69;12.69;12.53;12.53;12.61;12.73;12.65;12.69;12.69;12.69;12.53;12.65;12.77;12.65;12.69;12.69;12.69;12.69;12.69;12.69;12.81;12.69;12.77;12.65;12.69;12.69;12.65;12.73;12.81;12.73;12.73;12.57;12.77;12.77;12.73;12.73;12.73;12.73;12.73;12.69;12.69;12.85;12.77;12.57;12.77;12.69;12.69;12.69;12.77;12.65;12.77;12.89;12.81;12.89;12.85;12.89;12.77;12.81;12.85;12.45;12.81;12.81;12.73;12.85;12.73;12.81;12.81;12.77;12.85;12.81;12.81;12.81;12.77;12.65;12.69;12.81;12.73;12.69;12.69;12.73;12.73;12.81;12.81;12.77;12.53;12.73;12.65;12.69;12.77;12.69;12.69;12.69;12.73;12.73;12.77;12.69;12.65;12.49;12.61;12.69;12.77;12.57;12.65;12.73;12.73;12.69;12.61;12.73;12.69;12.73;12.65;12.65;12.57;12.77;12.53;12.53;12.69;12.73;12.73;12.73;12.73;12.73;12.61;12.65;12.65;12.69;12.69;12.69;12.69;12.69;12.69;12.69;12.69;12.69;12.69;12.73;12.73;12.73;12.73;12.69;12.57;12.69;12.65;12.69;12.69;12.69;12.73;12.53;12.69;12.73;12.73;12.53;12.73;12.89;12.77;12.69;12.73;12.65;12.65;12.69;12.73;12.69;12.69;12.73;12.73;12.65;12.69;12.73;12.65;12.57;12.73;12.73;12.69;12.69;12.69;12.65;12.65;12.69;12.73;12.69;12.73;12.81;12.81;12.81;12.85;12.69;12.73;12.73;12.73;12.73;12.73;12.65;12.69;12.73;12.65;12.61;12.73;12.77;12.93;12.77;12.69;12.81;12.81;12.81;12.73;12.73;12.73;12.73;12.73;12.73;12.61;12.73;12.81;12.73;12.73;12.85;12.65;12.65;12.69;12.69;12.81;12.69;12.69;12.69;12.73;12.61;12.65;12.61;12.61;12.61;12.61;12.69;12.61;12.41;12.61;12.65;12.69;12.65;12.65;12.69;12.65;12.65;12.57;12.61;12.53;12.69;12.65;12.61;12.65;12.65;12.69;12.69;12.73;12.65;12.57;12.45;12.65;12.65;12.69;12.65;12.61;12.53;12.65;12.65;12.89;12.61;12.69;12.69;12.69;12.69;12.61;12.69;12.69;12.49;12.61;12.61;12.53
12.73;12.69;12.69;12.65;12.65;12.69;12.73;12.73;12.73;12.73;12.81;12.81;12.89;12.65;12.73;12.73;12.73;12.73;12.73;12.65;12.69;12.69;12.77;12.65;12.73;12.65;12.73;12.69;12.73;12.81;12.85;12.77;12.93;12.73;12.85;12.85;12.65;12.69;12.73;12.81;12.69;12.73;12.73;12.81;12.77;12.81;12.81;12.81;12.81;12.81;12.77;12.73;12.73;12.73;12.73;12.69;12.69;12.69;12.61;12.69;12.69;12.65;12.65;12.65;12.65;12.69;12.69;12.69;12.65;12.65;12.65;12.73;12.77;12.65;12.65;12.53;12.65;12.69;12.69;12.85;12.65;12.69;12.81;12.69;12.77;12.69;12.69;12.73;12.73;12.81;12.85;12.69;12.73;12.77;12.69;12.77;12.69;12.69;12.65;12.73;12.81;12.81;12.97;12.81;12.77;12.73;12.77;12.73;12.81;12.77;12.81;12.85;12.81;12.77;12.85;12.85;12.93;12.89;12.85;12.81;12.65;12.73;12.81;12.85;12.61;12.69;12.81;12.85;12.77;12.85;12.85;12.65;12.77;12.65;12.73;12.73;12.77;12.69;12.69;12.73;12.69;12.77;12.81;12.89;12.73;12.73;12.53;12.61;12.69;12.65;12.61;12.73;12.73;12.73;12.85;12.69;12.61;12.65;12.65;12.81;12.57;12.53;12.73;12.69;12.77;12.65;12.73;12.77;12.73;12.73;12.69;12.65;12.69;12.65;12.69;12.73;12.65;12.69;12.69;12.69;12.85;12.65;12.65;12.69;12.69;12.53;12.73;12.73;12.69;12.69;12.65;12.61;12.65;12.73;12.85;12.77;12.73;12.77;12.73;12.81;12.73;12.73;12.65;12.69;12.81;12.65;12.65;12.53;12.53;12.61;12.65;12.73;12.69;12.81;12.81;12.73;12.65;12.69;12.65;12.73;12.85;12.61;12.69;12.73;12.53;12.61;12.69;12.53;12.61;12.61;12.77;12.69;12.73;12.69;12.65;12.65;12.57;12.73;12.81;12.85;12.81;12.81;12.77;12.73;12.69;12.77;12.85;12.69;12.65;12.69;12.85;12.69;12.69;12.81;12.69;12.69;12.73;12.73;12.77;12.77;12.73;12.73;12.85;12.61;12.77;12.73;12.73;12.85;12.77;12.69;12.65;12.69;12.69;12.73;12.73;12.69;12.69;12.69;12.69;12.73;12.69;12.69;12.73;12.85;12.65;12.65;12.61;12.65;12.81;12.69;12.69;12.53;12.61;12.61;12.61;12.65;12.65;12.69;12.65;12.65;12.69;12.49;12.81;12.69;12.61;12.61;12.57;12.65;12.73;12.73;12.73;12.73;12.61;12.57;12.57;12.69;12.61;12.65;12.69;12.61;12.69;12.69;12.65;12.73;12.77;12.61;12.61;12.65;12.73;12.69;12.65;12.65;12.53;12.69;12.45;12.61
12.69;12.73;12.73;12.69;12.73;12.69;12.73;12.73;12.77;12.73;12.73;12.85;12.85;12.81;12.77;12.77;12.81;12.69;12.73;12.69;12.77;12.73;12.73;12.77;12.77;12.77;12.73;12.77;12.77;12.81;12.89;12.93;12.69;12.81;12.81;12.73;12.81;12.81;12.85;12.85;12.73;12.77;12.81;12.77;12.77;12.69;12.85;12.81;12.85;12.81;12.81;12.81;12.73;12.73;12.73;12.73;12.73;12.77;12.77;12.81;12.69;12.69;12.65;12.65;12.65;12.69;12.89;12.73;12.65;12.69;12.73;12.69;12.65;12.61;12.65;12.69;12.73;12.85;12.81;12.81;12.65;12.69;12.77;12.77;12.81;12.73;12.81;12.81;12.81;12.85;12.69;12.81;12.77;12.81;12.77;12.73;12.77;12.81;12.77;12.77;12.85;12.85;12.85;12.81;12.81;12.81;12.69;12.85;12.77;12.81;12.85;12.81;12.81;12.81;12.81;12.85;12.85;12.89;12.85;12.97;12.85;12.85;12.85;12.81;12.81;12.77;12.93;12.93;12.73;12.85;12.81;12.93;12.77;12.77;12.81;12.85;12.81;12.81;12.73;12.73;12.81;12.77;12.81;12.81;12.85;12.81;12.69;12.73;12.69;12.49;12.61;12.73;12.73;12.69;12.73;12.61;12.49;12.65;12.65;12.73;12.73;12.69;12.89;12.73;12.81;12.81;12.81;12.73;12.77;12.81;12.73;12.69;12.69;12.65;12.69;12.85;12.69;12.93;12.69;12.61;12.69;12.73;12.69;12.65;12.77;12.77;12.81;12.73;12.69;12.69;12.57;12.65;12.57;12.73;12.81;12.81;12.69;12.73;12.77;12.73;12.69;12.65;12.65;12.65;12.65;12.69;12.69;12.73;12.65;12.69;12.81;12.73;12.81;12.81;12.73;12.93;12.69;12.69;12.61;12.73;12.69;12.69;12.69;12.69;12.69;12.73;12.73;12.73;12.65;12.65;12.69;12.73;12.77;12.69;12.73;12.77;12.73;12.85;12.81;12.81;12.81;12.81;12.73;12.73;12.73;12.77;12.73;12.73;12.69;12.81;12.65;12.73;12.73;12.81;12.81;12.81;12.77;12.89;12.85;12.81;12.85;12.77;12.65;12.73;12.73;12.81;12.69;12.81;12.77;12.77;12.73;12.69;12.69;12.85;12.77;12.69;12.73;12.73;12.77;12.85;12.77;12.69;12.77;12.81;12.85;12.73;12.57;12.73;12.77;12.73;12.73;12.65;12.53;12.65;12.69;12.77;12.69;12.73;12.69;12.65;12.49;12.37;12.61;12.69;12.69;12.73;12.73;12.73;12.69;12.69;12.73;12.73;12.69;12.69;12.61;12.69;12.65;12.81;12.61;12.65;12.69;12.65;12.69;12.73;12.61;12.73;12.65;12.69;12.81;12.69;12.73;12.73;12.61;12.69;12.65;12.73
12.73;12.73;12.73;12.85;12.77;12.69;12.77;12.81;12.77;12.81;12.77;12.81;12.69;12.81;12.85;12.81;12.73;12.73;12.73;12.81;12.69;12.81;12.77;12.81;12.81;12.73;12.69;12.77;12.77;12.85;12.93;12.77;12.85;12.77;12.73;12.85;12.81;12.89;12.73;12.81;12.77;12.73;12.73;12.77;12.89;12.81;12.85;12.93;12.85;12.81;12.81;12.77;12.81;12.77;12.81;12.73;12.77;12.73;12.81;12.77;12.69;12.69;12.69;12.69;12.69;12.73;12.73;12.73;12.73;12.77;12.77;12.73;12.69;12.73;12.73;12.73;12.93;12.61;12.73;12.69;12.73;12.73;12.81;12.81;12.81;12.81;12.81;12.81;12.81;12.85;12.85;12.69;12.81;12.77;12.81;12.77;12.81;12.81;12.77;12.85;12.85;12.85;12.85;12.81;12.81;12.85;12.81;12.81;12.85;12.89;12.89;12.85;12.73;12.77;12.85;12.81;12.85;12.89;12.89;12.89;12.81;12.81;12.85;12.81;12.81;12.81;12.85;12.85;12.89;12.77;12.81;12.85;12.77;12.69;12.77;12.81;12.85;12.77;12.77;12.81;12.77;12.73;12.81;12.81;12.81;12.89;12.77;12.81;12.69;12.69;12.65;12.73;12.73;12.77;12.81;12.77;12.61;12.73;12.77;12.89;12.81;12.69;12.69;12.85;12.77;12.69;12.73;12.77;12.77;12.65;12.53;12.85;12.81;12.73;12.69;12.69;12.73;12.69;12.73;12.69;12.69;12.65;12.81;12.73;12.73;12.81;12.73;12.73;12.73;12.69;12.73;12.73;12.69;12.81;12.65;12.77;12.77;12.77;12.77;12.73;12.73;12.73;12.89;12.69;12.53;12.69;12.65;12.73;12.77;12.73;12.77;12.81;12.93;12.81;12.77;12.81;12.73;12.65;12.53;12.73;12.73;12.73;12.69;12.69;12.69;12.73;12.73;12.69;12.73;12.73;12.73;12.73;12.81;12.69;12.73;12.69;12.81;12.85;12.69;12.77;12.81;12.73;12.77;12.73;12.73;12.77;12.81;12.69;12.65;12.73;12.85;12.73;12.81;12.85;12.69;12.81;12.85;12.85;12.81;12.69;12.81;12.77;12.85;12.77;12.81;12.89;12.81;12.77;12.81;12.85;12.77;12.77;12.77;12.85;12.85;12.81;12.73;12.81;12.85;12.81;12.81;12.65;12.73;12.81;12.81;12.69;12.69;12.85;12.81;12.73;12.61;12.61;12.65;12.61;12.69;12.69;12.69;12.65;12.69;12.73;12.65;12.69;12.65;12.69;12.69;12.73;12.89;12.73;12.73;12.73;12.73;12.73;12.81;12.69;12.65;12.69;12.65;12.65;12.73;12.69;12.57;12.69;12.69;12.73;12.65;12.77;12.81;12.69;12.77;12.77;12.69;12.69;12.69;12.73;12.73;12.69
12.81;12.73;12.61;12.69;12.69;12.81;12.69;12.73;12.85;12.73;12.81;12.81;12.85;12.85;12.81;12.85;12.89;12.69;12.69;12.73;12.65;12.69;12.69;12.81;12.81;12.73;12.53;12.77;12.77;12.81;12.81;12.81;12.73;12.77;12.69;12.69;12.85;12.81;12.73;12.73;12.77;12.81;12.81;12.81;12.81;12.85;12.73;12.89;12.93;12.81;12.85;12.81;12.69;12.77;12.89;12.81;12.73;12.77;12.73;12.77;12.69;12.69;12.69;12.69;12.73;12.69;12.65;12.73;12.73;12.73;12.73;12.85;12.69;12.65;12.73;12.73;12.73;12.73;12.73;12.73;12.73;12.77;12.81;12.81;12.73;12.81;12.81;12.81;12.81;12.77;12.81;12.73;12.81;12.69;12.85;12.89;12.81;12.81;12.81;12.81;12.81;12.97;12.77;12.81;12.65;12.85;12.85;12.85;12.89;12.89;12.89;12.93;12.89;12.89;12.93;12.85;12.89;12.85;12.93;12.85;12.85;12.81;12.85;12.81;12.85;12.85;12.89;12.89;12.81;12.77;12.61;12.85;12.77;12.85;12.77;12.77;12.81;12.81;12.81;12.77;12.89;12.85;12.81;12.73;12.85;12.89;12.73;12.73;12.69;12.69;12.61;12.73;12.77;12.81;12.73;12.69;12.69;12.73;12.73;12.81;12.73;12.65;12.69;12.81;12.81;12.81;12.81;12.77;12.65;12.81;12.77;12.73;12.77;12.69;12.73;12.69;12.61;12.69;12.69;12.73;12.73;12.77;12.77;12.77;12.77;12.73;12.73;12.73;12.69;12.81;12.85;12.89;12.73;12.81;12.73;12.77;12.89;12.73;12.77;12.81;12.77;12.77;12.77;12.69;12.85;12.69;12.65;12.61;12.81;12.81;12.77;12.77;12.81;12.77;12.77;12.85;12.69;12.81;12.73;12.69;12.69;12.69;12.73;12.65;12.69;12.69;12.69;12.69;12.65;12.73;12.65;12.81;12.81;12.73;12.73;12.73;12.85;12.81;12.81;12.73;12.73;12.61;12.77;12.73;12.73;12.77;12.69;12.73;12.69;12.73;12.73;12.77;12.81;12.73;12.73;12.69;12.89;12.81;12.81;12.69;12.77;12.85;12.77;12.81;12.77;12.77;12.81;12.85;12.77;12.69;12.73;12.85;13.01;12.81;12.73;12.85;12.81;12.85;12.73;12.89;12.73;12.69;12.73;12.73;12.69;12.73;12.81;12.69;12.73;12.65;12.65;12.65;12.65;12.65;12.65;12.69;12.69;12.69;12.69;12.61;12.73;12.73;12.65;12.69;12.69;12.65;12.69;12.65;12.77;12.69;12.69;12.69;12.69;12.69;12.69;12.61;12.65;12.81;12.65;12.81;12.61;12.61;12.69;12.69;12.85;12.69;12.73;12.69;12.77;12.65;12.69;12.65;12.65;12.69;12.65;12.65
12.69;12.61;12.65;12.69;12.65;12.69;12.69;12.73;12.73;12.73;12.69;12.69;12.65;12.69;12.73;12.65;12.69;12.81;12.73;12.53;12.69;12.61;12.69;12.73;12.77;12.81;12.73;12.73;12.77;12.81;12.97;12.81;12.73;12.65;12.69;12.61;12.73;12.69;12.77;12.73;12.77;12.81;12.73;12.81;12.73;12.73;12.65;12.61;12.85;12.93;12.85;12.77;12.81;12.65;12.69;12.65;12.73;12.65;12.73;12.73;12.69;12.73;12.69;12.65;12.61;12.61;12.77;12.61;12.61;12.69;12.65;12.77;12.77;12.69;12.69;12.69;12.73;12.61;12.69;12.73;12.77;12.77;12.77;12.85;12.73;12.77;12.77;12.81;12.73;12.77;12.69;12.85;12.93;12.77;12.89;12.81;12.81;12.81;12.81;12.81;12.77;12.73;12.69;12.69;12.85;12.85;12.85;12.97;12.73;12.85;12.85;12.85;12.93;12.85;12.81;12.69;12.85;12.85;12.81;12.69;12.85;12.81;12.81;12.81;12.85;12.85;12.85;12.77;12.81;12.81;12.73;12.81;12.81;12.81;12.69;12.81;12.81;12.81;12.77;12.81;12.81;12.85;12.81;12.77;12.81;12.73;12.65;12.69;12.73;12.61;12.69;12.73;12.77;12.81;12.77;12.69;12.81;13.01;12.73;12.73;12.69;12.61;12.65;12.73;12.81;12.81;12.81;12.85;12.85;12.77;12.81;12.69;12.73;12.73;12.73;12.81;12.77;12.69;12.73;12.69;12.73;12.77;12.77;12.77;12.69;12.69;12.73;12.65;12.73;12.65;12.77;12.81;12.69;12.73;12.73;12.77;12.73;12.73;12.73;12.73;12.77;12.69;12.65;12.73;12.73;12.73;12.73;12.77;12.73;12.81;12.73;12.77;12.73;12.73;12.73;12.73;12.73;12.69;12.73;12.65;12.69;12.61;12.77;12.69;12.69;12.61;12.69;12.65;12.57;12.69;12.73;12.77;12.81;12.77;12.81;12.81;12.85;12.81;12.73;12.73;12.73;12.77;12.81;12.73;12.69;12.69;12.69;12.77;12.73;12.81;12.81;12.77;12.81;12.73;12.73;12.73;12.73;12.85;12.81;12.81;12.81;12.81;12.73;12.77;12.81;12.77;12.73;12.89;12.85;12.73;12.69;12.85;12.85;12.85;12.89;12.81;12.77;12.89;12.77;12.77;12.65;12.77;12.81;12.65;12.73;12.69;12.73;12.69;12.73;12.73;12.65;12.65;12.77;12.65;12.89;12.73;12.69;12.77;12.65;12.65;12.81;12.49;12.73;12.73;12.73;12.81;12.69;12.73;12.69;12.69;12.73;12.69;12.73;12.81;12.69;12.69;12.73;12.69;12.69;12.69;12.49;12.49;12.69;12.69;12.61;12.61;12.69;12.61;12.73;12.69;12.65;12.61;12.65;12.61;12.57;12.61
12.69;12.69;12.65;12.69;12.69;12.69;12.69;12.69;12.77;12.73;12.69;12.69;12.69;12.69;12.65;12.77;12.77;12.85;12.85;12.65;12.65;12.73;12.73;12.69;12.85;12.81;12.73;12.69;12.73;12.69;12.81;12.77;12.69;12.65;12.85;12.77;12.65;12.77;12.73;12.81;12.81;12.81;12.73;12.81;12.69;12.73;12.69;12.69;12.85;12.77;12.85;12.85;12.73;12.85;12.69;12.73;12.77;12.85;12.73;12.69;12.81;12.81;12.69;12.65;12.65;12.73;12.65;12.73;12.89;12.77;12.77;12.85;12.73;12.73;12.69;12.69;12.69;12.65;12.69;12.73;12.73;12.77;12.81;12.69;12.73;12.77;12.73;12.81;12.85;12.73;12.77;12.77;12.81;12.89;12.89;12.81;12.81;12.81;12.73;12.81;12.73;12.81;12.77;12.81;12.69;12.85;12.85;12.85;12.81;12.85;12.85;12.89;12.85;12.89;12.93;13.01;12.93;12.77;12.85;13.01;12.85;12.81;12.81;12.81;12.89;12.85;12.81;12.81;12.85;12.77;12.73;12.73;12.73;12.81;12.81;12.85;12.81;12.81;12.81;12.77;12.85;12.81;12.81;12.81;12.77;12.81;12.81;12.69;12.65;12.53;12.65;12.73;12.73;12.73;12.73;12.69;12.73;12.73;12.73;12.69;12.73;12.77;12.81;12.73;12.77;12.81;12.89;12.85;12.81;12.81;12.77;12.73;12.65;12.65;12.69;12.81;12.89;12.77;12.73;12.73;12.81;12.73;12.77;12.73;12.81;12.69;12.73;12.73;12.73;12.89;12.81;12.89;12.73;12.77;12.73;12.73;12.93;12.73;12.73;12.57;12.69;12.69;12.73;12.73;12.85;12.81;12.89;12.69;12.73;12.73;12.73;12.77;12.73;12.73;12.73;12.69;12.69;12.65;12.61;12.53;12.69;12.81;12.89;12.73;12.69;12.65;12.65;12.69;12.69;12.73;12.69;12.73;12.89;12.73;12.81;12.81;12.81;12.73;12.69;12.73;12.73;12.73;12.73;12.73;12.69;12.73;12.73;12.85;12.77;12.77;12.81;12.81;12.81;12.77;12.73;12.77;12.77;12.81;12.81;12.77;12.85;12.77;12.73;12.85;12.77;12.89;12.89;12.73;12.73;12.69;12.73;12.77;12.81;12.73;12.77;12.69;12.73;12.77;12.73;12.69;12.81;12.77;12.77;12.93;12.73;12.73;12.73;12.69;12.65;12.89;12.73;12.73;12.73;12.69;12.69;12.61;12.81;12.81;12.81;12.69;12.69;12.73;12.69;13.05;12.77;12.77;12.69;12.73;12.73;12.69;12.85;12.73;12.73;12.69;12.69;12.69;12.77;12.73;12.73;12.61;12.65;12.65;12.65;12.81;12.65;12.61;12.65;12.53;12.69;12.69;12.69;12.65;12.65;12.65;12.61;12.69
12.69;12.69;12.65;12.69;12.77;12.69;12.69;12.81;12.69;12.65;12.85;12.69;12.69;12.45;12.69;12.81;12.69;12.81;12.81;12.69;12.73;12.73;12.69;12.85;12.69;12.77;12.85;12.73;12.73;12.73;12.73;12.85;12.85;12.85;12.85;12.85;12.73;12.73;12.81;12.85;12.81;12.81;12.77;12.73;12.65;12.69;12.81;12.73;12.81;12.81;12.85;12.81;12.65;12.77;12.69;12.73;12.81;12.73;12.69;12.69;12.81;12.77;12.73;12.73;12.65;12.73;12.73;12.73;12.73;12.85;12.69;12.81;12.73;12.73;12.69;12.73;12.69;12.69;12.69;12.69;12.73;12.77;12.77;12.77;12.77;12.69;12.73;12.73;12.73;12.73;12.77;12.77;12.89;12.81;12.81;12.81;12.81;12.77;12.93;12.81;12.81;12.81;12.81;12.69;12.85;12.85;12.81;13.01;12.81;12.81;12.85;12.89;12.93;12.89;12.93;12.81;12.89;12.93;12.89;12.89;12.85;12.81;12.77;12.89;12.85;12.89;12.93;12.85;12.85;12.89;12.77;12.85;12.93;12.77;12.65;12.81;12.81;12.81;12.85;12.81;12.89;12.81;12.81;12.73;12.89;12.81;12.85;12.81;12.77;12.61;12.81;12.69;12.73;12.73;12.69;12.69;12.69;12.73;12.73;12.69;12.81;12.73;12.81;12.85;12.81;12.81;12.81;12.81;12.73;12.73;12.65;12.65;12.69;12.65;12.69;12.65;12.73;12.73;12.73;12.69;12.73;12.73;12.73;12.73;12.77;12.93;12.73;12.73;12.77;12.81;12.89;12.73;12.81;12.73;12.81;12.85;12.85;12.65;12.69;12.53;12.97;12.73;12.85;12.77;12.81;12.77;12.81;12.69;12.85;12.73;12.85;12.85;12.73;12.73;12.73;12.61;12.61;12.61;12.73;12.65;12.81;12.73;12.69;12.69;12.69;12.69;12.57;12.69;12.73;12.73;12.57;12.81;12.73;12.73;12.69;12.85;12.73;12.85;12.81;12.73;12.73;12.73;12.73;12.73;12.73;12.65;12.81;12.77;12.69;12.73;12.77;12.85;12.77;12.73;12.69;12.73;12.81;12.77;12.85;12.85;12.77;12.69;12.81;12.73;12.73;12.81;12.69;12.61;12.77;12.89;12.73;12.65;12.73;12.73;12.69;12.61;12.81;12.77;12.69;12.69;12.73;12.73;12.73;12.81;12.73;12.73;12.73;12.69;12.77;12.85;12.73;12.65;12.65;12.65;12.69;12.53;12.69;12.89;12.69;12.73;12.73;12.69;12.53;12.69;12.69;12.69;12.73;12.69;12.77;12.65;12.65;12.73;12.69;12.69;12.65;12.49;12.69;12.69;12.73;12.69;12.61;12.61;12.61;12.65;12.69;12.65;12.65;12.65;12.65;12.69;12.65;12.65;12.77;12.65;12.53;12.61
12.69;12.69;12.65;12.69;12.69;12.61;12.57;12.69;12.73;12.69;12.65;12.69;12.69;12.49;12.69;12.65;12.49;12.77;12.73;12.65;12.73;12.73;12.69;12.73;12.73;12.81;12.73;12.69;12.73;12.73;12.73;12.73;12.73;12.61;12.77;12.81;12.73;12.73;12.85;12.61;12.81;12.65;12.77;12.73;12.81;12.69;12.73;12.73;12.65;12.69;12.69;12.69;12.81;12.65;12.69;12.69;12.81;12.73;12.69;12.77;12.85;12.85;12.81;12.69;12.73;12.73;12.69;12.73;12.73;12.73;12.73;12.69;12.73;12.73;12.73;12.73;12.73;12.69;12.73;12.73;12.69;12.69;12.69;12.73;12.81;12.73;12.69;12.77;12.65;12.77;12.73;12.73;12.73;12.73;12.81;12.81;12.81;12.77;12.77;12.73;12.69;12.85;12.69;12.85;12.85;12.77;12.81;12.81;12.77;12.81;12.85;12.89;12.93;12.97;12.93;13.01;12.81;12.89;12.85;12.89;12.81;12.77;12.73;12.77;12.97;12.85;12.77;12.89;12.89;12.81;12.77;12.81;12.81;12.73;12.73;12.85;12.85;12.77;12.85;12.85;12.85;12.81;12.81;12.69;12.73;12.85;12.85;12.81;12.69;12.73;12.73;12.81;12.65;12.73;12.73;12.73;12.69;12.69;12.73;12.81;12.85;12.73;12.73;12.73;12.73;12.77;12.73;12.73;12.73;12.69;12.69;12.73;12.65;12.69;12.77;12.77;12.73;12.69;12.69;12.69;12.69;12.53;12.69;12.73;12.81;12.77;12.73;12.73;12.77;12.81;12.57;12.73;12.69;12.73;12.81;12.77;12.77;12.53;12.65;12.65;12.69;12.73;12.65;12.61;12.77;12.69;12.69;12.73;12.77;12.73;12.69;12.57;12.77;12.69;12.73;12.69;12.57;12.65;12.65;12.61;12.77;12.77;12.77;12.69;12.73;12.61;12.69;12.65;12.69;12.73;12.69;12.69;12.73;12.73;12.65;12.73;12.85;12.69;12.85;12.69;12.73;12.73;12.69;12.73;12.73;12.69;12.69;12.73;12.73;12.73;12.61;12.81;12.81;12.73;12.69;12.65;12.73;12.69;12.73;12.73;12.81;12.77;12.73;12.77;12.77;12.69;12.73;12.61;12.77;12.61;12.69;12.73;12.77;12.69;12.69;12.69;12.73;12.73;12.69;12.81;12.69;12.57;12.73;12.85;12.69;12.77;12.73;12.81;12.81;12.73;12.69;12.65;12.61;12.65;12.69;12.69;12.69;12.69;12.69;12.69;12.73;12.69;12.69;12.69;12.53;12.61;12.65;12.61;12.65;12.69;12.73;12.69;12.73;12.65;12.65;12.65;12.69;12.53;12.69;12.69;12.33;12.61;12.61;12.61;12.69;12.69;12.61;12.53;12.65;12.65;12.61;12.61;12.65;12.53;12.45;12.49
12.69;12.69;12.73;12.69;12.61;12.61;12.69;12.73;12.81;12.69;12.73;12.73;12.73;12.73;12.69;12.85;12.69;12.73;12.73;12.73;12.73;12.73;12.65;12.73;12.73;12.73;12.73;12.69;12.69;12.81;12.73;12.73;12.77;12.77;12.77;12.81;12.77;12.73;12.69;12.73;12.77;12.81;12.73;12.81;12.73;12.77;12.73;12.73;12.77;12.69;12.73;12.73;12.93;12.77;12.73;12.73;12.77;12.69;12.73;12.73;12.89;12.73;12.69;12.73;12.73;12.73;12.73;12.65;12.73;12.73;12.69;12.69;12.73;12.73;12.73;12.73;12.73;12.73;12.73;12.69;12.69;12.73;12.73;12.77;12.69;12.69;12.73;12.73;12.73;12.73;12.77;12.69;12.69;12.77;12.81;12.77;12.81;12.73;12.81;12.81;12.85;12.85;12.81;12.81;12.81;12.81;12.85;12.81;12.73;12.77;12.85;12.89;12.85;12.93;12.89;12.85;12.89;12.81;12.85;12.89;12.77;12.81;12.85;12.93;12.77;12.89;12.77;12.81;12.85;12.89;13.01;12.81;12.81;12.81;12.73;12.85;12.89;12.81;12.81;12.85;12.89;12.89;12.85;12.73;12.81;12.89;12.77;12.73;12.65;12.89;12.77;12.77;12.73;12.77;12.73;12.73;12.73;12.77;12.77;12.81;12.69;12.69;12.69;12.73;12.73;12.73;12.81;12.81;12.65;12.73;12.85;12.69;12.69;12.69;12.69;12.81;12.69;12.73;12.73;12.73;12.69;12.69;12.73;12.73;12.69;12.69;12.73;12.85;12.85;12.89;12.81;12.69;12.73;12.73;12.69;12.81;12.81;12.81;12.73;12.69;12.69;12.65;12.77;12.73;12.73;12.77;12.73;12.73;12.69;12.81;12.81;12.69;12.81;12.81;12.69;12.81;12.73;12.65;12.65;12.65;12.65;12.81;12.73;12.77;12.73;12.61;12.69;12.57;12.65;12.85;12.73;12.69;12.77;12.73;12.73;12.85;12.73;12.93;12.73;12.81;12.73;12.73;12.73;12.73;12.89;12.73;12.81;12.69;12.81;12.81;12.73;12.85;12.77;12.81;12.65;12.89;12.73;12.73;12.69;12.77;12.81;12.85;12.77;12.77;12.77;12.85;12.77;12.73;12.69;12.77;12.77;12.73;12.77;12.73;12.73;12.73;12.73;12.73;12.73;12.73;12.69;12.69;12.73;12.73;12.69;12.73;12.73;12.77;12.73;12.73;12.77;12.61;12.53;12.73;12.69;12.69;12.73;12.73;12.73;12.69;12.89;12.73;12.57;12.73;12.69;12.73;12.65;12.69;12.89;12.81;12.69;12.73;12.77;12.73;12.69;12.69;12.73;12.65;12.81;12.69;12.69;12.61;12.61;12.65;12.65;12.69;12.69;12.77;12.61;12.69;12.61;12.61;12.65;12.69;12.53;12.57
12.69;12.69;12.69;12.69;12.69;12.61;12.53;12.69;12.73;12.69;12.73;12.73;12.85;12.69;12.69;12.73;12.73;12.69;12.73;12.73;12.73;12.69;12.73;12.69;12.69;12.73;12.73;12.69;12.65;12.73;12.73;12.77;12.85;12.81;12.69;12.81;12.77;12.69;12.65;12.81;12.77;12.73;12.73;12.69;12.73;12.77;12.73;12.77;12.77;12.81;12.77;12.77;12.73;12.77;12.73;12.73;12.77;12.73;12.73;12.77;12.73;12.81;12.77;12.69;12.77;12.77;12.73;12.69;12.69;12.73;12.85;12.73;12.69;12.73;12.89;12.73;12.73;12.73;12.65;12.69;12.65;12.61;12.73;12.77;12.65;12.69;12.73;12.73;12.73;12.73;12.73;12.85;12.81;12.81;12.85;12.77;12.69;12.85;12.73;12.85;12.69;12.85;12.81;12.81;12.81;12.85;12.85;12.81;12.77;12.81;12.89;12.89;12.89;12.85;12.77;12.81;12.77;12.93;12.89;12.85;12.77;12.73;12.85;12.81;12.89;12.85;12.81;12.85;12.85;12.89;12.85;12.81;12.81;12.81;12.81;12.85;12.85;12.97;12.81;12.89;12.89;12.89;12.93;12.85;12.81;12.81;12.81;12.81;12.73;12.77;12.81;12.73;12.73;13.01;12.81;12.93;12.73;12.77;12.85;12.97;12.89;12.73;12.69;12.73;12.73;12.73;12.73;12.77;12.69;12.65;12.73;12.69;12.61;12.69;12.65;12.65;12.61;12.65;12.77;12.69;12.69;12.65;12.73;12.69;12.69;12.69;12.73;12.89;12.81;12.85;12.81;12.93;12.73;12.69;12.73;12.73;12.85;12.73;12.69;12.69;12.69;12.53;12.73;12.73;12.73;12.73;12.81;12.69;12.85;12.69;12.73;12.69;12.85;12.73;12.73;12.81;12.69;12.69;12.69;12.65;12.69;12.73;12.73;12.73;12.53;12.65;12.53;12.73;12.77;12.89;12.73;12.77;12.73;12.77;12.81;12.81;12.81;12.85;12.81;12.69;12.69;12.69;12.73;12.85;12.73;12.77;12.65;12.77;12.73;12.73;12.77;12.73;12.81;12.81;12.73;12.73;12.69;12.69;12.69;12.73;12.81;12.89;12.81;12.73;12.69;12.77;12.77;12.73;12.69;12.65;12.73;12.77;12.77;12.69;12.65;12.77;12.73;12.73;12.73;12.85;12.69;12.73;12.73;12.73;12.69;12.69;12.65;12.65;12.73;12.73;12.85;12.69;12.65;12.61;12.65;12.73;12.69;12.65;12.69;12.73;12.73;12.77;12.73;12.65;12.81;12.77;12.65;12.65;12.69;12.85;12.69;12.73;12.73;12.73;12.73;12.81;12.73;12.73;12.65;12.65;12.65;12.61;12.61;12.61;12.65;12.65;12.69;12.65;12.65;12.65;12.61;12.73;12.65;12.69;12.65;12.61
12.69;12.69;12.69;12.69;12.65;12.61;12.65;12.69;12.53;12.73;12.73;12.73;12.69;12.49;12.65;12.69;12.73;12.69;12.77;12.73;12.69;12.73;12.69;12.69;12.65;12.53;12.65;12.77;12.65;12.65;12.65;12.73;12.69;12.81;12.73;12.81;12.73;12.65;12.69;12.73;12.73;12.73;12.65;12.73;12.65;12.77;12.61;12.69;12.73;12.73;12.73;12.77;12.73;12.73;12.77;12.77;12.77;12.65;12.69;12.73;12.77;12.77;12.69;12.65;12.61;12.69;12.73;12.77;12.69;12.69;12.73;12.69;12.73;12.61;12.73;12.73;12.73;12.77;12.73;12.73;12.73;12.73;12.73;12.69;12.73;12.57;12.69;12.73;12.81;12.81;12.77;12.85;12.81;12.69;12.85;12.85;12.93;12.81;12.85;12.85;12.57;12.81;12.81;12.81;12.85;12.73;12.73;12.81;12.81;12.85;12.89;12.89;12.89;12.89;12.85;12.81;12.81;12.85;12.85;12.85;12.69;12.73;12.85;12.85;12.85;12.77;12.85;12.93;12.85;12.85;12.81;12.89;12.77;12.65;12.81;12.85;12.85;12.81;12.81;12.81;12.81;12.73;12.93;12.85;12.85;12.73;12.85;12.81;12.65;12.81;12.69;12.65;12.65;12.57;12.73;12.73;12.73;12.93;12.73;12.69;12.73;12.69;12.73;12.73;12.73;12.73;12.81;12.81;12.69;12.65;12.69;12.73;12.69;12.73;12.73;12.69;12.61;12.49;12.65;12.61;12.69;12.69;12.73;12.69;12.69;12.69;12.73;12.77;12.73;12.73;12.69;12.73;12.49;12.69;12.77;12.81;12.73;12.81;12.77;12.73;12.69;12.65;12.69;12.69;12.73;12.73;12.69;12.65;12.73;12.77;12.73;12.73;12.69;12.65;12.81;12.73;12.45;12.65;12.65;12.73;12.69;12.77;12.73;12.73;12.73;12.73;12.65;12.73;12.73;12.81;12.61;12.73;12.73;12.77;12.77;12.89;12.81;12.89;12.73;12.69;12.73;12.81;12.73;12.73;12.69;12.65;12.77;12.93;12.73;12.69;12.73;12.65;12.73;12.77;12.85;12.85;12.73;12.57;12.73;12.73;12.81;12.73;12.73;12.73;12.65;12.81;12.81;12.81;12.65;12.61;12.73;12.69;12.73;12.69;12.81;12.73;12.73;12.73;12.73;12.73;12.77;12.73;12.65;12.73;12.65;12.65;12.73;12.69;12.49;12.73;12.81;12.65;12.65;12.65;12.65;12.81;12.81;12.85;12.69;12.73;12.69;12.69;12.69;12.57;12.81;12.77;12.73;12.69;12.73;12.65;12.69;12.73;12.73;12.73;12.69;12.73;12.69;12.69;12.65;12.69;12.65;12.61;12.61;12.61;12.61;12.69;12.69;12.65;12.65;12.65;12.61;12.65;12.61;12.53;12.53;12.33
12.85;12.73;12.73;12.65;12.73;12.69;12.69;12.69;12.69;12.73;12.73;12.73;12.81;12.81;12.61;12.69;12.73;12.77;12.73;12.81;12.81;12.73;12.57;12.69;12.57;12.65;12.65;12.81;12.73;12.73;12.69;12.73;12.69;12.73;12.81;12.77;12.77;12.69;12.65;12.73;12.73;12.73;12.69;12.73;12.73;12.85;12.61;12.77;12.77;12.73;12.85;12.81;12.73;12.69;12.69;12.69;12.81;12.85;12.65;12.77;12.77;12.81;12.81;12.69;12.73;12.69;12.69;12.81;12.81;12.61;12.69;12.69;12.65;12.69;12.69;12.77;12.81;12.81;12.81;12.77;12.73;12.77;12.77;12.69;12.69;12.77;12.73;12.85;12.81;12.81;12.85;12.89;12.85;12.85;12.89;12.89;12.93;12.81;12.81;12.89;12.77;12.81;12.81;12.81;12.85;12.81;12.69;12.85;12.85;12.93;12.85;12.93;12.93;12.89;12.85;12.93;12.85;12.93;12.97;12.85;12.85;12.85;12.89;12.81;12.93;12.89;12.93;12.97;12.85;12.89;12.73;12.89;12.85;12.77;12.73;12.85;12.89;12.73;12.81;12.85;12.93;12.93;12.89;12.89;12.89;12.85;12.85;12.81;12.89;12.89;12.81;12.81;12.81;12.69;12.73;12.89;12.69;12.85;12.69;12.69;12.85;12.89;12.77;12.85;12.73;12.77;12.89;12.89;12.81;12.69;12.77;12.69;12.77;12.73;12.73;12.73;12.69;12.65;12.73;12.73;12.77;12.73;12.73;12.69;12.69;12.69;12.73;12.81;12.81;12.81;12.89;12.81;12.73;12.69;12.73;12.81;12.69;12.81;12.89;12.73;12.69;12.69;12.73;12.93;12.65;12.65;12.69;12.73;12.81;12.85;12.73;12.73;12.81;12.73;12.81;12.77;12.69;12.85;12.69;12.65;12.73;12.81;12.73;12.73;12.85;12.77;12.77;12.73;12.73;12.85;12.61;12.73;12.77;12.73;12.77;12.89;12.89;12.81;12.73;12.85;12.73;12.85;12.85;12.69;12.73;12.81;12.77;12.69;12.69;12.81;12.85;12.81;12.77;12.89;12.85;12.73;12.81;12.73;12.77;12.73;12.77;12.81;12.65;12.69;12.73;12.81;12.85;12.81;12.77;12.73;12.81;12.77;12.73;12.69;12.81;12.81;12.73;12.81;12.73;12.77;12.73;12.73;12.89;12.81;12.73;12.73;12.81;12.73;12.73;12.89;12.85;12.69;12.69;12.69;12.89;12.77;12.73;12.73;12.69;12.81;12.69;12.73;12.65;12.61;12.73;12.81;12.77;12.73;12.73;12.81;12.81;12.73;12.85;12.73;12.61;12.69;12.69;12.69;12.81;12.77;12.69;12.49;12.65;12.85;12.65;12.69;12.69;12.73;12.69;12.65;12.73;12.69;12.77;12.69;12.53;12.69
12.77;12.77;12.77;12.81;12.81;12.73;12.69;12.77;12.73;12.73;12.73;12.81;12.69;12.69;12.69;12.77;12.69;12.77;12.81;12.73;12.73;12.73;12.77;12.69;12.81;12.81;12.69;12.73;12.73;12.73;12.73;12.73;12.73;12.77;12.73;12.81;12.73;12.73;12.61;12.61;13.01;12.69;12.69;12.77;12.81;12.93;12.73;12.85;12.89;12.81;12.81;12.89;12.73;12.65;13.05;12.73;12.81;12.81;12.81;12.73;12.81;12.81;12.81;12.85;12.69;12.73;12.73;12.73;12.85;12.69;12.69;12.77;12.85;12.69;12.69;12.77;12.73;12.81;12.81;12.81;12.73;12.73;12.81;12.73;12.93;12.81;12.93;12.85;12.85;12.81;12.85;12.81;13.01;12.85;12.85;12.81;12.97;12.89;12.77;12.81;12.81;12.85;12.89;12.93;12.81;12.85;12.77;12.93;13.01;12.93;12.81;13.01;12.97;12.85;12.93;12.85;12.93;13.05;12.93;13.01;12.89;12.89;12.89;12.81;13.01;12.97;12.93;12.93;12.93;12.89;13.01;12.85;12.81;12.85;12.85;12.89;12.89;12.85;12.77;12.89;12.81;12.89;12.89;12.89;12.89;12.85;12.85;12.85;12.85;12.85;12.89;12.81;12.81;12.85;12.81;12.81;12.89;12.81;12.73;12.81;12.93;12.85;12.77;12.85;13.01;12.85;12.85;12.77;12.73;12.81;12.77;12.81;12.81;12.73;12.73;12.81;12.69;12.73;12.89;12.81;12.81;12.77;12.81;12.57;12.73;12.73;12.81;12.73;12.89;12.85;12.97;12.81;12.81;12.81;12.77;12.89;12.89;12.85;12.81;12.77;12.77;12.77;12.81;12.77;12.73;12.53;12.73;12.73;12.85;12.85;12.81;12.85;12.85;12.85;12.77;12.77;12.77;12.65;12.77;12.69;12.69;12.85;12.81;12.85;12.85;12.81;12.77;12.73;12.73;12.69;12.77;12.77;12.85;12.73;12.77;12.85;12.81;12.85;12.81;12.85;12.85;12.85;12.85;12.73;12.85;12.81;12.81;12.77;12.73;12.81;12.65;12.73;12.81;12.89;12.73;12.65;12.81;12.81;12.81;12.77;12.85;12.85;12.85;13.05;12.81;12.81;12.85;12.85;12.85;12.85;12.81;12.81;12.81;12.69;12.85;12.73;12.73;12.85;12.81;12.69;12.73;12.77;12.81;12.81;12.81;12.73;12.85;12.73;12.77;12.85;12.81;12.81;12.81;12.77;12.73;12.69;12.69;12.73;12.81;12.69;12.81;12.93;12.69;12.73;12.77;12.77;12.69;12.77;12.81;12.81;12.73;12.61;12.73;12.73;12.73;12.73;12.69;12.73;12.69;12.73;12.65;12.61;12.69;12.73;12.69;12.73;12.69;12.69;12.81;12.73;12.65;12.73;12.57;12.81;12.69;12.69
12.69;12.53;12.73;12.81;12.73;12.73;12.73;12.73;12.69;12.73;12.73;12.85;12.73;12.73;12.73;12.81;12.69;12.77;12.69;12.65;12.73;12.81;12.81;12.81;12.77;12.77;12.73;12.73;12.73;12.77;12.69;12.77;12.77;12.69;12.81;12.73;12.77;12.73;12.73;12.65;12.89;12.73;12.77;12.85;12.85;12.85;12.81;12.85;12.81;12.77;12.81;12.85;12.85;12.81;12.81;12.73;12.81;12.81;12.97;12.73;12.81;12.73;12.85;12.81;12.73;12.73;12.93;12.73;12.73;12.85;12.73;12.81;12.77;12.73;12.69;12.73;12.73;12.77;12.85;12.77;12.73;12.73;12.81;12.85;12.77;12.81;12.77;12.81;12.85;12.85;12.85;12.89;12.89;12.85;12.85;12.73;12.73;12.69;12.81;12.81;12.73;12.85;12.81;12.89;12.73;12.77;12.73;12.73;12.89;12.89;12.69;12.81;12.85;12.89;12.89;12.89;12.89;12.93;12.89;12.77;12.89;12.89;12.93;12.97;13.01;12.97;12.97;12.93;13.01;13.09;12.73;12.85;12.89;12.85;12.89;12.89;12.93;12.93;12.89;12.81;12.89;12.89;12.93;12.97;12.89;12.89;13.05;12.85;12.73;12.81;12.89;12.77;12.81;12.81;12.69;12.81;12.81;12.85;12.81;12.85;12.85;12.81;12.73;12.85;12.73;12.81;12.85;12.73;12.85;12.85;12.81;12.81;12.85;12.69;12.73;12.73;12.77;12.73;12.85;12.81;12.81;12.77;12.77;12.73;12.73;12.73;12.73;12.89;12.81;12.89;12.81;12.81;12.77;12.73;12.77;12.85;12.85;12.85;12.81;12.77;12.77;12.81;12.73;12.77;12.73;12.73;12.69;12.73;12.81;12.77;12.77;12.93;12.81;12.81;12.77;12.81;12.73;12.81;12.81;12.77;12.77;12.81;12.93;12.93;12.73;12.77;12.81;12.81;12.73;12.77;12.73;12.85;12.69;12.77;12.77;12.81;12.85;12.81;12.85;12.85;12.85;12.85;12.89;12.77;12.81;12.77;12.81;12.81;12.61;12.73;12.65;12.77;12.85;12.97;12.77;12.69;12.77;12.85;12.89;12.81;12.73;12.77;12.85;12.81;12.81;12.81;12.81;12.85;12.85;12.85;12.85;12.85;12.81;12.89;12.85;12.69;12.85;12.85;12.81;12.65;12.77;12.77;13.01;12.81;12.81;12.81;12.93;12.85;13.05;12.65;12.73;12.73;12.61;12.81;12.73;12.73;12.69;12.89;12.81;12.81;12.81;12.85;12.77;12.73;12.77;12.77;12.77;12.77;12.89;12.73;12.73;12.73;12.73;12.65;12.73;12.73;12.81;12.73;12.69;12.69;12.69;12.53;12.73;12.69;12.73;12.69;12.69;12.69;12.77;12.77;12.69;12.69;12.65;12.69;12.73;12.73
12.65;12.65;12.69;12.69;12.73;12.73;12.69;12.69;12.73;12.69;12.69;12.77;12.73;12.73;12.73;12.73;12.69;12.65;12.65;12.85;12.69;12.73;12.69;12.69;12.81;12.81;12.73;12.73;12.77;12.73;12.69;12.77;12.69;12.69;12.81;12.73;12.69;12.81;12.65;12.65;12.73;12.77;12.73;12.85;12.73;12.73;12.77;12.77;12.77;12.73;12.81;12.81;12.85;12.81;12.73;12.77;12.81;12.77;12.81;12.69;12.73;12.81;12.85;12.81;12.77;12.81;12.85;12.73;12.73;12.85;12.81;12.81;12.77;12.73;12.57;12.73;12.73;12.69;12.73;12.73;12.65;12.81;12.77;12.81;12.73;12.77;12.69;12.77;12.85;12.89;13.01;12.85;12.85;12.77;12.89;12.81;12.69;12.73;12.77;12.81;12.85;12.93;12.85;12.69;12.73;12.73;12.73;12.85;12.93;12.89;12.73;12.81;13.09;12.89;12.85;12.85;12.85;12.89;12.85;12.85;12.85;12.93;13.01;12.93;12.93;13.01;12.85;12.85;12.85;13.01;12.81;12.85;12.89;12.89;12.81;12.85;12.89;12.93;12.89;12.85;12.85;12.85;12.93;12.89;12.93;12.85;12.81;12.77;12.81;12.69;12.81;12.81;12.81;12.81;12.77;12.73;12.77;12.81;12.73;12.85;12.85;12.73;12.81;12.73;12.89;12.81;12.85;12.89;12.81;12.81;12.81;12.77;12.65;12.69;12.73;12.73;12.69;12.73;12.77;12.85;12.73;12.73;12.73;12.73;12.69;12.73;12.89;13.01;12.65;12.81;12.81;12.73;12.73;12.77;12.73;12.69;12.81;12.77;12.81;12.65;12.89;12.85;12.89;12.77;12.73;12.65;12.93;12.73;12.73;12.81;12.73;12.81;12.81;12.77;12.85;13.01;12.73;12.77;12.81;12.77;12.77;12.73;12.81;12.81;12.73;12.73;12.85;12.77;12.73;12.77;12.73;12.81;12.93;12.73;12.77;12.77;12.73;12.81;12.81;12.73;12.93;12.85;12.73;12.85;12.85;12.81;12.81;12.81;12.73;12.77;12.73;12.65;12.57;12.77;12.73;12.77;12.77;12.81;12.85;12.81;12.89;12.85;12.81;12.73;12.85;12.77;12.81;12.81;12.81;12.81;12.85;12.85;12.81;12.85;12.81;12.81;12.73;12.85;12.69;12.69;12.73;12.81;12.73;12.81;12.77;12.73;12.81;12.81;12.81;12.81;12.69;12.73;12.65;12.57;12.61;12.69;12.73;12.73;12.73;12.77;12.81;12.81;12.73;12.77;12.81;12.77;12.85;12.81;12.81;12.77;12.73;12.77;12.69;12.69;12.69;12.81;12.73;12.89;12.65;12.77;12.73;12.73;12.61;12.81;12.81;12.65;12.65;12.73;12.73;12.81;12.69;12.77;12.53;12.65;12.69;12.65
12.65;12.69;12.65;12.65;12.73;12.69;12.69;12.69;12.65;12.69;12.65;12.69;12.77;12.73;12.61;12.65;12.73;12.61;12.69;12.69;12.73;12.65;12.69;12.53;12.77;12.69;12.65;12.73;12.69;12.73;12.77;12.69;12.69;12.69;12.73;12.73;12.69;12.53;12.65;12.73;12.81;12.73;12.69;12.65;12.65;12.81;12.85;12.65;12.73;12.73;12.85;12.81;12.81;12.77;12.61;12.69;12.69;12.73;12.73;12.49;12.73;12.73;12.69;12.73;12.65;12.53;12.73;12.69;12.73;12.73;12.73;12.81;12.77;12.69;12.73;12.69;12.81;12.81;12.81;12.65;12.77;12.77;12.77;12.77;12.73;12.77;12.73;12.73;12.77;12.85;12.77;12.85;12.77;12.65;12.81;12.65;12.81;12.73;12.89;12.97;12.81;12.85;12.85;12.81;12.69;12.73;12.73;12.81;12.69;12.81;12.77;12.69;12.89;12.73;12.85;12.89;12.85;12.93;12.89;12.85;12.89;12.81;12.93;12.85;12.89;12.93;12.85;12.81;12.81;12.81;12.81;12.77;12.89;12.77;12.77;12.69;12.81;12.77;12.81;12.85;12.81;12.81;12.81;12.89;12.89;12.89;12.81;12.73;12.81;12.81;12.73;12.69;12.73;12.73;12.73;12.73;12.77;12.81;12.81;12.81;12.65;12.73;12.81;12.85;12.81;12.85;12.89;12.73;12.73;12.61;12.81;12.73;12.73;12.65;12.69;12.77;12.81;12.61;12.77;12.65;12.73;12.69;12.73;12.81;12.73;12.69;12.65;12.81;12.81;12.77;12.85;12.81;12.81;12.77;12.69;12.73;12.57;12.69;12.73;12.69;12.69;12.81;12.81;12.77;12.77;12.57;12.69;12.77;12.69;12.65;12.77;12.81;12.85;12.89;12.81;12.81;12.69;12.65;12.81;12.73;12.73;12.65;12.73;12.69;12.69;12.61;12.65;12.77;12.53;12.73;12.73;12.77;12.69;12.81;12.73;12.85;12.85;12.73;12.77;12.65;12.85;12.77;12.73;12.73;12.77;12.73;12.81;12.81;12.77;12.81;12.73;12.73;12.77;12.61;12.53;12.65;12.73;12.73;12.81;12.81;12.85;12.81;12.81;12.81;12.77;12.73;12.73;12.81;12.73;12.69;12.73;12.81;12.81;12.81;12.81;12.73;12.77;12.85;12.61;12.69;12.69;12.73;12.81;12.69;12.69;12.69;12.77;12.73;12.73;12.73;12.69;12.69;12.69;12.61;12.61;12.73;12.69;12.69;12.73;12.73;12.77;12.65;12.65;12.69;12.73;12.77;12.69;12.81;12.77;12.81;12.81;12.73;12.85;12.73;12.53;12.77;12.73;12.73;12.81;12.65;12.73;12.69;12.69;12.73;12.73;12.73;12.69;12.73;12.81;12.77;12.69;12.73;12.45;12.65;12.45;12.65
12.69;12.65;12.69;12.73;12.73;12.61;12.65;12.81;12.69;12.69;12.69;12.69;12.81;12.73;12.69;12.85;12.81;12.73;12.61;12.69;12.61;12.69;12.53;12.69;12.69;12.73;12.69;12.73;12.69;12.73;12.73;12.69;12.73;12.69;12.69;12.73;12.69;12.73;12.69;12.65;12.73;12.73;12.77;12.85;12.73;12.77;12.81;12.85;12.81;12.73;12.81;12.81;12.85;12.89;12.73;12.73;12.73;12.73;12.73;12.73;12.69;12.69;12.81;12.65;12.57;12.65;12.65;12.73;12.73;12.73;12.73;12.81;12.73;12.65;12.73;12.81;12.81;12.85;12.81;12.81;12.69;12.81;12.77;12.77;12.73;12.81;12.73;12.73;12.73;12.77;12.81;12.85;12.73;12.81;12.81;12.69;12.73;12.93;12.89;12.85;12.77;12.81;12.81;12.81;12.77;12.85;12.77;12.81;12.73;12.85;12.81;12.81;12.85;12.81;12.93;12.89;12.85;12.81;12.89;12.81;12.89;12.89;13.01;12.89;13.09;12.85;12.97;12.81;12.85;12.85;13.01;12.93;12.93;12.77;12.89;12.85;12.93;12.85;12.85;12.85;12.73;12.89;12.85;12.89;12.93;12.93;12.81;12.85;12.81;12.89;12.77;12.85;12.85;12.85;12.73;12.69;12.81;12.85;12.85;12.81;12.81;12.77;12.81;12.85;12.81;12.85;12.97;12.73;12.81;12.85;12.81;12.69;12.69;12.69;12.73;12.81;12.69;12.81;12.93;12.81;12.89;12.81;12.81;12.85;12.73;12.69;12.77;12.81;12.81;12.85;12.81;12.85;12.89;12.69;12.73;12.73;12.73;12.77;12.85;12.69;12.73;12.73;12.61;12.77;12.85;12.69;12.65;12.73;12.73;12.81;12.61;12.81;12.81;12.85;12.81;12.81;12.65;12.73;12.61;12.81;12.93;12.77;12.73;12.77;12.69;12.69;12.65;12.69;12.81;12.81;12.65;12.69;12.65;12.85;12.69;12.89;12.65;12.69;12.77;12.85;12.85;12.73;12.73;12.81;12.81;12.89;12.81;12.85;12.85;12.85;12.77;12.81;12.93;12.81;12.81;12.69;12.69;12.77;12.81;12.81;12.73;12.81;12.81;12.89;12.61;12.65;12.73;12.81;12.81;12.77;12.77;12.73;12.81;12.77;12.65;12.81;12.85;12.69;12.89;12.77;12.73;12.81;12.89;12.73;12.69;12.69;12.69;12.69;12.77;12.73;12.73;12.73;12.73;12.69;12.77;12.69;12.73;12.73;12.77;12.89;12.69;12.85;12.69;12.73;12.77;12.85;12.69;12.89;12.65;12.81;12.89;12.81;12.73;12.73;12.81;12.81;12.81;12.81;12.81;13.01;12.69;12.53;12.81;12.69;12.89;12.81;12.73;12.73;12.89;12.77;12.73;12.61;12.61;12.53;12.61;12.69
12.69;12.65;12.73;12.73;12.73;12.69;12.69;12.73;12.69;12.77;12.73;12.81;12.85;12.81;12.85;12.85;12.89;12.77;12.69;12.81;12.81;12.73;12.65;12.61;12.65;12.73;12.73;12.81;12.61;12.73;12.69;12.73;12.73;12.69;12.81;12.81;12.69;12.73;12.85;12.69;12.73;12.69;12.81;12.77;12.81;12.77;12.81;12.85;12.97;12.89;12.73;12.81;12.89;12.89;12.77;12.77;12.77;12.81;12.81;12.81;12.65;12.73;12.85;12.65;12.73;12.69;12.77;12.77;12.69;12.73;12.77;12.77;12.77;12.77;12.73;12.81;12.73;12.85;12.73;12.81;12.81;12.77;12.77;12.73;12.73;12.81;12.73;12.77;12.65;12.85;12.85;12.81;12.85;12.81;12.89;12.81;12.89;12.89;12.93;12.97;12.85;12.89;12.81;12.85;12.85;12.89;12.85;12.89;12.85;12.89;12.89;12.85;13.01;13.05;12.89;12.93;12.89;13.05;13.05;13.01;12.97;12.93;13.01;13.01;13.01;13.13;13.05;12.97;12.89;12.93;12.77;12.93;12.93;12.89;12.85;12.93;12.93;12.85;12.89;12.93;12.89;12.93;13.13;12.93;12.93;12.93;12.93;12.89;12.89;12.89;12.85;12.85;12.85;12.81;12.81;12.77;12.77;12.93;12.89;12.93;12.85;12.85;12.85;12.89;12.81;12.89;12.85;12.69;12.81;12.81;13.05;12.81;12.69;12.69;12.73;12.81;12.81;12.81;12.85;12.85;12.77;12.89;12.89;12.85;12.81;12.81;12.81;12.85;12.81;12.81;12.81;12.85;13.01;12.85;12.77;12.81;12.85;12.73;12.85;12.73;12.89;12.81;12.77;12.81;12.81;12.81;12.73;12.73;12.81;12.73;12.73;12.85;12.97;12.89;12.85;12.81;12.73;12.69;12.73;12.65;12.89;12.73;12.77;12.81;12.73;12.53;12.73;12.81;12.73;12.81;12.69;12.93;12.77;12.81;12.73;12.81;12.85;12.69;12.85;12.93;12.81;12.85;12.81;12.85;12.85;12.81;12.85;12.93;12.85;12.85;12.81;12.81;12.89;12.85;12.77;12.85;12.81;12.77;12.77;12.81;12.81;12.73;12.73;12.73;12.73;12.77;12.81;12.85;13.01;12.81;12.65;12.77;12.77;12.85;12.73;12.81;12.81;12.77;12.73;12.73;12.81;12.69;12.85;12.85;12.73;12.77;12.77;12.65;12.81;12.77;12.73;12.73;12.65;12.73;12.93;12.89;12.89;12.81;12.77;12.77;12.89;13.01;12.73;12.69;12.81;12.77;12.77;12.77;12.85;12.97;13.01;12.85;12.81;12.73;12.81;12.81;12.81;12.81;12.81;12.81;12.73;12.81;12.81;12.77;12.85;12.85;12.89;12.85;12.81;12.85;12.69;12.77;12.89;12.65;12.69;12.69
12.65;12.65;12.73;12.77;12.77;12.73;12.73;12.57;12.77;12.73;12.77;12.73;12.81;12.81;12.77;12.65;12.77;12.89;12.81;12.65;12.69;12.69;12.69;12.73;12.73;12.73;12.73;12.69;12.61;12.69;12.73;12.73;12.73;12.73;12.73;12.77;12.81;12.65;12.73;12.69;12.73;12.73;12.89;12.81;12.81;12.89;12.53;12.85;12.81;12.77;12.81;12.89;12.89;12.69;12.81;12.81;12.81;12.77;12.81;12.81;12.85;12.77;12.81;12.73;12.69;12.73;12.81;12.85;12.65;12.69;12.73;12.81;12.73;12.77;12.81;12.81;12.73;12.73;12.73;12.81;12.81;12.81;12.73;12.81;12.81;12.81;12.77;12.77;12.81;12.93;12.85;12.81;12.81;12.85;12.89;12.89;12.85;12.89;12.73;12.85;12.77;12.89;12.85;12.85;12.89;12.93;12.93;13.01;12.89;12.89;13.01;12.93;12.97;13.01;12.77;12.93;12.81;13.09;13.09;12.89;12.93;13.01;13.01;12.97;13.01;12.85;12.93;12.93;12.89;13.05;12.93;12.97;12.73;12.85;12.89;12.89;12.97;12.85;12.89;12.85;12.93;13.01;13.01;12.89;12.89;12.93;12.93;12.93;12.81;12.89;12.85;12.85;12.85;12.73;12.81;12.73;12.81;12.89;12.77;12.89;12.85;12.77;12.93;12.89;12.89;12.81;12.77;12.73;12.81;12.77;12.81;12.81;12.81;12.73;12.69;12.73;12.81;12.85;12.85;12.81;12.81;12.85;12.89;12.81;12.81;12.81;12.89;12.85;12.85;12.77;12.85;12.73;12.89;12.77;12.81;12.89;12.81;12.85;12.81;12.85;12.85;12.77;12.81;12.81;12.81;12.65;12.77;12.73;12.81;12.81;12.81;12.77;12.89;12.89;12.89;12.85;12.85;12.73;12.73;12.61;12.73;12.73;12.77;12.81;12.81;12.81;12.73;12.81;12.85;12.69;12.77;12.81;12.81;12.81;12.81;12.85;12.85;12.93;12.73;12.85;12.77;12.93;12.81;12.89;12.89;12.85;12.73;12.77;12.85;12.89;12.73;12.77;12.81;12.85;12.77;12.81;12.81;12.69;12.65;12.85;12.89;12.85;12.69;12.81;12.81;12.81;12.69;12.81;12.97;12.69;12.81;12.77;12.73;12.73;12.73;12.81;12.77;12.81;12.77;12.77;12.73;12.77;12.85;12.85;12.77;12.73;12.81;12.81;12.77;12.65;12.73;12.73;12.73;12.85;12.93;12.85;12.85;12.69;12.73;12.85;12.89;12.85;12.73;12.69;12.85;12.89;12.81;12.81;12.93;12.85;12.85;12.81;12.81;12.85;12.73;12.81;12.73;12.81;12.77;12.77;12.85;12.77;12.77;12.81;12.77;12.89;12.65;12.81;12.85;12.81;12.81;12.73;12.85;12.85;12.73;12.73
12.65;12.65;12.69;12.73;12.73;12.73;12.73;12.73;12.85;12.65;12.69;12.65;12.81;12.77;12.81;12.73;12.77;12.69;12.69;12.69;12.69;12.73;12.89;12.73;12.73;12.77;12.69;12.73;12.73;12.69;12.73;12.73;12.69;12.77;12.65;12.81;12.81;12.89;12.81;12.73;12.73;12.81;12.73;12.73;12.73;12.77;12.73;12.85;12.73;12.73;12.81;12.81;12.89;12.77;12.81;12.81;12.81;12.93;12.77;12.73;12.69;12.81;12.73;12.73;12.65;12.89;12.81;12.81;12.73;12.73;12.73;12.69;12.61;12.73;12.77;12.81;12.77;12.77;12.81;12.81;12.69;12.69;12.73;12.77;12.89;12.77;12.89;12.89;12.81;12.89;12.85;12.77;12.81;12.73;12.89;12.85;12.85;12.69;12.85;12.89;12.85;12.97;12.85;12.93;12.81;12.93;12.93;12.93;12.89;12.97;12.97;12.93;12.89;12.89;12.89;12.97;12.89;13.01;12.89;12.89;12.93;13.09;13.01;12.93;12.93;12.93;12.93;12.97;12.85;13.01;12.97;12.89;12.89;12.85;12.85;12.85;12.89;12.89;12.85;12.89;12.89;12.89;12.93;12.81;12.89;12.89;12.93;12.85;12.73;12.77;12.77;12.73;12.81;12.85;12.89;12.85;12.81;12.85;13.05;12.85;12.85;12.85;12.77;13.05;12.85;12.97;12.81;12.73;12.69;12.77;12.81;12.81;12.81;12.85;12.81;12.73;12.73;12.73;12.85;12.81;12.81;12.69;12.81;12.77;12.77;12.85;12.81;12.89;12.85;12.81;12.85;12.81;12.73;12.85;12.81;12.85;12.81;12.85;12.85;12.85;12.85;12.93;12.81;12.81;12.81;12.77;12.77;12.73;12.81;12.85;12.81;12.81;12.85;12.81;12.85;12.81;12.81;12.73;12.73;12.73;12.81;12.73;12.73;12.81;12.81;12.73;12.69;12.81;12.81;12.81;12.77;12.81;12.85;12.81;12.77;12.89;12.85;12.85;12.81;12.85;12.89;12.81;12.81;12.81;12.81;12.85;12.73;12.85;12.73;12.73;12.61;12.73;12.77;12.73;12.81;12.89;12.85;12.93;12.77;12.81;12.85;12.85;12.85;12.81;12.89;12.81;12.77;12.85;12.81;12.73;12.69;12.81;12.85;12.69;12.77;12.77;12.81;12.81;12.77;12.81;12.73;12.73;12.85;12.81;12.81;12.81;12.89;12.77;12.77;12.81;12.77;12.77;12.77;12.85;12.73;12.93;12.69;12.69;12.73;12.89;12.93;12.85;12.61;12.57;12.69;12.77;12.89;13.05;12.81;12.81;12.81;12.81;12.73;12.81;12.89;12.81;12.81;12.93;12.65;12.81;12.85;12.77;12.73;12.73;12.85;12.81;12.81;12.73;12.85;12.85;12.89;12.81;12.77;12.73;12.69;12.73
12.65;12.69;12.77;12.65;12.69;12.89;12.69;12.73;12.69;12.69;12.49;12.69;12.81;12.73;12.69;12.73;12.69;12.69;12.69;12.73;12.77;12.81;12.73;12.65;12.69;12.65;12.73;12.85;12.73;12.69;12.53;12.65;12.81;12.73;12.69;12.69;12.65;12.81;12.81;12.77;12.73;12.73;12.69;12.61;12.73;12.81;12.73;12.65;12.69;12.85;12.85;12.77;12.77;12.69;12.85;12.77;12.77;12.69;12.69;12.61;12.73;12.65;12.69;12.69;12.53;12.77;12.77;12.81;12.65;12.73;12.61;12.69;12.69;12.69;12.73;12.73;12.85;12.65;12.53;12.81;12.81;12.77;12.73;12.73;12.77;12.69;12.73;12.93;12.81;12.77;12.73;12.69;12.69;12.69;12.77;12.73;12.77;12.69;12.69;12.85;12.85;12.85;12.69;12.81;12.85;12.81;12.81;12.89;13.09;12.93;12.89;12.89;12.85;12.85;12.97;12.89;12.93;12.93;12.97;12.97;12.93;12.93;12.93;12.85;13.01;12.97;12.85;12.89;12.69;12.97;13.09;12.89;12.85;12.81;12.81;12.85;12.73;12.93;12.85;12.77;12.89;12.89;12.93;12.89;12.89;12.85;12.81;12.85;12.85;12.81;12.81;12.85;12.85;12.81;12.93;12.81;12.73;12.85;12.69;12.89;12.73;12.85;12.93;12.85;12.89;12.85;12.77;12.77;12.81;12.73;12.73;12.77;12.81;12.69;12.57;12.69;12.65;12.65;12.81;12.89;12.97;12.73;12.81;12.69;12.85;12.61;12.73;12.77;12.77;12.81;12.81;13.05;12.73;12.81;12.69;12.61;12.81;12.81;12.85;12.85;12.81;12.73;12.81;12.81;12.81;12.73;12.85;12.81;12.77;12.85;12.73;12.73;12.85;12.73;12.73;12.81;12.73;12.69;12.69;12.73;12.77;12.77;12.77;12.73;12.77;12.85;12.73;12.73;12.61;12.85;12.69;12.81;12.81;12.81;12.69;12.69;12.85;12.85;12.81;12.85;12.89;12.81;12.85;12.73;12.73;12.69;12.81;12.65;12.89;12.73;12.69;12.69;12.77;12.81;12.85;12.81;12.73;12.81;12.85;12.65;12.85;12.85;12.73;12.81;12.81;12.81;12.81;12.73;12.69;12.73;12.73;12.77;12.69;12.69;12.81;12.73;12.81;12.81;12.81;12.61;12.77;12.81;12.81;12.81;12.73;12.81;12.81;12.81;12.73;12.81;12.77;12.77;12.73;12.73;12.89;12.65;12.69;12.65;12.85;12.69;12.73;12.65;12.77;12.57;12.65;12.77;12.73;12.85;12.69;12.81;12.73;12.69;12.73;12.77;12.61;12.77;12.69;12.65;12.81;12.81;12.93;12.65;12.73;12.81;12.61;12.77;12.81;12.73;12.73;12.73;12.73;12.73;12.85;12.61;12.53;12.69
12.65;12.65;12.69;12.61;12.65;12.65;12.65;12.69;12.69;12.69;12.69;12.69;12.77;12.77;12.81;12.73;12.69;12.69;12.73;12.73;12.73;12.73;12.61;12.69;12.57;12.69;12.69;12.77;12.77;12.61;12.65;12.77;12.73;12.73;12.69;12.69;12.61;12.77;12.65;12.69;12.69;12.69;12.69;12.73;12.81;12.73;12.81;12.69;12.85;12.77;12.81;12.81;12.77;12.73;12.89;12.81;12.69;12.61;12.69;12.73;12.73;12.77;12.77;12.65;12.69;12.73;12.81;12.81;12.61;12.73;12.81;12.77;12.73;12.69;12.89;12.73;12.81;12.73;12.73;12.65;12.69;12.81;12.73;12.53;12.81;12.65;12.69;12.69;12.89;12.81;12.77;12.65;12.81;12.85;12.69;12.69;12.81;12.77;12.81;12.81;12.81;12.85;12.73;12.85;12.85;12.85;12.89;12.85;12.77;12.89;12.93;12.93;12.73;13.09;12.73;12.93;12.89;12.97;12.93;12.93;12.93;12.93;12.93;12.93;13.01;12.97;12.89;12.89;12.85;13.05;12.89;13.01;12.93;12.85;12.89;12.89;12.93;12.85;12.89;12.89;12.93;12.89;12.93;12.93;12.93;13.05;12.93;12.97;12.81;12.85;12.81;12.81;12.73;12.73;12.85;12.81;12.69;12.81;12.69;12.81;12.89;12.97;13.05;12.81;12.93;12.77;12.81;12.81;12.85;12.85;12.85;12.81;12.81;12.73;12.65;12.69;12.81;12.65;12.81;12.73;12.77;12.65;12.81;12.73;12.77;12.65;12.69;12.89;12.77;12.69;12.81;12.81;12.73;12.81;12.77;12.85;12.81;12.77;12.77;12.81;12.85;12.73;12.69;12.73;12.77;12.73;12.73;12.77;12.81;12.65;12.77;12.77;12.73;12.81;12.85;12.69;12.77;12.73;12.73;12.73;12.73;12.73;12.73;12.69;12.65;12.81;12.81;12.73;12.69;12.69;12.73;12.77;12.73;12.69;12.69;12.85;12.77;12.81;12.81;12.81;12.77;12.65;12.77;12.81;12.81;12.81;12.61;12.81;12.73;12.69;12.69;12.73;12.77;12.73;12.77;12.81;12.77;12.73;12.81;12.65;12.89;12.81;12.81;12.69;12.85;12.81;12.81;12.77;12.73;12.73;12.73;12.73;12.69;12.53;12.77;12.81;12.65;12.81;12.77;12.73;12.81;12.77;12.81;12.81;12.81;12.85;12.81;12.69;12.73;12.81;12.77;12.73;12.69;12.77;13.01;12.77;12.81;12.85;12.81;12.73;12.73;12.85;12.73;12.65;12.65;12.81;12.85;12.85;12.85;12.77;12.89;12.85;12.81;12.81;12.73;12.73;12.93;12.81;12.77;12.73;12.81;12.69;12.73;12.85;12.85;12.85;12.81;12.81;12.77;12.77;12.81;12.73;12.73;12.65;12.61;12.69
12.65;12.65;12.69;12.61;12.69;12.57;12.65;12.73;12.69;12.65;12.69;12.65;12.89;12.73;12.73;12.73;12.73;12.69;12.73;12.73;12.73;12.65;12.57;12.73;12.73;12.73;12.73;12.77;12.73;12.73;12.77;12.65;12.85;12.73;12.73;12.65;12.65;12.65;12.53;12.73;12.81;12.65;12.73;12.77;12.73;12.81;12.81;12.85;12.85;12.81;12.81;12.81;12.81;12.65;12.85;12.73;12.77;12.73;12.69;12.61;12.73;12.85;12.81;12.81;12.73;12.69;12.65;12.81;12.81;12.69;12.89;12.73;12.73;12.73;12.73;12.85;12.65;12.61;12.69;12.69;12.65;12.77;12.73;12.73;12.89;12.81;12.77;12.85;12.81;13.01;12.85;12.65;12.81;12.81;12.77;12.81;12.73;12.81;12.81;12.85;12.89;12.81;12.73;12.89;12.85;12.81;12.85;12.93;12.93;12.89;12.89;12.89;13.05;12.97;12.93;12.85;12.89;13.01;12.85;12.89;12.81;12.93;12.93;12.93;13.01;12.97;12.89;12.93;12.69;12.93;12.97;12.93;13.17;12.97;12.85;12.93;12.85;12.85;12.81;12.89;12.93;12.93;12.97;12.93;12.97;12.89;12.93;12.77;12.81;12.77;12.77;12.73;12.69;12.81;12.69;12.65;12.81;12.85;13.01;12.77;12.85;12.81;12.81;12.93;12.93;12.85;12.85;12.81;12.85;12.81;12.85;12.81;12.81;12.81;12.77;12.73;12.73;12.69;12.81;12.77;12.73;12.69;12.81;12.81;12.81;12.81;12.77;12.65;12.85;12.85;12.81;12.77;12.77;12.81;12.69;12.85;12.89;12.77;12.69;12.81;12.81;12.69;12.73;12.69;12.85;12.81;12.81;12.81;12.77;13.01;12.77;12.69;12.85;12.85;12.89;12.81;12.69;12.73;12.73;12.65;12.81;12.73;12.73;12.69;12.69;12.65;12.73;12.73;12.73;12.73;12.77;12.77;12.77;12.69;12.65;12.77;12.85;12.77;12.69;12.73;12.85;12.69;12.85;12.81;12.77;12.81;12.77;12.73;12.69;12.73;12.69;12.69;12.69;12.77;12.53;12.77;12.65;12.65;12.73;12.81;12.73;12.73;12.69;12.77;12.81;12.81;12.77;12.65;12.85;12.81;12.81;12.81;12.77;12.85;12.77;12.73;12.85;12.81;12.73;12.73;12.73;12.73;12.81;12.65;12.81;12.81;12.81;12.81;12.69;12.77;12.73;12.77;12.81;12.61;12.81;12.81;12.85;12.85;12.81;12.77;12.77;12.77;12.81;12.69;12.73;12.85;12.69;12.81;12.81;12.89;12.81;12.81;12.85;12.85;12.73;12.81;12.77;12.77;12.81;12.73;12.73;12.77;12.81;12.65;12.85;12.85;12.85;12.81;12.81;12.81;12.81;12.93;12.81;12.81;12.69;12.85
12.69;12.69;12.65;12.65;12.69;12.69;12.65;12.81;12.85;12.69;12.65;12.85;12.73;12.73;12.73;12.73;12.73;12.73;12.73;12.73;12.81;12.73;12.73;12.77;12.81;12.73;12.69;12.77;12.77;12.81;12.89;12.81;12.81;12.81;12.73;12.81;12.65;12.81;12.77;12.69;12.73;12.65;12.69;12.77;12.93;12.73;12.81;12.89;12.73;12.81;12.81;12.85;12.77;12.73;12.73;12.89;12.89;12.81;12.81;12.93;12.77;12.73;12.89;12.69;12.73;12.77;12.73;12.73;12.73;12.85;12.85;12.85;12.69;12.73;12.73;12.89;12.97;12.69;12.85;12.73;12.73;12.73;12.73;12.85;12.85;12.85;12.81;12.85;12.85;12.93;12.89;12.77;12.77;12.77;12.85;12.73;12.85;12.81;12.73;12.85;12.77;12.81;12.81;12.89;12.93;12.85;12.81;12.85;12.85;12.89;12.93;12.81;12.97;12.89;13.01;12.93;12.85;12.73;12.85;12.93;13.05;12.89;12.93;12.93;13.01;12.97;12.89;12.85;12.93;12.97;12.93;12.97;12.93;12.89;12.89;12.89;12.89;12.85;12.89;13.01;12.93;12.93;13.05;12.97;12.93;12.89;12.85;12.73;12.81;12.85;12.85;12.81;12.81;12.89;12.73;12.85;12.69;12.85;12.85;12.85;12.69;12.81;12.81;12.85;12.85;12.85;12.85;12.85;12.69;12.81;12.81;12.77;12.81;12.77;12.77;12.73;12.77;12.81;12.81;12.81;12.81;12.81;12.77;12.77;12.81;12.77;12.73;12.69;12.85;12.81;12.89;12.81;12.85;12.77;12.93;12.89;12.85;12.77;12.85;12.73;12.81;12.81;12.77;12.73;12.85;12.81;12.73;12.81;12.77;12.77;12.85;12.81;12.81;12.85;12.81;12.93;12.93;12.85;12.81;12.73;12.85;12.97;12.81;12.77;12.73;12.73;12.73;12.77;12.73;12.77;12.73;12.65;12.89;12.85;12.81;12.77;12.69;12.73;12.69;12.77;12.85;12.77;12.73;12.81;12.73;12.77;12.69;12.81;12.81;12.69;12.85;12.73;12.81;12.85;12.73;12.85;12.69;12.85;12.61;12.81;12.85;12.85;12.77;12.85;12.89;12.77;12.77;12.85;12.85;12.81;12.77;12.89;12.77;12.61;12.73;12.77;12.85;12.85;12.65;12.73;12.73;12.73;12.73;12.85;12.77;12.85;13.01;12.69;12.69;12.69;12.73;12.81;12.73;12.73;12.77;12.85;12.81;12.73;12.77;12.77;12.81;12.73;12.85;12.85;12.77;12.85;12.73;12.81;12.85;12.89;12.81;12.85;12.85;12.93;12.81;12.69;12.81;12.69;12.89;12.77;12.73;12.69;12.89;12.89;13.01;12.89;12.81;12.85;12.81;12.81;12.85;12.97;12.93;12.81;12.69;12.85
12.69;12.69;12.85;12.73;12.73;12.73;12.85;12.93;12.73;12.73;12.69;12.73;12.73;12.77;12.69;12.85;12.81;12.77;12.85;12.77;12.81;12.85;12.81;12.81;12.69;12.81;12.61;12.77;12.77;12.85;12.85;12.85;12.81;12.81;12.65;12.81;12.73;12.73;12.77;12.81;12.73;12.81;12.77;12.85;12.89;12.89;12.97;12.81;12.85;12.81;12.85;12.89;12.85;12.81;12.89;12.81;12.81;12.81;12.81;12.81;12.81;12.73;12.81;12.73;12.77;12.77;12.73;12.81;12.73;12.77;12.69;12.85;12.77;12.89;12.85;12.65;12.77;12.73;12.73;12.69;12.69;12.73;12.81;12.81;12.85;12.85;12.85;12.85;12.85;12.73;12.85;12.89;12.81;12.81;12.77;12.89;12.89;12.85;12.85;12.77;12.69;12.77;12.73;12.81;12.89;12.85;12.81;12.89;12.85;12.93;12.93;12.93;12.93;12.97;13.01;12.89;12.89;12.93;12.85;12.93;12.89;12.93;12.93;13.01;13.05;12.93;12.93;12.85;12.85;12.93;12.97;12.97;12.93;12.93;12.93;12.89;12.93;12.89;12.89;12.97;13.01;13.05;12.97;12.93;12.93;12.93;12.93;12.81;12.89;12.85;12.85;12.85;12.89;12.81;12.85;12.81;12.73;12.85;12.85;12.85;12.89;12.77;12.77;12.85;12.77;12.85;12.85;12.85;12.85;12.81;12.81;12.73;12.93;12.85;12.81;12.73;12.77;12.77;12.69;12.77;12.81;12.73;12.81;12.77;12.81;12.73;12.77;12.73;12.89;12.81;12.89;12.81;12.77;12.85;12.85;12.85;12.85;12.81;12.77;12.65;12.85;12.81;12.89;12.85;12.89;12.77;12.81;12.81;12.77;12.81;12.81;12.81;12.85;12.81;12.85;12.89;12.93;13.01;12.81;12.77;12.85;12.81;12.77;12.89;12.89;12.77;12.81;12.77;12.73;12.77;12.73;12.73;12.93;12.81;12.81;12.73;12.69;12.81;12.85;12.89;12.81;12.85;12.77;12.73;12.85;12.65;12.73;12.89;12.85;12.85;12.73;12.81;12.93;12.77;12.73;12.81;12.81;12.81;12.81;12.97;12.81;12.81;12.93;12.73;12.81;12.81;12.73;12.85;12.89;12.85;12.89;12.77;12.81;12.77;12.93;12.89;12.81;12.81;12.77;12.73;12.69;12.73;12.81;12.73;12.85;12.81;12.85;12.81;12.73;12.73;12.69;12.77;12.89;12.73;12.81;12.81;12.69;12.77;12.73;12.85;12.85;12.69;12.73;12.73;12.81;12.77;12.77;12.81;12.81;12.81;12.85;12.85;12.89;12.89;12.81;12.81;12.69;12.81;12.73;12.69;12.73;12.89;12.93;12.81;12.85;12.85;12.77;12.77;12.89;12.81;12.65;13.01;12.85;12.93;12.61;12.69
12.69;12.69;12.69;12.65;12.73;13.01;12.73;12.81;12.73;12.73;12.73;12.73;12.69;12.69;12.73;12.77;12.81;12.77;12.81;12.77;12.81;12.81;12.73;12.77;12.77;12.81;12.73;12.81;12.81;12.77;12.77;12.77;12.81;12.89;12.77;12.81;12.73;12.73;12.73;12.73;12.81;12.73;12.77;12.85;12.81;12.89;12.85;12.85;12.81;12.81;12.85;12.85;12.81;12.73;12.69;12.93;12.81;12.77;12.81;12.77;12.81;12.85;12.85;12.81;12.77;12.77;12.73;12.65;12.73;12.73;12.81;12.81;12.81;12.77;12.73;12.73;12.73;12.77;12.73;12.69;12.77;12.73;12.73;12.77;12.77;12.81;12.81;12.77;12.81;12.81;12.85;12.85;12.85;12.81;12.85;12.85;12.97;12.89;12.89;12.77;12.81;12.85;12.77;12.85;12.89;12.85;12.85;12.81;13.17;12.85;12.97;12.85;12.97;12.89;12.89;12.85;12.89;12.93;12.85;12.85;12.97;12.89;12.93;12.89;13.09;13.05;13.05;13.01;12.93;12.89;12.89;13.01;13.01;12.89;12.93;12.89;12.89;12.89;12.89;12.89;12.97;12.77;12.89;12.93;12.93;12.93;12.89;12.85;12.81;12.89;12.93;12.85;12.89;12.85;12.89;12.61;12.77;12.85;12.85;12.85;12.85;12.77;12.97;12.93;12.85;12.93;12.81;12.85;12.85;12.81;12.81;12.81;12.85;12.85;12.85;12.77;12.81;12.77;12.77;12.93;12.81;12.81;12.89;12.89;12.81;12.81;12.77;12.77;12.85;12.89;12.93;12.85;12.85;12.77;12.85;12.85;12.85;12.85;12.81;12.89;12.73;12.89;12.89;12.85;12.89;12.81;12.81;12.81;12.85;12.85;12.89;12.89;12.85;12.85;12.85;12.93;12.93;12.97;12.81;12.73;12.85;12.81;12.73;12.69;12.85;12.81;12.81;12.73;12.73;12.81;12.73;12.77;12.77;12.81;12.77;12.81;12.73;12.81;12.69;12.77;12.81;12.85;12.81;12.73;12.69;12.81;12.73;12.89;12.77;12.81;12.73;12.93;12.85;12.93;12.85;12.93;12.85;12.77;12.81;12.69;12.81;12.81;12.85;12.89;12.69;12.85;12.81;12.85;12.81;12.73;12.69;12.81;12.77;12.77;12.77;12.81;12.81;12.81;12.73;12.81;12.69;12.53;12.73;12.73;12.81;12.85;12.81;12.77;12.73;12.65;12.69;12.77;12.81;12.81;12.73;12.81;12.73;12.69;12.81;12.81;12.89;12.81;12.81;12.73;12.81;12.93;12.81;12.81;12.85;12.73;12.85;12.81;12.89;12.77;12.81;12.93;12.69;12.73;12.93;12.77;12.81;12.81;12.85;12.85;12.81;12.81;12.81;12.77;12.85;12.81;12.81;12.85;12.73;12.81;12.65;12.77
12.69;12.73;12.61;12.65;12.73;12.73;12.73;12.69;12.69;12.81;12.81;12.73;12.53;12.69;12.81;12.81;12.81;12.81;12.81;12.77;12.77;12.81;12.69;12.73;12.77;12.77;12.73;12.73;12.69;12.65;12.85;12.81;12.81;12.53;12.77;12.85;12.65;12.77;12.85;12.81;12.81;12.81;12.81;12.81;12.73;12.61;12.77;12.81;12.81;12.77;12.81;12.77;12.73;12.57;12.65;12.85;12.69;12.73;12.81;12.69;12.69;12.81;12.81;12.53;12.69;12.77;12.69;12.73;12.73;12.73;12.69;12.73;12.77;12.77;12.73;12.73;12.81;12.73;12.85;12.81;12.81;12.73;12.81;12.81;12.81;12.73;12.69;12.77;12.85;13.01;12.85;12.81;12.93;12.85;12.85;12.85;12.81;12.85;12.89;12.85;12.85;12.85;12.85;12.85;12.85;12.89;12.89;12.89;12.93;12.93;12.93;12.69;12.89;12.89;13.05;12.93;12.85;12.93;12.93;12.89;12.89;13.01;12.81;12.93;13.09;13.13;13.01;12.93;12.89;12.89;12.89;12.77;12.81;12.89;12.89;12.93;12.93;12.85;12.89;12.85;12.89;12.89;12.93;12.93;12.93;12.89;12.85;12.81;12.81;12.81;12.85;12.73;12.85;12.89;12.93;12.85;12.73;12.77;12.81;12.81;12.85;12.85;12.97;13.01;12.85;12.89;12.73;12.85;12.77;12.73;12.81;12.81;12.81;12.85;12.85;12.77;12.77;12.77;12.89;12.65;12.77;12.81;12.81;12.85;12.85;12.81;12.77;12.85;12.89;12.85;12.89;12.73;12.77;12.81;12.93;12.85;12.81;12.81;12.81;12.65;12.73;12.81;12.85;12.85;12.93;12.77;12.81;12.81;12.85;12.73;12.85;12.89;12.93;12.85;12.93;12.89;12.85;12.93;12.85;12.69;12.81;12.69;12.81;12.73;12.73;12.77;12.81;12.61;12.73;12.73;12.73;12.73;12.81;12.73;12.77;12.77;12.77;12.77;12.81;12.77;12.85;12.85;12.81;12.81;12.81;12.81;12.65;12.73;12.81;12.73;12.89;12.89;12.89;12.89;12.85;12.85;12.73;12.61;12.73;12.93;12.85;12.77;12.77;12.81;12.81;12.85;12.81;12.85;12.73;12.85;12.77;12.85;12.77;12.81;12.77;12.65;12.77;12.73;12.77;12.61;12.77;12.73;12.65;12.81;12.81;12.65;12.81;12.73;12.69;12.81;12.85;12.65;12.69;12.69;12.85;12.77;12.77;12.81;12.81;12.65;12.81;12.73;12.53;12.61;12.65;12.81;12.81;12.89;12.85;12.93;12.89;13.05;12.85;12.89;12.77;12.85;12.81;12.69;12.73;12.73;12.73;12.73;12.77;12.85;12.81;12.81;12.81;12.69;12.85;12.85;12.81;12.73;12.81;12.81;12.53;12.69
12.69;12.61;12.73;12.69;12.69;12.65;12.69;12.73;12.73;12.93;12.73;12.81;12.81;12.81;12.81;12.81;12.89;12.77;12.73;12.73;12.77;12.85;12.81;12.73;12.73;12.73;12.77;12.65;12.89;12.77;12.77;12.85;12.81;12.73;12.81;12.81;12.69;12.85;12.85;12.81;12.81;12.81;12.77;12.81;12.73;12.73;12.73;12.81;12.81;12.69;12.81;12.73;12.69;12.69;12.73;12.73;12.81;12.73;12.81;12.93;12.69;12.73;12.81;12.73;12.65;12.97;12.77;12.69;12.81;12.81;12.65;12.69;12.73;12.73;12.65;12.81;12.77;12.85;12.73;12.81;12.81;12.77;12.81;12.81;12.73;12.73;12.77;12.85;12.85;12.89;12.81;12.69;12.85;12.57;12.85;12.81;12.85;12.73;12.89;12.89;12.89;12.89;12.81;12.89;12.85;12.69;12.89;12.85;12.89;12.93;12.93;12.89;12.93;12.89;12.89;12.89;12.93;13.01;12.93;12.93;12.89;12.85;12.85;12.89;13.09;13.01;12.93;12.89;12.93;12.89;12.93;13.01;13.01;12.93;12.89;12.93;13.09;12.89;12.85;12.89;12.89;12.93;12.93;12.93;13.01;12.85;12.81;12.81;12.73;12.85;12.81;12.85;12.85;12.97;12.77;12.81;12.65;12.81;12.81;12.89;12.93;12.89;12.97;13.01;12.93;12.89;12.93;13.01;12.85;12.73;12.81;12.85;12.89;12.81;12.89;12.73;12.93;12.85;12.93;12.85;12.93;12.93;12.85;12.81;12.81;12.73;12.77;12.81;12.85;12.89;12.93;12.81;12.85;12.81;12.81;12.89;12.85;12.97;12.85;12.73;12.85;12.89;12.77;12.81;12.81;12.69;12.85;12.81;12.81;12.73;12.85;12.93;12.93;12.93;12.85;12.85;12.85;12.89;12.89;12.81;12.89;12.81;12.81;12.81;12.85;12.77;12.81;12.69;12.81;12.77;12.65;12.73;12.73;12.81;12.77;12.81;12.73;12.81;12.81;12.81;12.93;12.85;12.85;12.89;12.93;12.81;12.85;12.93;12.89;12.85;12.89;12.81;12.89;12.81;12.81;12.77;12.73;12.81;12.81;12.81;12.73;12.65;12.85;12.77;12.85;12.81;12.85;12.85;12.89;12.81;12.69;12.65;12.73;12.73;12.81;12.81;12.81;12.81;12.69;12.85;12.81;12.53;12.81;12.85;12.77;12.65;12.73;12.77;12.85;12.81;12.73;12.77;12.81;12.81;12.81;12.89;12.77;12.81;12.81;12.85;12.89;12.69;12.73;12.81;12.81;12.85;12.85;12.89;12.89;12.85;12.85;12.93;12.93;12.81;12.73;12.85;12.69;12.85;12.85;12.89;12.81;12.65;12.69;12.81;12.89;12.81;12.77;12.85;13.01;13.01;12.89;12.81;12.77;12.73;12.61;12.69
12.73;12.65;12.65;12.69;12.73;12.81;12.65;12.73;12.73;12.73;12.81;12.73;12.77;12.73;12.81;12.81;12.77;12.89;12.81;12.81;12.89;12.85;12.73;12.77;12.73;12.77;12.73;12.85;12.89;12.81;12.81;12.85;12.89;12.81;12.77;12.73;12.85;12.81;12.81;12.77;12.85;12.77;12.73;12.81;12.73;12.81;12.73;12.77;12.85;12.81;12.77;12.81;12.73;12.65;12.69;12.73;12.85;12.81;12.81;12.81;12.81;12.69;12.73;12.69;12.57;12.73;12.69;12.85;12.69;12.81;12.69;12.69;12.69;12.65;12.65;12.81;12.85;12.73;12.77;12.81;12.77;12.81;12.77;12.85;12.85;12.73;12.73;12.85;12.85;12.81;12.81;12.73;12.85;12.85;12.85;12.81;12.77;12.97;12.89;12.89;12.89;12.89;12.97;12.81;12.89;12.93;12.81;12.85;12.89;12.85;12.89;12.89;12.93;12.89;12.97;12.93;12.93;12.97;12.97;12.89;12.97;12.89;12.93;12.97;13.01;13.01;12.97;12.93;12.89;12.93;12.93;13.01;12.93;12.97;12.93;12.85;12.89;12.89;12.89;13.01;12.93;12.85;12.93;12.93;13.05;13.05;12.85;12.85;12.73;12.89;12.93;12.85;12.97;13.09;12.89;12.73;12.73;12.89;12.85;12.93;12.97;12.81;13.01;12.97;12.93;12.89;13.05;12.85;12.85;12.81;12.89;12.85;12.85;12.85;12.61;12.85;12.85;12.77;12.81;12.89;12.81;12.81;12.81;12.81;12.81;12.77;12.77;12.77;12.93;12.89;12.93;12.85;12.89;12.81;12.81;12.89;12.89;12.89;12.85;12.73;12.89;12.81;12.77;12.77;12.69;12.73;12.81;12.81;12.85;12.77;12.77;12.89;12.93;12.93;12.89;12.77;12.81;12.81;12.89;12.85;12.81;12.61;12.93;12.81;12.81;12.77;12.81;12.85;12.77;12.89;12.77;12.81;12.65;12.85;12.97;12.85;12.81;12.81;12.73;12.85;12.81;12.81;12.69;12.85;12.85;12.89;12.73;12.89;12.89;12.81;12.81;12.81;12.81;12.73;12.85;12.89;12.85;12.81;12.81;12.81;12.77;12.85;12.81;12.73;12.85;12.89;12.89;12.89;12.89;12.97;12.85;12.69;12.81;12.69;13.09;12.85;12.85;12.81;12.77;12.81;12.93;12.85;12.85;12.73;12.81;12.65;12.81;12.81;12.69;12.69;12.81;12.69;12.73;12.81;12.81;12.85;12.81;12.81;12.81;12.65;12.81;12.81;12.73;12.85;12.89;12.97;12.89;12.77;12.85;12.85;12.85;12.93;12.89;12.81;12.81;12.73;12.81;12.93;12.89;12.81;12.69;12.89;12.85;12.89;12.85;12.89;12.89;12.85;12.81;12.85;12.81;12.85;12.85;12.89;12.81;12.81
12.65;12.69;12.65;12.69;12.73;12.69;12.61;12.77;12.73;12.73;12.73;12.77;12.77;12.85;12.81;12.73;12.77;12.77;12.81;12.81;12.85;12.77;12.73;12.73;12.77;12.81;12.65;12.73;12.81;12.97;12.85;12.85;12.81;12.81;12.81;12.73;12.81;12.85;12.81;12.77;12.81;12.81;12.73;12.73;12.93;12.89;12.93;12.81;12.73;12.73;12.85;12.85;12.69;12.65;12.77;12.73;12.73;12.85;12.81;12.85;12.81;12.73;12.73;12.69;12.81;12.73;12.73;12.73;12.73;12.73;12.73;12.73;12.81;12.73;12.73;12.89;12.77;12.81;12.65;12.77;12.81;12.81;12.73;12.85;12.81;13.01;12.81;12.77;12.85;12.81;12.81;12.73;12.81;12.77;12.81;12.89;12.73;12.89;12.97;13.01;12.85;12.89;12.89;12.89;12.93;12.85;12.93;12.85;12.85;12.81;12.81;12.89;12.89;13.01;12.97;12.93;12.89;12.89;12.93;12.89;12.93;12.93;13.09;13.09;13.13;13.09;12.89;13.13;12.81;12.93;12.97;13.05;12.93;12.93;12.81;12.77;12.85;12.85;12.85;12.93;13.05;12.93;12.97;12.93;13.05;12.89;12.93;12.89;13.05;13.01;12.93;12.89;12.85;12.97;12.93;12.85;12.93;12.93;12.93;12.93;12.81;12.97;12.93;13.01;12.93;12.97;12.85;12.89;12.93;12.93;12.65;12.81;12.89;12.73;12.81;12.85;12.81;12.85;12.81;12.81;12.81;12.77;12.77;12.77;12.81;12.73;12.81;12.93;12.85;12.77;13.01;12.89;12.77;12.85;12.73;13.05;12.89;12.85;12.81;12.81;12.81;12.89;12.93;12.85;12.81;12.69;12.85;12.89;12.81;12.85;12.81;12.85;12.89;12.85;12.85;12.81;12.89;12.81;12.85;12.85;12.85;12.81;12.85;12.73;12.81;12.77;12.85;12.85;12.85;12.77;12.85;12.85;12.85;12.89;12.89;12.89;12.73;12.89;12.69;12.85;12.85;12.69;12.85;12.85;12.77;12.73;12.73;12.89;12.77;12.81;12.81;12.81;12.81;12.85;12.89;12.93;12.81;12.85;12.81;12.81;12.89;12.85;12.85;12.85;12.89;12.89;12.93;12.89;12.89;12.89;12.69;12.81;12.81;12.69;12.85;12.85;12.89;12.73;12.69;12.85;12.73;12.81;12.85;12.85;12.73;12.97;12.81;12.77;12.69;12.73;12.73;12.69;12.85;12.73;12.73;12.85;12.77;12.89;12.89;12.77;12.85;12.77;12.77;12.89;12.81;12.89;12.85;12.89;12.93;12.89;12.81;12.73;12.73;12.85;12.73;12.69;12.69;12.97;13.01;12.73;12.81;12.81;12.69;13.05;12.85;12.85;12.97;12.81;12.85;12.77;12.77;12.81;12.81;12.77;12.81;12.81
12.61;12.73;12.69;12.65;12.69;12.69;12.69;12.81;12.69;12.77;12.73;12.73;12.73;12.77;12.73;12.73;12.69;12.77;12.81;12.81;12.73;12.73;12.65;12.69;12.81;12.81;12.69;12.89;12.73;12.81;12.85;12.89;12.81;12.85;12.81;12.81;12.73;12.81;12.81;12.77;12.77;12.81;12.73;12.73;12.85;12.89;12.73;12.81;12.81;12.73;12.77;12.89;12.73;12.73;12.73;12.73;12.69;12.73;12.81;12.69;12.77;12.81;12.69;12.73;12.61;12.69;12.73;12.73;12.73;12.65;12.73;12.73;12.73;12.73;12.77;12.89;12.77;12.81;12.73;12.73;12.73;12.77;12.69;12.77;12.81;12.85;12.73;12.85;12.85;12.81;12.77;12.81;12.85;12.81;12.89;12.73;12.89;12.89;12.89;12.93;12.85;12.89;12.89;12.89;12.93;12.85;12.85;12.89;12.89;12.85;12.93;12.77;12.93;13.01;12.93;12.85;13.05;12.81;12.93;12.89;12.85;12.97;13.01;12.97;12.93;12.97;13.01;13.01;12.73;12.93;13.01;12.93;13.01;12.93;12.89;12.89;12.89;12.89;12.89;12.93;12.89;12.89;13.01;12.93;12.89;12.93;12.81;12.89;12.89;12.93;12.89;12.81;12.85;12.85;12.97;12.81;12.89;12.93;12.85;13.01;12.89;12.89;12.85;12.73;12.97;12.93;13.01;12.93;12.93;12.85;12.89;12.73;12.85;12.85;12.73;12.85;12.81;12.89;12.89;12.81;12.73;12.73;12.81;12.81;12.73;12.73;12.77;12.81;12.81;12.89;12.85;12.85;12.89;12.89;12.89;12.93;12.89;12.89;12.73;12.81;12.73;12.81;12.85;12.89;12.85;12.89;12.89;12.85;12.89;12.85;12.85;12.85;12.85;12.85;12.93;12.89;12.81;12.81;12.81;12.81;12.81;12.81;12.85;12.85;12.85;12.81;12.89;12.85;12.85;12.81;12.73;12.81;12.81;12.81;12.73;12.89;12.93;12.85;12.85;12.85;12.85;12.85;12.85;12.93;12.81;12.77;12.77;12.85;12.81;12.81;12.81;12.69;12.85;12.69;12.81;12.81;12.81;12.81;12.85;12.73;12.85;12.85;12.85;12.85;12.85;12.81;12.89;12.89;12.77;12.81;12.81;12.73;12.81;12.69;12.65;12.77;12.69;12.81;12.81;12.69;12.65;12.85;12.81;12.81;12.85;12.85;12.81;12.85;12.85;12.77;12.73;12.73;12.53;12.81;12.89;12.81;12.81;12.81;12.81;12.77;12.85;12.77;12.69;12.77;12.81;12.85;12.85;12.85;12.81;12.89;12.85;12.85;12.85;12.89;12.77;12.85;12.85;12.89;12.89;12.89;12.73;12.85;12.93;12.93;12.73;12.85;12.93;12.85;12.77;12.61;12.69;12.77;12.69;12.77;12.81;12.81
12.69;12.69;12.81;12.73;12.69;12.69;12.77;12.73;12.85;12.77;12.77;12.69;12.73;12.85;12.77;12.73;12.81;12.81;12.81;12.69;12.73;12.69;12.73;12.77;12.81;12.73;12.77;12.69;12.73;12.85;12.85;12.81;12.81;12.81;12.73;12.73;12.81;12.77;12.77;12.81;12.85;12.81;12.81;12.81;12.89;12.93;12.73;12.81;12.81;12.77;12.81;12.85;12.81;12.73;12.81;12.81;12.81;12.73;12.73;12.73;12.81;12.73;12.89;12.89;12.73;12.73;12.73;12.77;12.73;12.73;12.77;12.73;12.77;12.73;12.77;12.77;12.81;12.77;12.77;12.77;12.73;12.69;12.77;12.81;12.81;12.85;12.81;12.85;12.81;12.81;12.65;12.89;12.89;12.81;12.93;12.85;12.85;12.93;12.93;12.89;12.89;12.93;12.89;12.89;12.89;12.93;12.85;12.85;12.85;12.89;12.89;12.85;12.93;12.85;12.85;12.73;12.85;12.93;13.05;12.97;13.01;12.93;13.01;12.89;13.01;13.09;12.89;12.93;12.93;12.93;12.93;13.01;12.97;12.93;12.89;12.89;12.93;12.89;12.93;12.89;12.93;12.93;13.01;12.93;12.89;13.01;12.93;12.93;12.81;12.89;12.81;12.85;12.85;12.77;12.85;12.85;12.85;12.89;12.89;12.97;12.89;12.85;12.85;12.77;13.05;12.93;13.01;12.93;12.93;12.93;12.81;12.73;12.69;12.81;12.77;12.81;12.85;12.89;12.89;12.81;12.73;12.77;12.81;12.81;12.85;12.89;12.93;12.85;12.81;12.93;13.01;12.85;12.85;12.93;12.77;12.89;12.89;12.85;12.85;12.81;12.81;12.81;12.85;12.89;13.01;12.93;12.85;12.93;12.89;12.89;12.77;12.85;12.89;12.85;12.89;12.73;12.81;12.81;12.73;12.81;12.85;12.85;12.85;12.85;12.81;12.81;12.85;12.85;12.85;12.85;12.81;12.81;12.81;12.85;12.81;12.89;12.93;12.73;12.85;12.85;12.89;12.89;12.85;12.85;12.85;12.81;12.85;12.81;12.81;12.81;12.81;12.81;12.85;12.85;12.77;12.69;12.85;12.85;12.81;12.81;12.89;12.85;12.85;12.85;12.85;12.85;12.81;12.77;12.73;12.73;12.81;12.85;12.81;12.77;12.77;12.85;12.81;12.85;12.81;12.77;12.65;12.69;12.81;12.85;12.81;12.85;12.81;12.81;12.73;12.69;12.73;12.85;12.69;12.73;12.85;12.85;12.77;12.81;12.85;12.89;12.85;12.73;12.61;12.69;12.65;12.89;12.85;12.85;12.89;12.85;12.85;12.61;12.85;12.85;12.81;12.85;12.85;12.85;12.81;12.77;12.81;12.89;13.01;12.93;12.93;12.85;12.85;12.89;12.81;12.85;12.89;12.89;12.81;12.81;12.81;12.81
12.69;12.69;12.73;12.69;12.69;12.69;12.69;12.77;12.77;12.69;12.73;12.73;12.73;12.73;12.73;12.81;12.85;12.81;12.81;12.81;12.73;12.81;12.69;12.85;12.77;12.77;12.73;12.81;12.81;12.81;12.81;12.77;12.81;12.81;12.73;12.73;12.77;12.77;12.77;12.81;12.81;12.81;12.77;12.77;12.85;12.85;12.73;12.81;12.81;12.81;12.81;12.85;12.85;13.01;12.73;12.81;12.85;12.81;12.73;12.65;12.69;12.73;12.85;12.77;12.81;12.81;12.73;12.81;12.77;12.73;12.77;12.77;12.81;12.81;12.77;12.81;12.73;12.81;12.81;12.81;12.81;12.81;12.77;12.81;12.85;12.77;12.85;12.85;12.81;12.85;12.81;12.93;12.81;12.89;12.93;12.89;13.01;12.89;12.89;12.89;12.61;13.01;12.81;12.89;12.97;12.81;12.89;12.93;12.93;12.81;12.89;12.93;12.89;12.89;12.89;12.89;13.01;13.05;13.09;13.21;13.01;13.01;13.01;12.93;13.09;13.01;13.01;13.13;12.89;13.01;12.93;12.97;13.01;13.01;12.93;13.05;12.89;12.93;12.85;12.93;12.89;12.97;12.89;12.85;12.69;12.97;13.01;12.93;12.93;12.93;13.01;12.93;12.77;12.85;12.81;12.85;12.85;12.89;12.97;12.89;12.89;12.77;12.85;12.77;12.85;12.93;12.93;12.89;12.93;12.89;12.93;12.81;12.81;12.81;12.81;12.85;12.85;12.97;12.89;12.85;12.93;12.85;12.81;12.93;12.85;12.85;12.85;12.85;12.85;12.89;12.85;12.85;12.85;12.85;12.77;12.89;12.85;12.85;12.85;12.85;12.85;12.81;12.89;12.89;12.97;12.93;12.93;12.93;12.69;12.85;12.89;12.85;12.89;12.89;12.89;12.85;12.89;12.89;12.93;12.81;12.85;12.85;12.85;12.73;12.89;12.85;12.85;12.81;12.77;12.97;12.81;13.13;12.81;12.89;12.89;12.81;12.89;12.93;12.69;12.93;12.85;12.89;12.89;12.85;12.81;12.85;12.81;12.81;12.77;12.81;12.85;12.85;12.89;12.89;12.85;12.73;12.85;12.85;12.85;12.81;12.85;12.85;12.85;12.85;12.85;12.81;12.73;12.77;12.73;12.73;12.77;12.85;12.89;12.89;12.85;12.81;12.81;12.85;12.89;12.81;12.61;12.69;12.77;12.85;12.81;12.81;12.81;12.77;12.69;12.77;12.81;12.93;12.73;12.69;12.85;12.81;12.81;12.85;12.85;12.85;12.81;12.85;12.85;12.77;12.81;12.81;12.85;12.81;13.01;12.97;12.89;12.81;12.81;12.89;12.81;12.77;12.85;12.85;12.85;12.89;12.81;12.85;12.73;12.93;12.89;12.89;12.89;12.89;12.93;12.85;12.97;12.89;12.89;12.77;12.73;12.81
12.65;12.65;12.69;12.69;12.69;12.81;12.69;12.81;12.77;12.77;12.73;12.81;12.69;12.73;12.73;12.69;12.81;12.89;12.89;12.77;12.69;12.73;12.65;12.65;12.73;12.77;12.81;12.81;12.85;12.89;12.81;12.77;12.61;12.73;12.77;12.77;12.77;12.69;12.69;12.81;12.81;12.85;12.81;12.73;12.77;12.81;12.85;12.89;12.81;12.81;12.81;12.85;12.81;12.81;12.81;12.81;12.85;12.73;12.69;12.73;12.69;12.81;12.77;12.85;12.81;12.81;12.77;12.77;12.73;12.73;12.77;12.77;12.81;12.77;12.81;12.81;12.85;12.85;12.73;12.77;12.73;12.81;12.81;12.73;12.85;12.89;12.81;12.81;12.93;12.85;12.81;12.81;12.85;12.89;12.89;12.93;12.73;12.81;12.97;12.77;12.89;12.65;12.85;12.89;13.01;12.93;12.85;12.97;12.89;12.89;12.89;12.93;12.93;13.01;12.85;12.93;12.93;13.09;13.05;12.93;12.93;12.97;12.97;12.93;13.05;13.05;13.01;12.93;12.85;13.01;12.93;12.97;12.93;13.01;12.97;13.01;12.97;12.93;12.93;12.93;12.93;12.89;12.97;12.85;12.89;12.97;13.01;13.13;12.97;12.97;12.93;12.93;12.89;12.89;12.85;12.81;13.01;13.05;12.93;12.85;12.93;12.93;12.85;12.85;13.01;12.89;12.93;12.89;12.85;12.89;12.93;12.93;12.89;12.81;12.85;12.89;12.85;12.85;12.81;12.81;12.97;12.93;12.85;12.73;12.85;12.85;12.85;12.81;12.77;12.85;12.85;12.81;12.73;12.85;12.77;12.93;12.85;12.89;12.97;12.85;12.93;12.81;12.81;12.85;12.93;12.77;12.89;12.73;12.85;12.89;12.89;12.85;12.93;12.85;12.77;12.81;12.93;12.81;12.77;12.81;12.85;12.85;12.85;12.77;12.85;12.93;12.81;12.81;13.01;12.93;12.81;12.77;12.81;12.85;12.69;12.85;12.81;12.85;12.85;12.85;12.85;12.89;12.93;12.85;12.89;12.81;12.81;12.81;12.81;12.85;12.81;12.81;12.89;12.93;12.73;12.81;12.89;12.97;12.89;12.89;12.85;12.85;12.85;12.81;12.85;12.81;12.81;12.81;12.85;12.69;12.89;12.77;13.01;13.01;12.73;12.77;12.81;12.81;12.77;12.81;12.81;12.81;12.85;12.85;12.81;12.85;12.85;12.73;12.81;12.89;12.77;12.73;12.65;12.69;12.69;12.81;12.81;12.85;12.85;12.85;12.77;12.93;12.81;12.81;12.73;12.81;12.77;12.57;12.93;12.97;13.01;12.81;12.85;12.81;12.81;12.81;12.65;12.73;12.85;12.85;12.89;12.85;12.93;12.93;12.85;13.01;12.93;12.93;12.89;12.93;12.81;12.89;12.81;12.77;12.81;12.89
12.65;12.65;12.69;12.65;12.73;12.73;12.81;12.73;12.77;12.73;12.81;12.73;12.85;12.73;12.81;12.81;13.01;13.01;12.81;12.77;12.73;12.73;12.69;12.85;12.77;12.77;12.81;12.89;12.65;12.85;12.81;12.77;12.77;12.81;12.77;12.77;13.05;12.69;12.61;12.81;12.77;12.85;12.85;12.93;12.81;12.81;12.85;12.97;12.89;12.89;12.89;12.89;12.85;12.81;12.81;12.81;12.89;12.73;12.69;12.65;12.81;12.81;12.81;12.93;12.85;12.81;12.77;12.85;12.77;12.73;12.77;12.81;12.85;12.73;12.81;12.81;12.85;12.77;12.73;12.81;12.69;12.81;12.73;12.81;12.97;12.73;12.81;12.97;12.85;12.89;12.77;12.85;12.81;12.81;12.93;12.89;12.81;12.89;12.89;12.77;12.77;12.93;12.85;12.89;12.97;12.85;12.85;12.93;12.89;12.89;13.05;12.97;12.97;12.97;12.85;12.93;12.89;13.09;13.01;12.93;13.01;13.01;13.01;12.93;13.05;13.09;13.05;12.93;12.89;12.89;12.93;12.93;13.01;12.93;13.01;12.97;12.93;12.89;12.93;13.17;13.09;13.09;12.93;12.89;12.89;12.93;12.97;13.01;13.05;13.13;12.89;12.89;12.89;12.81;12.85;12.85;12.89;13.09;12.93;13.01;13.09;12.93;12.93;12.85;12.89;12.85;12.89;12.93;12.85;12.85;12.97;12.89;12.81;12.85;12.85;12.85;12.81;12.81;13.01;12.81;12.85;12.81;13.21;13.05;12.89;12.89;12.85;12.81;12.81;12.85;12.73;12.89;12.81;12.89;12.93;12.81;12.93;12.85;12.89;12.93;12.93;12.77;12.81;12.85;12.89;12.85;12.85;12.81;12.85;12.97;12.89;12.89;12.89;12.89;12.73;12.93;12.85;12.81;12.81;12.85;12.85;13.01;12.77;12.81;12.89;13.01;12.77;12.85;12.81;12.81;12.81;12.81;12.77;12.81;13.01;13.01;12.81;12.85;12.85;12.81;12.73;12.89;12.93;12.81;12.85;12.81;12.97;12.81;12.89;12.81;12.81;12.73;12.85;12.89;12.85;12.81;12.85;12.93;13.01;12.85;12.81;12.81;12.85;12.89;12.85;12.81;12.81;12.85;12.85;12.81;12.89;12.93;12.85;12.81;12.85;12.81;12.81;12.77;12.77;12.81;12.77;12.81;12.81;12.81;12.85;12.85;12.81;12.73;12.81;12.93;12.89;12.73;12.77;12.81;12.85;12.85;12.81;13.01;12.81;12.85;12.89;12.81;12.73;12.81;12.81;12.73;12.81;12.89;12.85;12.93;13.01;12.85;12.85;12.81;12.81;12.65;12.73;12.85;12.85;12.85;12.89;12.89;12.85;12.97;12.89;12.97;12.89;12.89;13.01;12.93;12.93;12.93;12.81;12.85;12.77;12.85
12.69;12.69;12.65;12.53;12.65;12.53;12.77;12.69;12.53;12.73;12.81;12.69;12.73;12.73;12.69;12.81;12.73;12.73;12.61;12.77;12.73;12.73;12.61;12.77;12.81;12.81;12.77;12.73;12.73;12.73;12.81;12.81;12.77;12.69;12.73;12.81;12.85;12.69;12.69;12.73;12.77;12.81;12.73;12.73;12.81;12.85;12.85;12.85;12.85;12.85;12.81;12.81;12.85;12.85;12.81;12.73;12.69;12.69;12.65;12.69;12.81;12.85;12.81;12.81;12.69;12.81;12.69;12.69;12.81;12.85;12.69;12.69;12.73;12.81;12.73;12.85;12.81;12.81;12.73;12.97;12.85;12.81;12.81;12.73;12.81;12.77;12.81;12.69;12.89;12.81;12.77;12.81;12.93;12.69;12.85;12.73;12.89;12.85;12.93;12.85;12.69;12.85;12.89;12.89;13.05;12.85;12.77;12.89;12.81;12.97;12.93;12.97;12.85;12.89;12.93;12.89;12.89;12.85;12.97;12.93;13.05;13.01;13.05;12.81;12.97;13.01;12.97;13.01;12.93;12.89;12.89;12.89;13.01;13.01;12.97;13.01;12.97;12.93;12.89;13.05;13.05;12.89;13.13;12.93;12.73;13.01;13.01;12.93;12.93;12.89;12.81;12.89;12.89;12.81;12.85;12.89;12.69;12.89;12.93;12.93;12.93;12.93;12.93;12.93;12.81;12.85;12.89;12.89;12.89;12.85;12.89;12.85;12.85;12.81;12.85;12.81;12.85;12.81;12.81;12.81;12.85;12.81;12.81;12.73;12.89;12.89;12.85;12.85;12.89;12.85;12.89;12.85;12.89;12.89;12.89;12.89;12.93;13.01;12.89;12.85;12.73;12.89;12.85;12.81;12.85;12.81;12.85;12.85;12.93;12.85;12.81;12.89;12.89;12.93;12.73;12.93;12.81;12.81;13.01;12.69;13.05;12.89;12.85;12.77;12.81;12.81;12.81;12.85;12.73;12.81;12.77;12.77;12.81;12.73;12.85;12.89;12.85;12.85;12.85;12.81;12.73;12.81;12.77;12.81;12.85;12.69;12.77;12.81;12.73;12.69;12.81;12.81;12.65;12.85;12.73;12.85;12.85;12.85;12.85;12.85;12.85;12.85;12.85;12.85;12.89;12.85;13.01;12.81;12.81;12.81;12.81;12.69;12.93;12.85;12.81;12.81;12.81;12.81;12.77;12.81;12.73;12.77;12.85;12.81;12.81;12.81;12.81;12.77;12.73;12.81;12.73;12.73;12.69;12.77;12.81;12.81;12.61;12.77;12.73;12.81;12.81;12.81;12.81;12.85;12.85;12.81;12.81;12.73;12.89;12.93;12.93;12.89;12.89;12.85;12.85;12.85;12.65;12.85;12.89;12.97;12.85;12.81;12.81;12.93;12.93;12.89;12.77;12.97;12.93;12.81;12.89;12.93;12.93;12.81;12.85;12.81
12.69;12.69;12.69;12.69;12.73;12.73;12.53;12.73;12.73;12.73;12.85;12.89;12.73;12.77;12.85;12.69;12.81;12.81;12.73;12.73;12.77;12.73;12.73;12.85;12.85;12.81;12.77;12.73;12.73;12.73;12.73;12.89;12.81;12.73;12.73;12.73;12.89;12.73;12.85;12.53;12.77;12.81;12.69;12.89;12.73;12.85;12.81;12.89;12.89;12.85;12.85;12.85;12.81;12.85;12.81;12.77;12.85;12.77;12.85;12.73;12.81;12.81;12.93;12.69;12.69;12.81;12.73;12.73;12.73;12.93;12.73;12.81;12.81;12.73;12.85;12.85;12.81;12.85;12.89;12.85;12.73;12.81;12.85;12.81;13.01;12.73;12.85;12.85;12.89;12.89;12.85;12.81;12.89;12.89;12.93;12.77;12.81;12.77;12.89;12.81;12.81;12.89;12.89;12.89;12.93;12.89;12.89;12.97;12.89;12.89;12.97;12.89;12.93;13.01;12.93;12.93;12.77;12.93;12.97;12.93;13.01;12.97;13.01;12.73;13.01;13.05;13.01;13.05;12.97;12.93;12.85;12.89;13.01;12.97;12.93;12.93;12.97;12.97;12.93;13.09;12.97;12.85;12.77;12.85;13.01;13.01;13.05;12.97;12.93;12.93;12.89;12.81;12.89;12.89;12.97;12.77;12.65;12.85;12.85;12.97;12.89;12.85;12.89;12.97;12.93;12.97;13.01;12.89;12.97;12.81;12.89;12.89;12.89;12.81;12.85;12.85;12.85;12.85;12.85;12.93;12.89;12.77;12.81;12.73;12.85;12.89;12.89;12.85;12.89;12.89;12.89;12.85;12.85;12.85;12.89;12.89;12.89;12.89;12.89;12.85;12.81;12.85;12.85;12.85;12.81;12.65;12.77;12.85;12.85;12.73;12.81;12.85;12.85;12.81;12.89;12.77;12.81;12.81;12.89;12.93;12.81;12.81;12.85;12.69;12.85;12.77;12.85;12.81;12.81;12.81;12.73;12.81;12.77;12.85;12.73;13.01;12.81;12.85;12.85;12.81;12.93;12.81;12.85;12.89;13.05;12.85;12.69;12.69;12.81;12.89;12.77;12.89;12.89;12.85;12.89;13.05;12.93;12.85;12.73;12.77;12.65;12.85;12.85;12.89;12.85;12.85;12.81;12.81;12.73;12.81;12.77;12.85;12.85;12.93;12.85;12.81;12.89;12.81;12.73;12.89;12.69;12.73;12.81;12.89;12.89;12.81;12.73;12.85;12.81;12.81;12.81;12.73;12.65;12.85;12.81;12.85;12.81;12.73;12.53;12.81;12.81;12.85;12.85;12.73;12.85;12.85;12.77;12.85;12.69;12.97;12.93;12.77;12.85;12.73;12.81;12.81;12.85;12.85;12.89;12.89;12.85;12.81;12.81;12.81;12.89;12.85;12.93;12.93;12.85;12.89;12.89;12.85;12.89;12.89;12.73;12.81
12.61;12.69;12.69;12.73;12.61;12.69;12.69;12.69;12.73;12.81;12.77;12.85;12.77;12.73;12.69;12.69;12.85;12.93;12.69;12.69;12.77;12.85;12.73;12.73;12.81;12.77;12.65;12.69;12.73;12.73;12.73;12.69;12.69;12.81;12.81;12.85;12.77;12.77;12.77;12.73;12.89;12.89;12.81;12.81;12.73;12.73;12.73;12.93;12.85;12.81;12.73;12.73;12.81;12.73;12.73;12.85;12.77;12.93;12.69;12.73;12.73;12.73;12.85;12.81;12.61;12.69;12.69;12.69;12.73;12.69;12.73;12.73;12.73;12.81;12.85;12.85;12.81;12.85;12.81;12.81;12.61;12.69;12.77;12.73;12.81;12.85;12.73;12.85;12.69;12.89;12.81;12.89;12.85;12.69;12.81;12.81;12.85;13.01;12.89;12.85;12.85;12.93;12.85;12.89;12.93;12.85;12.89;12.89;12.89;12.89;12.85;12.81;12.89;12.93;12.93;12.93;12.93;12.93;12.97;12.93;12.97;12.93;13.01;13.09;13.01;12.93;12.97;12.93;12.81;12.97;12.89;13.05;13.01;12.93;12.93;12.93;12.93;12.89;12.97;12.85;12.93;13.05;12.81;12.85;13.01;13.01;13.01;12.93;12.85;12.81;12.89;12.85;12.77;12.73;12.85;12.73;12.65;12.97;12.85;12.85;12.89;12.93;13.01;12.97;12.89;12.77;12.85;12.89;12.89;12.89;12.89;12.89;12.89;12.81;12.85;12.85;12.85;12.85;12.85;12.73;12.97;12.89;13.01;12.81;12.77;12.81;12.85;12.77;12.89;12.93;12.93;12.93;12.85;12.89;12.73;12.85;12.85;12.97;13.01;12.89;12.85;12.89;12.81;12.81;12.81;12.69;12.73;12.77;12.85;12.81;12.81;12.85;12.89;12.85;12.85;12.73;12.53;12.81;12.81;12.77;12.73;12.65;12.69;12.77;12.81;12.93;12.73;12.65;12.73;12.93;12.77;12.73;12.85;12.85;12.73;12.73;12.81;12.69;12.69;12.89;12.73;12.85;12.85;12.77;12.85;12.85;12.49;12.81;12.85;12.85;12.89;12.73;12.89;12.89;12.85;12.89;12.93;12.89;12.73;12.81;12.81;12.81;12.89;12.81;12.85;12.81;12.77;12.73;12.73;12.69;12.69;12.81;12.73;12.85;12.85;12.85;12.81;12.81;12.85;12.73;12.69;12.69;12.73;12.93;12.81;12.77;12.85;12.81;12.81;12.81;12.81;12.65;12.53;12.73;12.85;12.85;12.73;12.69;12.85;12.73;12.81;12.85;12.73;12.61;12.85;12.85;12.97;12.89;12.89;13.05;12.93;12.85;12.89;12.93;12.81;12.81;12.85;12.73;12.93;12.77;12.81;12.73;12.97;12.81;12.77;12.85;12.85;12.89;12.89;12.85;12.77;12.85;12.85;12.77;12.69;12.85
12.69;12.73;12.69;12.69;12.73;12.69;12.73;12.73;12.65;12.81;12.85;12.85;12.77;12.73;12.69;12.81;12.85;12.73;12.61;12.65;12.81;12.69;12.73;12.73;12.73;12.73;12.65;12.81;12.65;12.73;12.73;12.81;12.73;12.81;12.73;12.85;12.73;12.73;12.73;12.73;12.77;12.73;12.85;12.85;12.77;12.81;12.81;12.77;12.81;12.81;12.73;12.85;12.73;12.73;12.73;12.77;12.81;12.77;12.81;12.81;12.81;12.73;12.77;12.93;12.77;12.77;12.81;12.89;12.73;12.77;12.69;12.81;12.85;12.81;12.81;12.81;12.97;12.77;12.81;12.77;12.69;12.85;12.73;12.77;12.85;12.89;12.85;12.89;12.93;12.93;12.89;12.89;12.89;12.93;12.93;12.89;12.85;12.89;12.85;12.89;12.89;12.89;12.85;12.89;12.93;12.85;12.85;12.85;12.97;12.93;13.09;12.97;13.09;13.01;13.01;13.01;13.01;13.01;13.01;12.93;12.93;12.89;12.93;12.81;12.93;12.93;12.93;12.93;12.93;13.01;12.89;12.89;13.01;12.93;12.93;12.93;12.89;12.85;13.05;13.01;13.01;12.97;12.85;12.89;13.01;13.01;12.97;12.89;12.89;12.85;12.89;12.93;12.85;12.81;12.97;12.85;12.81;13.05;12.85;12.89;12.73;12.93;13.01;13.01;13.05;12.85;12.93;12.85;12.73;13.01;12.93;12.89;12.85;12.85;12.85;12.85;12.85;12.85;12.93;12.89;13.01;13.09;13.13;13.05;12.89;12.81;12.89;12.89;12.85;12.93;12.93;12.73;12.89;12.89;12.81;12.61;12.65;12.81;12.93;12.89;12.73;12.81;12.85;12.93;13.01;12.97;12.81;12.69;12.97;12.85;12.85;13.09;12.93;12.85;12.81;12.93;12.73;12.81;12.65;12.69;12.77;12.73;12.81;12.77;12.69;12.93;12.81;12.81;12.89;12.97;12.77;12.81;12.81;13.09;12.73;12.85;12.81;12.81;12.85;12.85;12.85;12.89;12.93;12.85;12.85;12.85;12.85;12.89;12.89;12.89;12.89;12.81;12.89;12.89;12.77;12.93;12.69;12.73;12.77;12.85;12.85;12.89;12.97;12.93;12.85;12.85;12.77;12.81;12.89;12.65;12.85;12.81;12.81;12.85;12.73;12.89;12.77;12.81;12.89;12.85;12.61;12.85;12.81;12.81;12.81;12.89;12.89;12.77;12.81;12.81;12.77;12.81;12.85;12.73;12.89;12.93;12.73;12.81;12.93;12.85;12.85;12.93;12.65;12.81;12.89;12.89;12.93;12.81;12.73;13.09;12.89;12.81;12.73;12.89;12.81;12.81;12.85;13.01;12.89;12.93;12.81;12.73;12.89;12.93;12.85;12.89;12.85;12.85;12.85;12.85;12.89;12.89;12.81;12.85;12.89;12.85
12.69;12.73;12.69;12.69;12.73;12.73;12.73;12.77;12.73;12.81;12.81;12.73;12.73;12.65;12.61;12.73;12.73;12.65;12.49;12.37;12.49;12.57;12.65;12.69;12.73;12.69;12.61;12.61;12.65;12.73;12.65;12.73;12.65;12.69;12.69;12.81;12.77;12.73;12.73;12.69;12.81;12.69;12.89;12.81;12.85;12.73;12.73;12.81;12.77;12.81;12.77;12.81;12.81;12.77;12.93;12.77;12.81;12.81;12.77;12.69;12.77;12.85;12.61;12.81;12.73;12.81;12.81;12.73;12.81;12.73;12.69;12.85;12.77;12.73;12.85;12.65;12.81;12.61;12.73;12.77;12.81;12.81;12.89;12.81;12.81;12.85;12.85;12.89;12.81;12.85;12.77;12.85;12.89;12.85;12.81;12.73;12.73;12.73;12.85;12.89;12.73;12.77;12.89;12.89;12.73;12.81;12.81;12.93;12.93;12.97;13.09;13.01;12.85;13.09;12.85;12.89;12.89;13.01;12.93;12.93;12.89;12.89;13.01;12.89;12.89;13.01;12.93;12.97;12.93;12.93;12.85;12.93;13.05;12.89;12.93;12.89;12.93;12.97;12.97;12.93;13.01;12.97;12.89;12.89;12.93;12.93;12.93;12.93;12.85;13.05;12.85;12.89;12.89;12.89;12.81;12.77;12.85;12.89;12.81;12.81;12.37;12.73;12.93;12.93;12.93;12.89;12.93;12.97;12.93;12.97;12.93;12.85;12.89;12.85;12.89;12.85;12.85;12.77;12.89;12.89;13.01;12.89;13.05;12.89;12.89;12.89;12.77;12.85;12.89;12.89;12.97;12.81;12.89;12.93;12.89;12.69;12.85;12.81;12.85;12.77;12.57;12.69;12.81;12.85;12.93;12.77;12.93;12.93;12.85;12.81;12.89;12.85;12.89;12.85;12.89;12.89;12.85;12.81;12.81;12.65;12.77;12.73;12.73;12.73;12.85;12.89;12.89;12.73;12.89;12.93;12.85;12.81;12.73;12.73;12.81;12.73;12.69;12.85;12.85;12.85;12.85;12.73;12.77;12.85;12.85;12.85;12.85;12.89;12.97;12.93;12.85;12.89;12.85;12.81;12.65;12.73;12.73;12.69;12.89;12.81;12.77;12.85;12.89;12.81;12.69;12.77;12.81;12.89;12.85;12.77;12.85;12.77;12.85;12.81;12.89;12.89;12.81;12.89;12.93;12.77;12.69;12.77;12.85;12.85;12.69;12.77;12.85;12.81;12.81;12.81;12.81;12.81;12.81;12.77;12.69;12.77;12.73;12.81;12.81;12.81;12.81;12.53;12.69;12.73;12.89;12.93;12.89;12.85;12.93;12.93;12.73;12.61;12.85;12.89;12.85;12.73;12.69;12.85;12.85;12.89;12.89;12.93;12.85;12.85;12.89;12.93;12.85;12.89;12.85;12.93;12.89;12.89;12.85;12.85;12.85;12.85
12.73;12.69;12.81;12.73;12.73;12.73;12.77;12.77;12.81;12.77;12.73;12.73;12.69;12.65;12.73;12.65;12.73;12.73;12.73;12.61;12.61;12.57;12.77;12.69;12.73;12.77;12.69;12.69;12.81;12.73;12.73;12.77;12.77;12.73;12.85;12.81;12.81;12.81;12.77;12.53;12.69;12.81;12.81;12.85;12.93;12.85;12.85;12.81;12.69;12.73;12.73;12.85;12.89;12.77;12.77;12.77;12.81;12.93;12.85;12.85;12.69;12.85;12.89;12.77;12.73;12.81;12.81;12.81;12.89;12.73;12.73;12.81;12.77;12.73;12.73;12.73;12.69;12.65;12.73;12.69;12.81;12.81;12.81;12.89;12.89;12.85;12.85;12.73;12.73;12.93;12.93;13.01;12.85;12.85;12.81;12.85;12.81;12.85;12.85;12.85;12.85;12.93;12.93;12.93;12.85;12.89;12.81;13.01;13.05;12.97;12.97;13.01;13.01;13.05;12.89;12.81;12.77;12.93;12.97;12.85;12.85;12.93;13.01;12.85;12.85;13.01;12.93;12.93;12.93;12.89;12.89;12.97;13.01;12.89;12.93;12.97;12.89;12.85;12.97;12.97;13.01;13.05;13.01;12.89;12.93;12.93;12.89;12.85;12.93;12.77;12.81;12.89;12.89;12.93;12.93;12.89;12.69;12.85;12.89;12.85;12.85;13.25;12.85;13.05;12.97;12.89;12.93;12.89;12.85;12.89;12.89;12.89;12.89;12.85;12.85;12.85;12.69;12.89;13.01;12.77;12.81;12.81;13.01;12.89;12.85;12.89;12.89;12.81;12.93;12.93;12.69;12.93;12.85;13.09;12.85;12.89;12.89;12.89;12.93;12.77;12.89;12.89;12.93;12.85;12.85;12.81;12.85;12.89;12.85;12.85;12.85;12.81;12.89;12.89;12.89;12.89;12.89;12.89;12.81;12.77;12.77;12.69;12.77;12.77;12.89;12.85;12.89;12.81;12.89;12.85;12.85;12.77;12.77;12.81;12.85;12.89;12.85;12.85;12.93;12.85;12.73;12.93;13.05;12.93;12.85;12.85;12.85;12.97;12.93;12.97;12.85;12.81;12.81;13.01;12.77;12.89;12.81;12.73;12.97;12.85;12.81;12.73;12.65;12.77;12.93;12.81;12.85;12.73;12.73;12.93;12.85;12.77;12.81;12.85;12.69;12.77;12.85;12.89;12.61;12.85;12.73;12.77;12.89;12.69;12.81;12.85;12.85;12.81;12.85;12.81;12.93;12.81;12.81;12.73;12.85;12.77;12.97;12.81;12.89;12.85;12.85;12.85;12.85;12.89;12.89;12.93;13.01;12.93;12.93;13.05;12.89;12.89;12.77;12.81;12.81;12.81;12.85;12.97;12.81;12.85;12.89;12.85;12.93;12.89;12.89;12.97;12.81;13.01;13.01;12.93;12.77;12.65;12.81;12.85;12.85;12.85
12.73;12.73;12.81;12.77;12.73;12.69;12.73;12.73;12.81;12.53;12.69;12.73;12.69;12.73;12.65;12.65;12.69;12.69;12.77;12.61;12.77;12.81;12.73;12.81;12.65;12.69;12.69;12.57;12.73;12.73;12.73;12.77;12.81;12.81;12.65;12.85;12.81;12.81;12.65;12.77;12.85;12.85;12.81;12.89;12.85;12.81;12.85;12.89;12.73;12.73;12.81;12.81;12.77;12.77;12.77;12.69;12.81;12.81;12.89;12.81;12.81;12.81;12.85;12.85;12.81;12.85;12.89;12.89;12.81;12.81;12.81;12.77;12.81;12.73;12.81;12.81;12.81;12.69;12.49;12.49;12.85;12.89;12.85;12.65;12.65;12.73;12.77;12.73;12.73;12.85;12.93;12.89;12.85;12.65;12.81;12.85;12.89;12.89;12.81;12.89;12.85;12.93;12.85;12.93;12.89;12.89;12.89;13.01;12.89;12.93;13.01;13.05;13.01;12.89;13.01;12.93;12.89;12.77;12.97;12.97;12.85;12.89;13.01;12.93;12.89;13.01;12.85;12.93;12.85;12.97;12.85;12.93;13.01;12.89;12.93;12.97;12.97;12.89;13.05;12.97;12.97;13.05;13.05;12.89;12.97;12.93;12.93;12.85;12.89;12.85;12.89;13.01;12.89;12.93;12.93;12.93;12.93;12.85;12.89;12.89;12.85;12.81;13.01;12.89;12.97;12.97;12.65;12.81;12.93;12.97;12.93;12.93;12.89;12.77;12.89;12.89;12.93;12.93;12.97;12.93;12.89;12.61;12.93;12.89;12.89;12.89;12.89;12.89;12.93;12.93;12.93;12.77;12.93;12.85;12.97;12.93;12.93;12.93;13.01;12.89;12.93;12.93;12.97;12.81;12.85;12.97;12.93;12.89;12.89;12.85;12.93;12.81;12.93;12.89;12.89;12.85;12.81;13.01;12.81;12.85;12.93;12.81;12.81;12.89;12.85;12.89;12.89;12.81;12.81;12.85;12.81;12.85;12.85;12.81;12.85;12.85;12.85;13.05;12.89;12.85;12.97;12.97;12.97;12.85;12.85;12.81;12.85;12.93;13.09;12.93;13.01;12.89;12.85;12.89;12.89;12.93;12.93;12.89;12.81;12.69;12.85;12.65;12.77;12.81;12.89;12.89;12.89;12.81;12.93;12.89;12.89;12.85;12.89;12.81;12.81;12.89;12.81;12.73;12.73;12.73;12.53;12.77;13.01;12.69;12.85;12.81;12.89;12.93;12.69;12.77;12.85;12.85;12.77;12.73;12.89;12.89;12.85;12.89;12.69;12.89;12.89;12.85;12.89;12.85;12.89;12.73;13.05;13.05;12.93;13.01;13.01;13.01;12.97;12.77;12.81;12.81;12.85;12.97;12.85;13.01;12.77;12.85;12.93;12.97;12.93;12.97;12.97;13.05;12.89;12.93;12.93;12.89;12.93;12.65;12.81;12.81
12.73;12.81;12.73;12.77;12.69;12.73;12.73;12.73;12.85;12.69;12.69;12.73;12.73;12.65;12.77;12.69;12.73;12.73;12.81;12.77;12.85;12.69;12.81;12.81;12.73;12.89;12.77;12.69;12.69;12.73;12.89;12.81;12.85;12.77;12.89;12.81;12.81;12.77;12.77;12.69;12.97;12.73;12.81;13.01;12.81;12.85;12.81;12.81;12.81;12.81;12.89;13.05;12.77;12.73;12.77;12.81;12.93;12.85;12.81;12.85;12.85;12.85;12.85;12.81;12.81;12.85;12.85;12.77;12.93;12.81;12.73;12.81;12.81;12.81;12.81;12.85;12.85;12.61;12.65;12.61;12.85;12.89;12.81;13.01;12.73;12.73;12.85;12.89;12.93;12.93;12.77;12.73;12.89;12.85;13.01;12.93;12.85;12.89;12.85;12.89;12.89;12.81;12.97;12.93;12.93;12.93;12.89;13.13;12.89;13.01;12.89;13.13;12.97;12.97;13.09;13.01;12.93;12.97;12.97;13.13;13.05;13.09;13.01;12.93;13.17;13.01;12.89;12.89;12.89;12.89;13.09;13.01;13.09;12.89;13.01;12.97;12.97;12.97;13.05;13.05;13.05;13.05;13.01;13.21;13.01;12.97;13.01;12.77;12.85;13.13;12.85;13.05;13.05;13.05;12.93;13.01;12.85;12.89;12.89;12.89;12.81;12.89;12.93;13.13;13.01;12.97;12.97;12.93;12.93;12.93;12.93;13.01;12.93;12.89;12.89;12.85;12.93;12.93;12.97;12.97;13.01;12.93;13.09;12.93;12.85;12.85;12.85;12.93;12.93;12.97;12.85;12.89;12.89;12.89;12.97;13.09;12.89;12.97;12.93;12.73;12.93;13.01;12.97;12.89;12.85;12.85;12.97;12.93;13.05;12.89;12.93;13.01;12.93;13.05;12.93;12.85;12.89;12.89;12.85;12.89;12.89;12.85;12.85;13.01;12.85;12.85;12.85;12.85;12.93;12.89;12.85;12.89;12.85;12.81;12.69;12.93;13.01;12.89;12.89;12.89;12.93;13.01;12.93;12.93;12.89;12.85;12.85;12.81;12.93;12.93;12.89;12.89;12.85;12.85;12.89;12.93;12.93;12.77;12.81;12.89;12.93;13.01;12.81;12.81;12.89;12.85;12.81;12.85;12.81;12.85;12.89;12.93;12.81;12.93;12.89;12.89;12.85;12.93;12.81;12.89;12.85;12.69;12.89;12.81;12.85;12.85;12.97;12.81;12.77;12.77;12.85;12.85;12.93;12.89;12.85;12.85;12.85;12.81;12.85;12.89;13.05;12.93;12.89;12.93;12.93;12.93;13.01;12.89;12.85;12.93;12.97;13.05;13.01;12.89;12.81;12.89;12.77;12.97;13.05;12.89;12.89;12.93;12.93;12.93;13.01;12.97;12.89;12.93;12.97;12.97;13.05;12.93;12.89;12.85;12.77;12.89
12.73;12.69;12.61;12.73;12.65;12.73;12.69;12.69;12.73;12.65;12.69;12.73;12.73;12.61;12.65;12.69;12.73;12.77;12.77;12.69;12.69;12.69;12.65;12.81;12.81;12.81;12.81;12.77;12.85;12.77;12.81;12.69;12.81;12.81;12.81;12.81;12.81;12.73;12.77;12.81;12.85;12.65;12.81;12.81;12.81;12.81;12.81;12.81;12.81;12.73;12.81;12.73;12.69;12.73;12.77;12.77;12.81;12.77;12.77;12.77;12.81;12.85;12.89;12.77;12.77;12.77;12.69;12.77;12.65;12.73;12.69;12.73;12.81;12.73;12.81;12.77;12.73;12.81;12.73;12.89;12.81;12.81;12.85;12.89;12.81;12.81;12.85;12.73;12.93;12.85;12.81;12.73;12.97;13.01;13.01;12.89;12.85;12.85;12.93;12.85;12.81;12.81;12.73;12.93;13.01;12.85;12.89;13.01;13.05;12.93;12.89;12.93;12.89;12.85;13.01;12.97;12.73;12.89;13.13;12.93;12.93;12.93;13.05;13.01;13.01;12.77;13.09;13.01;12.89;12.97;13.01;13.05;12.93;12.93;13.01;13.05;13.01;13.01;13.01;13.01;13.17;13.01;13.05;13.01;12.97;12.89;12.93;12.89;12.97;12.89;12.85;12.97;12.89;12.97;12.85;12.93;12.85;12.89;12.85;12.89;12.89;13.01;13.05;12.93;13.17;12.89;12.93;12.85;12.89;13.01;12.97;12.89;12.89;13.01;12.89;12.85;12.85;12.89;13.05;13.01;13.05;12.93;12.93;12.89;12.81;12.81;12.85;12.93;12.93;12.93;12.85;12.85;12.85;13.01;12.89;12.85;13.01;12.89;12.85;12.93;12.93;12.85;12.93;12.89;12.85;12.85;12.89;12.85;12.93;12.93;12.93;12.97;12.93;12.93;12.89;12.81;12.85;12.81;12.85;12.89;12.81;12.89;12.85;12.81;13.01;12.89;12.81;12.89;12.89;12.85;12.81;12.85;12.85;12.81;12.77;13.05;12.89;12.89;12.89;13.01;13.01;13.01;12.93;12.89;12.89;12.85;12.85;12.89;12.85;12.89;12.85;12.85;12.85;12.85;12.93;13.05;12.89;12.81;12.97;12.93;12.89;12.93;12.85;12.89;12.89;12.93;12.69;12.81;12.81;12.77;12.85;12.85;12.85;12.81;12.93;12.89;12.89;12.85;12.89;12.85;12.81;12.81;12.81;12.89;12.85;12.81;12.77;12.73;12.85;12.89;12.85;12.85;12.89;12.81;12.89;12.85;12.81;12.69;12.85;12.81;12.89;12.89;12.93;12.89;12.89;12.89;12.93;12.69;12.93;12.93;12.89;12.89;12.89;12.93;12.85;12.93;13.01;12.93;12.93;12.89;12.89;12.89;12.93;12.97;12.93;13.01;13.01;12.93;12.93;12.97;12.93;12.89;12.89;12.85;12.81;12.89
12.77;12.61;12.73;12.61;12.73;12.81;12.69;12.65;12.73;12.69;12.69;12.69;12.65;12.69;12.65;12.65;12.77;12.81;12.85;12.69;12.69;12.73;12.69;12.69;12.73;12.85;12.81;12.69;12.73;12.69;12.69;12.65;12.81;12.89;12.93;12.73;12.73;12.77;12.81;12.73;12.89;12.81;12.81;12.81;12.85;12.73;12.77;12.73;12.77;12.77;12.73;12.77;12.73;12.81;12.77;12.77;12.69;12.81;12.73;12.77;12.81;12.81;12.85;12.85;12.69;12.89;12.77;12.69;12.69;12.73;12.73;12.65;12.65;12.57;12.77;12.81;12.77;12.69;12.65;12.65;12.73;12.77;12.77;12.73;12.77;12.73;13.05;12.81;12.85;12.81;12.73;12.85;12.89;12.89;13.01;12.73;12.81;12.89;12.89;12.77;12.57;12.85;12.93;12.93;12.93;12.85;12.93;13.01;12.97;12.89;12.89;12.85;12.85;12.89;12.93;12.85;12.85;12.89;12.77;12.89;12.85;13.01;13.01;12.93;12.89;12.93;13.01;13.01;13.01;12.93;13.01;13.01;13.05;12.93;13.05;13.05;13.01;13.05;13.01;13.05;12.81;12.93;12.93;12.93;12.89;12.89;12.85;12.89;12.85;12.93;12.93;12.97;12.93;12.89;12.85;12.81;12.85;12.89;12.89;12.85;12.89;12.77;12.85;12.89;12.89;12.89;12.89;12.89;12.85;12.89;12.93;12.89;12.89;12.89;12.85;12.93;12.81;13.05;12.81;12.93;12.93;12.93;12.93;12.89;12.81;12.89;12.93;12.93;12.93;12.85;12.89;12.65;12.85;12.85;13.01;12.81;12.81;12.85;12.81;12.85;12.89;12.81;12.81;12.93;12.77;12.65;12.89;12.85;12.89;12.93;12.85;12.85;12.89;12.89;12.81;12.81;12.97;12.85;12.81;12.97;12.77;12.81;12.85;12.81;12.85;12.85;12.85;12.89;12.81;12.77;12.85;12.85;12.77;12.77;12.73;12.89;12.85;12.85;12.89;12.89;13.05;12.93;12.93;12.89;12.81;12.85;12.89;12.85;12.93;12.81;12.77;12.81;12.89;12.97;12.69;12.81;12.77;12.89;12.77;12.89;12.85;12.81;12.81;12.89;12.89;12.89;12.85;12.85;12.73;12.77;12.85;12.93;12.85;12.81;12.69;12.73;12.85;12.93;12.85;12.81;12.81;12.81;12.77;12.85;12.81;12.85;12.81;12.81;12.73;12.81;12.85;12.85;12.81;12.77;12.73;12.85;12.85;12.73;12.69;12.85;12.81;12.85;12.85;12.89;12.85;12.77;12.81;12.73;12.97;12.93;12.89;12.85;12.85;12.89;12.89;12.85;12.85;13.05;12.85;12.89;12.89;12.85;12.97;12.93;13.01;12.93;12.93;12.97;12.81;12.97;12.89;12.85;12.89;12.77;12.89;12.69
12.69;12.69;12.65;12.45;12.73;12.77;12.49;12.73;12.77;12.73;12.73;12.69;12.69;12.65;12.73;12.73;12.73;12.77;12.69;12.69;12.69;12.69;12.69;12.77;12.65;12.65;12.77;12.69;12.69;12.69;12.73;12.61;12.81;12.85;12.81;12.73;12.73;12.69;12.69;12.81;12.81;12.85;12.81;12.77;12.73;12.69;12.77;12.69;12.81;12.73;12.85;12.77;12.77;12.81;12.73;12.77;12.77;12.77;12.77;12.77;12.81;12.77;12.81;12.81;12.81;12.81;12.69;12.73;12.65;12.73;12.77;12.77;12.61;12.65;12.85;12.85;12.77;12.73;12.69;12.69;12.73;12.73;12.73;12.81;12.69;12.81;12.73;12.73;12.77;12.81;12.73;12.69;12.89;12.85;12.89;12.73;12.69;12.81;12.85;12.81;12.81;12.85;12.81;12.85;12.89;12.93;12.93;12.93;12.89;12.93;12.93;12.89;13.01;13.05;12.93;12.93;12.89;12.89;12.89;12.97;12.93;12.77;13.01;12.77;12.97;12.97;12.85;12.93;12.89;13.01;13.01;13.05;13.09;12.89;12.89;12.97;13.09;13.01;13.01;13.09;13.01;13.01;13.01;13.01;12.93;12.89;12.93;12.85;12.93;12.93;12.93;12.93;12.89;12.85;13.01;12.89;12.89;12.93;12.89;12.93;12.89;12.89;12.93;12.93;12.89;12.97;12.93;12.93;12.97;12.89;12.73;12.89;12.89;12.93;12.89;12.89;12.89;12.89;12.93;12.85;13.05;12.89;12.93;12.85;12.81;12.73;12.89;12.93;12.93;12.85;12.93;12.77;12.69;12.93;12.93;12.85;12.89;12.85;12.85;12.81;12.89;12.73;12.85;12.85;12.89;12.81;12.81;12.81;12.89;12.89;12.85;12.81;12.85;12.85;12.85;12.81;12.85;12.89;12.73;12.89;12.81;12.85;12.69;12.89;12.81;12.81;12.85;12.89;12.77;12.81;12.69;12.73;12.77;12.77;12.81;12.81;12.85;12.89;12.89;12.93;12.89;12.81;12.85;12.89;12.81;12.89;12.73;12.93;12.93;12.85;12.89;12.85;12.89;12.89;12.89;12.85;12.81;12.81;12.93;12.93;12.81;12.73;12.81;12.85;12.89;12.85;12.85;12.81;12.81;12.77;12.65;12.85;12.89;12.81;12.73;12.69;12.73;12.73;12.89;12.81;12.69;12.89;12.73;12.77;12.89;12.81;12.85;12.85;12.69;12.89;12.89;12.89;12.85;12.97;12.81;12.89;12.89;12.93;12.69;12.77;12.89;12.85;12.85;12.69;12.81;12.85;12.81;12.81;12.89;12.93;12.73;12.85;12.81;12.89;12.85;12.89;12.85;12.73;12.73;12.73;12.81;12.85;12.89;12.89;12.89;12.93;12.97;12.93;12.97;12.97;12.93;12.93;12.73;12.89;12.85;12.81
12.69;12.61;12.73;12.53;12.61;12.69;12.65;12.73;12.73;12.73;12.73;12.77;12.69;12.69;12.69;12.73;12.73;12.73;12.73;12.73;12.69;12.77;12.65;12.65;12.69;12.69;12.73;12.69;12.73;12.69;12.73;12.73;12.81;12.73;12.93;12.81;12.81;12.77;12.69;12.81;12.77;12.81;12.77;12.81;12.89;12.81;12.73;12.81;12.93;12.85;12.85;12.77;12.81;12.85;12.81;12.77;12.89;12.81;12.81;12.81;12.81;12.81;12.81;12.77;12.81;12.97;12.85;12.89;12.81;12.77;12.89;12.69;12.69;12.69;12.89;12.85;12.69;12.65;12.81;12.85;12.77;12.85;12.77;12.77;12.73;12.81;12.73;12.69;12.73;12.69;12.85;12.97;12.93;12.85;12.85;12.81;12.73;13.01;12.85;12.85;12.81;12.85;12.85;12.89;12.93;12.89;13.01;12.93;12.81;12.93;12.89;12.93;12.97;12.93;12.93;12.89;13.05;13.01;12.97;13.05;13.05;13.01;13.09;12.93;13.09;13.01;13.13;12.93;12.97;13.05;13.25;12.93;13.01;13.01;12.93;13.01;13.05;12.97;13.09;13.05;12.97;12.93;13.05;12.93;12.93;13.05;12.97;13.01;12.93;13.05;12.93;12.97;12.85;12.81;12.93;12.93;12.97;12.93;12.93;12.89;12.93;12.89;12.89;12.93;12.93;12.93;12.89;13.01;13.01;12.89;12.97;12.85;12.89;12.89;12.89;13.13;13.01;12.89;12.89;12.85;12.89;12.81;13.01;12.89;13.01;12.89;12.93;12.93;12.93;13.09;12.93;12.85;12.85;12.89;12.85;12.89;13.01;12.97;12.97;12.89;12.89;12.85;12.85;12.85;13.09;12.93;13.01;12.89;12.85;12.85;12.85;13.01;12.89;12.93;12.85;12.81;13.05;13.05;13.01;12.85;12.97;12.93;12.89;12.77;12.73;12.85;12.85;12.93;12.73;12.77;12.85;12.89;12.85;12.89;12.89;12.93;12.85;12.85;12.93;12.89;13.05;12.85;12.89;12.93;12.81;12.81;12.77;12.81;12.89;12.97;12.89;12.89;12.89;12.93;12.89;12.97;12.85;12.73;12.93;13.01;12.93;12.85;12.85;12.85;12.85;12.97;12.85;12.81;12.73;12.81;12.85;12.89;12.97;12.81;12.77;12.81;12.81;12.81;12.85;12.77;12.81;12.89;12.85;12.69;12.85;12.85;12.89;12.85;12.81;12.85;12.85;12.89;12.85;12.97;12.81;12.73;13.01;12.89;12.85;12.85;12.85;12.89;12.81;12.73;12.81;12.81;12.85;12.85;12.89;13.09;12.93;12.89;12.73;12.85;12.73;12.89;12.73;12.73;12.81;13.01;12.85;12.89;12.89;12.89;12.93;12.89;12.93;13.05;12.97;12.93;12.93;12.89;12.89;12.85;12.85;12.77
12.65;12.69;12.61;12.49;12.49;12.69;12.69;12.69;12.69;12.73;12.89;12.77;12.73;12.69;12.69;12.81;12.73;12.73;12.73;12.73;12.73;12.81;12.65;12.61;12.69;12.73;12.69;12.73;12.77;12.73;12.73;12.77;12.77;12.69;12.73;12.81;12.81;12.73;12.65;12.81;12.73;12.65;12.73;12.85;12.81;12.85;12.77;12.73;12.73;12.93;12.81;12.73;12.81;12.65;12.73;12.81;12.81;12.73;12.77;12.73;12.81;12.81;12.85;12.73;12.73;12.69;12.89;12.81;12.65;12.57;12.73;12.69;12.69;12.69;12.61;12.73;12.53;12.81;12.73;12.77;12.81;12.73;12.81;12.73;12.69;12.81;12.65;12.69;12.81;12.85;12.81;12.73;12.77;12.69;12.85;12.81;12.73;12.73;12.89;12.93;12.77;12.81;12.89;12.85;12.89;12.93;12.89;12.89;12.85;12.93;13.01;12.93;12.97;12.89;12.93;12.93;12.97;12.89;12.89;13.05;13.05;13.05;13.05;12.89;13.01;13.09;13.01;13.01;12.93;12.97;13.05;12.97;13.01;12.93;12.93;12.93;13.01;13.05;12.89;13.13;13.09;13.05;12.97;12.93;12.93;12.97;13.01;13.01;12.89;12.81;12.97;12.93;13.09;12.89;12.93;12.97;12.85;12.97;12.93;13.01;12.93;12.85;12.93;12.93;12.93;13.05;13.01;13.01;13.05;12.93;12.93;12.89;12.85;12.89;12.93;12.93;12.89;12.77;12.89;12.93;12.93;12.89;12.89;12.97;12.85;12.89;12.85;12.93;12.93;12.97;12.93;12.93;12.93;12.93;12.85;12.93;12.97;13.01;12.89;12.89;12.89;12.85;12.89;12.77;13.01;12.85;12.85;12.85;12.85;12.81;12.85;12.85;12.89;12.89;12.93;12.89;12.81;13.01;12.89;12.89;12.93;12.85;12.85;12.89;12.77;12.85;12.93;13.01;12.81;12.81;12.89;12.89;12.97;12.89;12.81;12.93;12.93;12.93;12.89;12.89;12.89;12.85;12.89;12.93;12.81;12.77;12.81;12.89;13.01;13.01;12.89;12.93;13.01;12.81;12.97;12.89;12.89;12.73;12.85;12.93;12.85;12.89;12.85;12.89;12.73;13.13;12.89;12.85;12.85;12.85;12.89;12.89;12.81;12.93;12.65;12.81;12.81;12.73;12.85;12.89;12.73;12.77;12.89;12.89;12.85;12.89;12.81;12.89;12.85;12.81;12.89;12.81;12.85;12.89;12.77;12.73;12.93;12.89;12.85;12.89;12.89;12.89;12.65;12.89;12.81;12.57;12.89;12.89;12.93;12.93;12.93;12.89;12.85;12.65;12.93;12.81;12.73;12.81;12.89;12.69;12.89;12.81;12.97;13.05;12.77;12.93;13.01;12.93;12.89;12.81;12.89;12.81;12.89;12.89;12.85;12.89
12.69;12.69;12.65;12.65;12.69;12.69;12.73;12.69;12.65;12.73;12.69;12.73;12.69;12.69;12.69;12.69;12.73;12.73;12.73;12.73;12.73;12.73;12.69;12.69;12.85;12.73;12.73;12.73;12.73;12.73;12.77;12.69;12.81;12.73;12.77;12.73;12.81;12.73;12.73;12.73;12.85;12.85;12.81;12.81;12.77;12.85;12.89;12.81;12.69;12.85;12.81;12.81;12.69;12.49;12.73;12.73;12.77;12.77;12.89;12.73;12.65;12.85;12.85;12.65;12.81;12.77;12.69;12.77;12.69;12.73;12.85;12.69;12.81;12.61;12.81;12.77;12.73;12.85;12.77;12.73;12.85;12.85;12.73;12.85;12.93;12.81;12.65;12.81;12.81;12.89;12.81;12.85;12.81;12.81;12.69;12.89;12.85;12.85;12.89;12.85;12.77;13.01;12.85;12.85;12.89;12.81;12.81;12.93;12.97;12.73;12.77;13.09;12.89;12.85;12.89;12.93;13.05;12.93;12.93;13.13;13.01;12.97;12.97;12.89;13.05;13.05;13.01;13.01;12.93;13.01;12.93;13.05;13.01;12.93;12.93;12.93;13.05;12.93;12.89;13.01;12.97;12.97;13.01;13.01;13.01;13.05;12.89;12.85;12.93;12.85;12.93;12.93;12.81;12.97;13.05;12.97;13.09;12.85;12.97;13.01;12.85;12.73;12.89;12.93;12.93;13.01;12.81;13.01;12.97;12.97;12.93;12.89;12.85;13.01;12.89;12.85;12.93;12.97;12.85;12.89;12.89;12.89;12.93;12.85;12.89;12.89;12.85;12.85;12.89;12.81;12.89;12.85;12.85;12.93;12.93;12.89;12.93;13.05;13.05;12.73;12.81;12.89;12.89;12.89;12.97;12.93;12.89;12.85;12.81;12.77;12.81;12.89;12.93;12.93;12.89;12.97;12.97;12.85;12.69;12.85;12.85;12.85;12.89;12.85;12.73;12.89;12.89;12.45;12.81;13.01;12.89;12.89;12.89;12.85;12.85;12.93;12.93;12.89;12.93;12.85;12.93;12.89;12.97;12.93;12.81;12.85;12.73;12.77;12.89;12.97;12.81;12.69;12.89;12.85;12.85;12.89;12.85;12.81;12.73;12.89;12.85;12.97;12.81;12.89;12.89;12.89;12.85;12.81;12.93;12.89;12.85;12.93;12.81;12.89;12.85;12.93;12.81;12.85;12.81;12.85;12.81;12.85;12.89;12.85;12.89;12.85;13.09;12.85;12.85;12.85;12.85;12.81;12.77;12.81;12.93;12.73;12.89;13.01;12.81;12.85;12.93;12.89;12.93;12.81;12.85;12.81;12.89;13.01;12.93;13.01;12.93;12.85;12.85;13.01;12.89;12.85;12.85;12.89;12.89;12.89;12.85;12.89;12.85;12.89;12.93;13.01;13.01;13.01;12.93;12.73;12.89;12.89;12.89;12.89;12.93;12.89
12.73;12.69;12.69;12.69;12.65;12.81;12.81;12.77;12.77;12.73;12.73;12.73;12.69;12.69;12.65;12.65;12.69;12.73;12.73;12.73;12.69;12.73;12.65;12.65;12.73;12.85;12.73;12.65;12.69;12.73;12.69;12.81;12.81;12.73;12.69;12.73;12.77;12.81;12.85;12.77;12.73;12.73;12.77;12.81;12.73;12.89;12.89;12.93;12.85;12.81;12.73;13.01;12.69;12.69;12.69;12.73;12.77;12.81;12.77;12.81;12.81;12.93;12.81;12.81;12.69;12.73;12.69;12.73;12.69;12.77;12.81;12.73;12.69;12.73;12.65;12.73;12.73;12.85;12.81;12.77;12.81;12.89;12.81;12.89;12.77;12.85;12.85;12.85;12.89;12.81;12.85;12.81;12.89;12.81;12.85;12.81;12.85;12.89;12.89;12.89;12.81;12.85;12.89;12.89;12.81;12.81;12.77;12.85;12.93;13.05;13.09;12.89;12.93;13.09;12.93;12.97;12.93;12.97;13.01;13.05;12.93;12.97;13.01;12.73;12.89;13.01;12.97;12.97;13.05;13.01;12.93;13.01;13.01;12.89;12.81;13.01;13.01;13.01;12.93;12.93;13.01;12.93;13.01;13.01;13.01;13.01;12.89;12.97;12.97;12.89;12.93;12.89;13.05;13.01;12.93;12.93;12.77;12.89;12.89;12.97;13.01;12.89;12.89;12.89;12.93;12.97;12.89;12.93;13.01;12.89;12.89;12.89;12.93;12.89;12.85;12.85;12.89;12.89;12.93;12.85;12.93;12.93;12.85;12.81;12.93;12.85;12.85;12.85;12.97;12.89;12.89;12.93;12.93;13.01;12.81;12.97;13.01;12.89;12.81;12.89;12.89;12.89;12.93;12.85;12.93;12.81;12.89;12.85;12.89;12.89;12.89;12.89;12.93;12.93;12.89;12.85;12.81;12.85;12.85;12.85;12.73;13.01;12.81;12.85;12.81;12.97;12.85;12.89;12.89;12.85;12.89;12.85;12.89;12.85;12.85;12.89;12.93;12.89;12.97;12.93;13.01;12.97;12.93;12.97;12.97;12.97;12.85;12.85;12.85;12.85;12.77;12.81;12.89;12.89;12.85;12.89;12.85;13.01;12.93;12.89;12.89;12.89;13.01;12.89;12.89;12.85;12.85;12.85;12.81;12.69;12.81;12.81;12.93;12.77;12.85;12.89;12.85;12.89;12.85;12.85;12.85;12.85;12.93;12.89;12.81;12.93;12.93;12.93;12.85;12.85;12.85;12.81;12.81;12.81;12.89;12.73;12.93;12.97;12.93;12.85;12.93;12.89;12.73;12.77;12.85;13.05;12.93;12.85;13.05;13.05;13.05;12.93;12.93;12.93;12.89;12.73;13.09;12.93;12.93;12.93;12.93;12.85;12.85;12.93;12.97;13.01;12.97;12.89;12.89;12.97;12.93;12.81;12.93;12.89;12.93;13.01
12.73;12.73;12.69;12.65;12.73;12.85;12.69;12.69;12.81;12.69;12.69;12.69;12.73;12.69;12.65;12.81;12.73;12.73;12.73;12.73;12.65;12.65;12.69;12.73;12.77;12.77;12.85;12.77;12.65;12.73;12.77;12.85;12.81;12.81;12.73;12.77;12.73;12.69;12.61;12.73;12.81;12.81;12.73;12.69;12.65;12.89;12.81;12.85;12.81;12.77;12.85;12.73;12.69;12.73;12.69;12.61;12.73;12.81;12.81;12.81;12.85;12.69;12.77;12.81;12.65;12.57;12.69;12.69;12.73;12.73;12.81;12.69;12.69;12.69;12.77;12.77;12.53;12.73;12.73;12.73;12.77;12.65;12.73;12.65;12.77;12.81;12.61;12.89;12.85;12.85;12.81;12.65;12.81;12.81;12.85;12.85;12.81;13.01;12.81;12.81;12.73;12.65;12.85;12.89;12.89;12.81;12.81;12.85;12.85;12.93;12.93;12.89;12.89;12.97;12.97;12.93;13.01;13.09;13.01;12.97;13.01;12.93;13.09;12.81;12.89;12.97;13.01;13.05;12.93;12.97;12.93;12.97;13.01;12.89;12.85;12.89;13.01;13.09;12.93;13.01;12.97;12.97;13.05;13.05;12.93;12.97;12.81;13.05;12.93;12.93;12.93;13.05;13.01;12.93;12.93;12.85;12.65;12.81;12.93;12.85;12.93;13.01;13.09;13.01;12.97;12.97;13.01;12.93;12.93;12.93;12.93;12.97;12.93;12.85;12.93;12.85;12.89;12.89;13.05;13.09;13.05;12.89;12.85;12.77;12.77;13.01;12.89;12.85;12.85;12.89;12.93;12.93;12.89;12.89;12.85;13.09;12.89;12.89;12.85;12.85;12.93;12.93;12.97;12.93;12.93;12.89;12.85;12.85;12.89;12.93;12.93;12.97;12.93;13.01;12.81;12.93;12.93;12.97;12.93;12.85;12.77;12.85;12.85;12.89;12.93;12.89;12.93;12.89;12.81;12.93;12.81;12.81;13.05;12.85;12.85;12.89;12.89;12.81;13.05;12.97;12.97;12.97;12.89;12.85;12.97;12.81;12.85;12.85;12.89;12.89;12.81;12.85;12.93;12.93;12.89;12.89;12.93;12.89;12.93;12.93;13.05;13.01;12.93;12.89;12.89;12.85;12.89;12.93;12.81;12.93;12.85;12.89;12.89;12.81;12.85;12.85;12.85;12.85;12.93;12.85;12.57;12.81;12.89;12.89;12.81;12.93;12.85;12.89;12.93;12.89;12.85;12.85;12.85;12.85;12.89;12.85;12.85;12.89;12.93;12.85;12.89;12.85;12.85;12.77;12.81;12.89;12.77;12.89;12.81;13.05;13.01;13.01;12.93;12.93;12.89;12.93;12.89;13.05;13.01;12.89;12.85;12.93;12.77;12.81;12.93;12.97;12.85;12.93;12.89;12.93;13.01;12.85;12.81;12.93;12.85;12.85
12.69;12.69;12.73;12.73;12.69;12.69;12.65;12.73;12.69;12.73;12.73;12.73;12.69;12.69;12.61;12.57;12.73;12.73;12.73;12.65;12.73;12.65;12.69;12.69;12.73;12.89;12.85;12.53;12.73;12.65;12.69;12.77;12.77;12.77;12.81;12.73;12.73;12.81;12.81;12.85;12.89;12.85;12.77;12.81;12.69;12.85;12.81;12.81;12.73;12.85;12.89;12.89;12.73;12.73;12.77;12.77;13.01;12.81;12.77;12.65;12.85;12.81;12.85;12.73;12.73;12.81;12.73;12.73;12.81;12.85;12.73;12.81;12.69;12.65;12.73;12.77;12.61;12.69;12.73;12.61;12.65;12.73;12.85;12.81;12.89;12.65;12.85;12.85;12.81;12.89;13.05;12.81;12.77;12.81;12.73;12.85;12.81;12.73;12.85;12.85;12.81;12.89;12.85;12.93;12.85;12.89;12.85;12.93;12.93;12.93;12.93;12.93;12.85;12.97;13.01;12.93;13.01;13.01;12.97;13.01;13.01;13.05;13.05;12.97;12.97;12.89;12.93;13.01;12.97;13.05;13.01;13.25;12.93;12.93;12.85;12.93;13.05;12.89;12.89;13.09;12.97;13.01;13.05;13.01;13.01;13.01;12.89;12.97;12.93;12.93;12.93;12.93;13.13;12.93;12.85;12.89;12.93;12.97;13.01;12.97;13.01;13.01;13.05;13.01;13.01;13.05;13.01;12.97;12.81;13.01;12.97;12.93;13.05;12.93;13.05;12.93;12.93;12.89;13.05;13.01;12.93;12.89;12.85;12.73;13.01;12.81;12.89;12.93;13.05;12.93;12.93;12.93;12.93;12.93;12.93;13.01;13.01;12.89;12.93;12.85;12.97;12.97;12.93;12.89;12.89;12.85;12.85;12.85;12.97;12.93;12.97;12.97;13.05;13.05;12.89;12.97;13.01;12.89;12.93;12.93;12.81;12.73;12.89;12.85;12.85;12.89;12.89;12.81;12.85;12.93;12.81;12.89;12.85;12.89;12.93;12.93;12.93;12.97;13.01;12.81;13.01;12.93;13.01;12.89;12.89;12.89;12.73;12.97;12.89;12.89;12.93;12.89;12.93;12.93;12.89;12.93;12.93;12.81;12.89;12.93;12.97;13.01;12.89;12.89;12.85;12.85;12.85;13.01;12.97;12.85;12.81;13.05;13.01;12.89;12.89;12.89;12.89;13.01;12.85;12.81;12.97;12.85;12.89;12.89;12.89;12.89;12.93;12.93;12.93;12.89;12.93;12.93;12.89;12.89;12.93;12.81;12.89;12.81;12.89;13.05;12.93;12.93;12.85;12.89;12.93;12.81;12.93;13.09;13.09;13.01;12.97;13.05;13.01;12.93;12.93;12.89;13.01;12.97;13.13;13.01;12.93;12.89;12.89;12.93;12.93;13.01;12.93;13.05;12.93;12.93;12.93;12.89;12.85;12.89;12.89;12.97
12.69;12.65;12.73;12.85;12.69;12.65;12.69;12.85;12.81;12.69;12.73;12.69;12.69;12.65;12.65;12.69;12.69;12.69;12.73;12.65;12.65;12.69;12.69;12.69;12.77;12.89;12.73;12.65;12.77;12.69;12.73;12.69;12.89;12.77;12.65;12.77;12.81;12.85;12.77;12.77;12.77;12.77;12.81;12.93;12.73;12.81;12.81;12.81;12.81;12.85;12.93;12.89;12.77;12.85;12.85;12.81;12.81;12.81;12.73;12.81;13.01;12.69;12.85;12.69;12.89;12.81;12.89;12.85;12.85;12.89;12.81;12.73;12.93;12.65;12.69;12.89;12.69;12.73;12.93;12.89;12.73;12.77;12.81;12.77;12.81;12.65;12.69;12.77;12.85;12.89;12.93;12.89;12.81;12.85;12.85;12.81;12.73;12.73;12.81;12.97;12.85;12.89;12.85;12.93;13.05;12.93;12.81;12.93;12.89;12.93;13.13;12.93;13.05;12.93;13.05;12.93;13.01;13.01;12.97;12.93;12.97;13.01;13.05;12.85;13.13;12.97;12.97;12.93;12.93;13.01;12.97;13.01;12.85;12.77;12.69;12.81;12.93;12.89;13.09;13.05;13.05;12.89;13.01;13.01;13.01;13.09;13.13;13.01;13.09;12.89;12.93;12.97;12.97;12.93;12.93;12.85;12.81;12.97;12.93;12.93;13.01;13.13;13.13;13.17;13.05;13.05;12.89;12.93;12.89;12.97;12.97;12.93;12.93;12.93;12.93;12.93;12.89;12.93;12.89;13.01;12.93;12.85;12.85;12.85;12.93;12.81;12.93;12.93;12.89;12.93;12.93;12.93;12.93;12.93;12.89;12.81;12.93;12.97;12.89;12.89;12.97;12.97;13.01;13.01;12.89;12.89;12.89;12.93;13.01;12.97;12.93;12.93;13.09;12.93;12.97;12.93;12.89;12.85;12.93;12.89;12.81;12.77;12.85;12.85;12.89;12.89;12.85;12.89;12.85;12.89;12.89;12.85;12.89;12.85;12.89;13.01;12.97;12.97;12.93;12.93;13.09;13.05;12.93;12.93;12.89;12.85;12.89;12.93;12.89;12.93;12.93;12.81;12.93;12.93;12.89;13.05;12.89;12.93;12.93;13.01;12.93;13.01;12.89;13.05;12.93;12.89;12.89;12.89;12.89;12.89;12.89;12.89;12.97;12.89;13.13;12.85;12.93;13.01;12.89;12.89;12.73;12.85;12.89;12.89;12.89;13.01;12.97;13.01;12.89;12.93;12.89;12.81;12.85;12.97;13.09;12.81;12.93;12.89;12.93;12.93;12.93;12.89;12.89;12.89;12.93;12.93;12.93;12.97;13.09;12.97;12.89;12.89;12.89;12.93;12.89;12.93;12.93;13.01;13.01;12.97;12.93;12.93;12.89;13.01;13.05;13.05;13.09;13.01;13.09;12.97;12.85;12.85;12.85;12.89;12.93;13.01
12.69;12.65;12.65;12.65;12.69;12.73;12.73;12.81;12.81;12.69;12.69;12.77;12.69;12.61;12.69;12.65;12.69;12.73;12.65;12.65;12.65;12.73;12.65;12.61;12.81;12.77;12.73;12.73;12.69;12.89;12.69;12.81;12.81;12.77;12.73;12.81;12.85;12.85;12.85;12.77;12.73;12.85;12.81;12.77;12.85;12.89;12.81;12.73;12.77;12.85;12.89;12.81;12.73;12.81;12.85;12.73;12.77;12.73;12.77;12.85;12.81;12.81;12.81;12.69;12.61;12.69;12.77;12.85;12.85;12.85;12.85;12.77;12.69;12.73;12.81;12.69;12.81;12.81;12.65;12.85;12.77;12.69;12.73;12.81;12.85;12.65;12.77;12.85;12.81;12.85;12.81;12.89;12.89;12.85;12.89;12.89;12.81;13.09;12.73;12.89;12.85;12.85;12.81;12.81;12.97;12.85;12.73;12.85;12.77;12.85;12.89;12.93;12.93;13.09;12.97;12.81;12.85;13.01;12.89;13.01;12.81;13.09;12.89;12.89;13.05;12.97;12.93;13.01;12.81;12.93;12.97;13.01;12.89;12.77;12.89;13.05;12.93;12.97;12.97;13.05;12.97;12.97;13.05;13.09;13.21;12.89;13.05;13.13;12.93;12.85;12.85;13.01;12.93;12.93;12.93;12.93;12.85;12.89;12.93;12.89;12.93;12.97;13.05;13.13;13.01;13.01;13.01;13.01;13.01;12.89;12.97;12.89;12.93;12.93;12.93;12.89;12.89;13.01;13.01;12.85;12.89;12.89;12.89;12.93;12.77;12.93;13.01;12.97;12.93;13.01;13.01;12.93;12.93;12.81;12.81;12.77;12.93;12.97;12.93;12.89;12.93;12.89;12.85;13.13;12.93;12.89;12.93;13.13;12.89;12.97;12.89;12.93;12.93;12.93;12.93;12.97;12.93;12.93;12.85;12.81;12.85;12.89;12.81;12.89;12.89;12.89;12.85;12.93;12.85;12.89;12.85;12.97;12.89;12.85;12.97;13.01;12.93;12.93;12.97;12.97;12.93;12.93;12.93;12.97;13.09;12.93;12.93;12.93;12.89;12.89;12.85;12.77;12.81;12.93;12.89;12.89;12.85;12.93;12.89;12.89;12.93;12.93;12.85;12.93;12.93;12.77;12.89;12.93;12.85;12.89;12.85;12.89;12.93;12.85;12.93;12.85;12.89;12.81;12.89;12.81;12.73;12.73;12.89;12.89;12.93;13.01;13.01;12.85;12.89;12.93;12.93;12.81;12.77;12.85;13.05;12.93;12.93;12.89;12.89;12.89;12.89;12.89;12.81;12.89;12.93;12.93;12.93;12.93;12.97;12.97;12.85;12.97;12.73;12.89;12.85;12.93;12.93;13.01;13.01;12.97;12.93;12.97;13.01;13.05;13.05;13.01;13.05;13.05;13.01;12.93;12.89;12.85;12.89;12.89;12.89;12.89
12.61;12.69;12.69;12.73;12.73;12.73;12.77;12.73;12.69;12.69;12.73;12.69;12.69;12.73;12.73;12.73;12.81;12.73;12.65;12.65;12.73;12.73;12.69;12.69;12.69;12.73;12.81;12.73;12.69;12.77;12.85;12.81;12.73;12.81;12.73;12.81;12.81;12.85;12.81;12.93;12.77;12.73;12.73;12.73;12.81;12.85;12.89;12.85;12.77;12.85;12.93;12.85;12.89;12.85;12.85;12.89;12.77;12.77;12.73;12.81;12.81;12.81;12.81;12.65;12.49;12.69;12.93;12.89;12.77;12.81;12.81;12.73;12.73;12.73;12.81;12.81;12.81;12.73;12.81;12.69;12.65;12.73;12.73;12.77;12.77;12.89;12.81;12.77;12.85;12.77;12.77;12.85;12.73;12.85;12.85;12.85;12.81;12.89;12.85;12.77;12.85;12.89;12.93;12.89;12.89;12.97;12.85;13.01;12.97;12.81;12.85;12.93;13.01;12.89;12.93;12.93;12.93;13.01;12.97;12.93;12.89;12.97;13.01;12.97;13.13;13.05;12.93;12.89;12.93;13.01;12.97;12.93;13.01;13.01;13.05;13.05;13.09;13.01;12.93;13.05;13.09;12.97;13.13;13.05;13.05;13.01;13.01;13.01;12.89;12.81;12.77;12.93;12.93;12.93;12.93;13.01;12.97;12.93;12.93;12.93;13.01;12.97;12.93;12.97;13.01;13.01;13.01;13.09;13.05;13.01;12.97;12.89;12.93;12.93;12.89;12.93;12.85;12.93;12.93;12.89;12.89;12.93;13.05;12.89;12.89;13.01;13.01;13.01;12.97;12.93;12.93;12.77;12.93;12.89;12.93;13.09;12.93;12.89;13.01;12.93;12.93;12.85;12.89;12.93;12.81;12.89;12.93;12.89;13.05;12.73;12.97;12.73;12.81;13.01;12.81;12.89;12.93;12.85;12.85;12.85;12.93;12.89;12.89;12.89;13.01;12.93;12.93;13.01;12.93;12.85;12.85;12.93;12.97;12.89;13.01;13.01;12.93;12.97;12.93;12.93;12.89;12.93;12.93;12.93;12.93;12.89;12.93;12.93;12.93;12.93;12.85;12.85;13.09;13.05;12.85;12.89;12.81;12.97;12.85;12.89;12.81;13.05;12.73;12.93;13.01;12.89;12.89;12.89;12.93;12.89;12.89;12.89;12.93;12.89;12.89;12.93;12.85;12.89;12.85;12.85;12.85;12.93;12.93;12.93;12.93;12.93;12.93;12.89;12.89;12.93;12.89;12.81;12.81;12.81;12.97;13.01;12.89;12.89;12.85;12.85;12.93;12.89;12.89;12.81;12.93;12.93;12.93;12.81;12.89;13.01;12.93;12.97;12.97;13.05;12.89;12.93;13.05;12.97;12.97;12.97;12.93;12.93;12.97;13.01;12.97;13.01;13.01;13.05;13.05;12.97;12.93;12.89;12.89;12.89;12.85;12.85
12.61;12.53;12.69;12.69;12.81;12.77;12.73;12.73;12.65;12.69;12.69;12.73;12.65;12.69;12.69;12.81;12.69;12.85;12.69;12.65;12.53;12.65;12.73;12.69;12.69;12.73;12.73;12.77;12.73;12.73;12.77;12.81;12.73;12.73;12.73;12.77;12.73;12.77;12.69;12.73;12.73;12.77;12.81;12.73;12.73;12.73;12.61;12.89;12.85;12.85;12.93;12.97;12.69;12.73;12.81;12.77;12.81;12.73;12.73;12.77;12.73;12.81;12.81;12.61;12.61;12.81;12.85;12.85;12.57;12.69;12.69;12.69;12.69;12.73;12.73;12.85;12.81;12.89;12.81;12.81;12.93;12.69;12.81;12.53;12.85;12.85;12.85;12.89;12.85;12.81;12.81;12.77;12.85;12.85;12.81;12.89;12.89;12.85;12.85;12.77;12.89;12.89;12.93;12.81;12.93;12.85;12.89;13.01;12.77;12.93;12.93;12.93;12.89;12.85;12.97;12.93;12.97;13.09;12.93;12.93;12.97;13.01;12.97;12.93;13.05;13.01;13.01;12.93;12.97;12.97;12.93;13.01;13.05;12.93;12.93;13.01;13.01;12.93;12.93;12.93;12.89;13.01;13.01;12.93;13.05;13.09;13.01;12.97;12.93;12.89;12.89;12.93;12.93;12.97;13.09;12.93;12.93;12.97;12.93;12.93;13.17;13.01;12.93;13.05;13.01;12.81;13.01;13.01;13.09;13.01;12.93;12.93;13.01;12.89;12.97;13.01;12.89;13.09;12.85;12.89;12.85;12.93;13.01;12.85;12.97;12.93;12.93;13.05;12.97;12.93;12.93;12.85;13.05;12.89;12.89;12.93;12.89;12.85;12.93;13.01;13.05;12.85;12.81;12.89;13.01;12.89;13.05;12.89;13.01;12.85;13.01;12.89;12.93;12.85;12.89;12.89;12.89;12.85;12.81;12.89;12.85;12.93;12.73;12.93;12.89;12.89;12.89;12.85;12.89;12.89;12.77;12.85;13.05;12.89;12.89;13.01;12.93;13.01;12.93;12.93;12.93;12.85;12.89;12.85;12.85;12.93;12.73;13.09;12.93;12.93;12.81;13.13;12.93;12.89;12.85;12.85;12.81;12.93;12.89;12.93;12.89;12.85;12.89;12.93;12.81;12.89;12.93;12.89;12.89;12.89;12.89;12.89;12.89;12.89;12.81;12.81;12.85;12.89;12.89;12.89;12.89;12.89;13.01;12.93;12.89;12.93;12.93;12.89;12.89;12.89;12.85;13.01;12.93;12.89;12.85;12.89;12.85;12.85;12.89;12.85;12.93;12.93;12.89;12.85;12.93;12.93;12.93;12.77;12.81;13.01;12.85;12.93;12.89;12.89;12.73;12.97;12.93;12.89;12.97;12.93;12.97;12.93;13.01;13.01;13.13;13.05;13.01;13.01;13.05;13.05;12.93;12.97;12.89;12.89;12.89;12.85
12.61;12.57;12.57;12.65;12.73;12.73;12.49;12.65;12.65;12.61;12.73;12.69;12.65;12.61;12.61;12.69;12.49;12.65;12.65;12.69;12.65;12.61;12.57;12.73;12.73;12.89;12.61;12.77;12.65;12.65;12.69;12.85;12.73;12.69;12.73;12.65;12.73;12.73;12.65;12.73;12.73;12.65;12.77;12.69;12.69;12.73;12.89;12.89;12.81;12.85;12.81;12.73;12.61;12.69;12.77;12.81;12.65;12.69;12.77;12.73;12.73;12.81;12.69;12.85;12.65;12.65;12.69;12.77;12.81;12.69;12.61;12.65;12.69;12.69;12.53;12.73;12.81;12.81;12.77;12.77;12.85;12.73;12.73;12.69;12.81;12.85;12.85;12.81;12.81;12.85;12.81;12.81;12.81;12.93;12.85;12.89;13.01;12.89;12.73;12.73;12.77;12.89;12.85;12.85;12.77;12.73;12.73;12.93;12.81;12.85;12.93;12.93;12.85;12.85;12.81;12.81;12.97;12.89;12.85;12.93;12.97;13.01;13.01;12.85;13.05;13.01;13.01;12.93;12.89;13.01;12.85;12.97;12.89;12.93;12.97;12.93;12.93;12.93;12.89;12.93;12.89;12.85;12.89;12.97;12.93;12.97;13.01;12.85;12.81;12.93;12.93;12.89;12.93;13.01;13.01;13.01;12.93;12.93;12.77;12.93;12.97;12.93;12.97;12.93;13.01;12.97;12.93;13.01;13.05;12.85;12.89;12.89;12.81;12.89;12.97;12.89;12.73;12.89;12.89;12.77;12.81;12.89;12.89;12.69;12.77;12.85;12.89;12.97;12.89;12.89;12.93;12.89;12.97;12.89;12.85;12.81;12.93;12.93;12.89;13.01;12.97;12.85;12.85;12.81;12.89;12.89;12.93;12.89;12.85;12.49;12.89;12.93;12.81;12.93;12.93;12.89;12.85;12.85;12.81;12.89;12.89;12.89;12.89;12.89;12.89;12.81;12.89;12.93;12.85;12.85;12.77;12.97;12.89;12.81;12.85;13.01;12.97;12.77;12.93;12.93;12.93;12.97;12.85;12.73;12.81;12.81;12.89;12.89;12.93;12.89;12.89;12.81;12.89;12.85;12.85;12.89;12.89;12.93;12.93;12.93;12.81;12.85;12.85;12.85;12.85;12.77;12.77;12.77;12.81;12.97;12.89;12.85;12.85;12.73;12.85;12.81;12.85;12.93;12.93;12.81;12.81;12.69;12.89;12.89;12.89;12.89;12.93;12.89;12.89;12.89;12.69;12.73;12.89;12.69;12.89;12.85;13.09;12.85;12.69;12.89;12.89;12.93;13.01;12.89;12.93;12.93;12.85;12.89;12.73;12.97;12.89;12.89;12.97;12.93;12.73;12.97;12.93;12.93;13.01;13.05;12.93;12.81;13.05;13.05;13.01;12.89;13.01;13.01;13.09;12.85;12.93;12.93;12.89;12.93;12.81;12.85
12.65;12.61;12.61;12.69;12.73;12.65;12.57;12.61;12.69;12.65;12.61;12.61;12.53;12.65;12.61;12.61;12.69;12.65;12.65;12.65;12.69;12.61;12.69;12.73;12.69;12.65;12.69;12.73;12.69;12.65;12.73;12.65;12.85;12.73;12.73;12.73;12.73;12.73;12.73;12.77;12.81;12.81;12.73;12.73;12.65;12.89;12.85;12.81;12.61;12.69;12.85;12.69;12.69;12.61;12.69;12.73;12.69;12.77;12.81;12.81;12.65;12.69;12.73;12.65;12.65;12.69;12.69;12.73;12.77;12.73;12.69;12.57;12.61;12.69;12.65;12.69;12.65;12.69;12.61;12.73;12.69;12.65;12.65;12.73;12.85;12.81;12.85;12.69;12.73;12.85;12.85;12.81;12.81;12.77;12.81;12.81;12.81;12.89;12.77;12.69;12.81;13.09;12.81;12.85;12.85;12.65;12.73;12.89;12.85;12.93;12.89;12.85;12.89;12.85;12.85;12.85;13.09;12.93;12.81;12.85;13.05;12.93;13.09;12.89;13.05;13.05;13.01;12.97;12.93;13.01;13.01;13.05;12.89;12.93;12.89;12.97;12.85;12.97;12.97;12.97;12.89;12.89;13.01;12.81;13.01;12.93;12.93;12.85;12.93;12.89;12.85;12.97;12.89;13.01;12.93;13.01;12.85;13.01;13.01;12.97;13.01;13.09;12.97;12.93;13.05;12.97;13.09;13.05;12.97;13.01;12.93;12.93;12.93;12.89;12.93;12.89;12.89;12.89;12.93;12.93;12.93;12.81;12.85;12.85;12.77;12.85;12.89;12.89;12.89;12.93;12.93;12.89;12.97;12.93;12.85;12.89;12.93;12.93;12.89;12.93;12.97;12.89;12.93;12.93;12.89;12.93;12.93;12.85;12.85;12.85;12.89;12.93;12.85;12.89;13.05;12.89;12.85;12.77;12.85;12.85;12.93;12.89;12.93;12.89;12.93;12.93;12.89;12.89;12.93;12.93;12.85;12.93;12.93;12.81;12.85;12.89;12.85;13.01;12.85;12.93;12.93;12.97;12.93;12.81;12.89;12.81;12.81;12.89;12.89;12.93;12.93;12.81;12.77;12.85;12.89;12.89;12.89;12.93;12.93;12.89;13.01;12.81;12.85;12.89;12.89;12.89;12.81;12.89;12.85;12.73;12.85;12.81;12.85;12.85;12.89;12.85;12.89;12.93;12.97;12.85;12.89;12.81;12.85;12.85;12.77;12.93;12.85;12.81;12.89;12.85;12.89;12.85;12.81;12.89;12.93;13.01;12.97;12.81;12.81;12.89;12.93;12.89;12.97;12.93;12.93;12.89;12.89;12.89;12.89;13.01;12.93;12.93;12.97;12.89;12.93;12.93;12.93;12.93;12.97;12.89;12.89;12.93;13.01;12.93;13.05;12.85;12.93;13.01;13.13;12.85;12.81;12.93;12.93;13.09;12.93;12.93
12.61;12.61;12.69;12.69;12.69;12.73;12.69;12.69;12.69;12.69;12.65;12.65;12.61;12.65;12.65;12.65;12.89;12.81;12.69;12.65;12.69;12.81;12.49;12.69;12.73;12.73;12.69;12.73;12.73;12.77;12.77;12.81;12.73;12.69;12.73;12.73;12.73;12.73;12.77;12.73;12.85;12.85;12.77;12.69;12.69;12.85;12.77;12.73;12.81;12.69;12.81;12.81;12.73;12.69;12.81;12.73;12.81;12.97;12.81;12.69;12.73;12.69;12.73;12.65;12.57;12.81;12.73;12.73;12.73;12.65;12.53;12.49;12.65;12.89;12.73;12.77;12.73;12.69;12.73;12.69;12.69;12.73;12.69;12.77;12.81;12.85;12.73;12.85;12.93;12.85;12.85;12.93;12.97;12.89;12.85;12.89;12.85;12.97;12.81;12.73;12.81;12.77;12.89;12.93;12.85;12.89;12.85;12.89;12.89;13.01;12.89;12.93;12.89;12.93;12.93;13.09;12.89;13.29;12.93;12.85;12.81;12.97;13.09;12.93;12.97;13.05;13.01;13.01;13.09;13.05;12.89;13.05;12.85;12.89;13.01;13.21;13.01;13.01;12.69;13.01;13.01;12.97;13.01;12.97;12.97;12.97;12.93;12.89;12.97;13.01;12.93;12.93;13.05;12.93;13.01;12.93;12.93;12.93;13.01;13.05;12.93;12.93;12.93;13.01;13.09;13.17;13.09;13.05;13.05;13.09;12.97;12.93;12.89;12.85;12.93;12.89;12.93;12.93;12.97;12.97;12.85;12.85;12.89;12.85;12.93;12.89;12.93;12.93;12.89;12.89;12.93;13.09;12.85;12.97;12.89;12.89;12.89;12.93;12.97;12.93;12.93;12.85;12.93;12.81;13.01;12.89;12.81;12.85;13.01;12.89;12.97;13.09;13.05;13.01;12.93;12.89;12.97;12.89;12.93;12.89;12.89;12.89;12.93;12.93;12.93;12.97;12.85;12.93;12.89;13.13;12.85;12.93;12.89;13.05;12.89;12.97;12.85;12.93;12.93;13.01;13.01;12.93;12.89;12.89;12.89;13.09;12.85;12.93;12.89;12.97;12.93;12.85;12.89;12.89;12.89;12.85;12.73;12.85;12.89;12.89;12.89;13.13;12.93;12.93;12.89;12.93;12.93;12.89;12.89;12.89;12.89;12.81;12.93;12.93;12.97;12.81;13.01;12.93;12.81;12.89;12.89;12.89;12.89;13.09;12.85;12.97;12.89;12.85;12.69;12.85;12.85;12.81;12.85;12.73;12.89;12.93;12.89;12.93;12.89;12.89;12.89;13.13;12.89;13.05;12.89;12.93;13.13;12.93;12.89;12.97;12.93;12.73;12.97;12.89;13.01;12.93;12.93;12.93;13.01;13.01;12.85;12.73;13.01;13.01;13.05;13.05;12.89;12.97;13.01;12.97;12.89;12.93;12.93;12.93;12.85;13.01
12.61;12.65;12.73;12.69;12.73;12.69;12.61;12.61;12.57;12.53;12.65;12.65;12.65;12.65;12.65;12.77;12.65;12.69;12.65;12.65;12.69;12.69;12.69;12.69;12.73;12.73;12.69;12.69;12.69;12.77;12.81;12.73;12.69;12.65;12.73;12.49;12.73;12.77;12.77;12.77;12.77;12.81;12.81;12.69;12.81;12.65;12.81;12.69;12.81;12.77;12.81;12.81;12.93;12.77;12.69;12.73;12.85;12.81;12.81;12.73;12.73;12.81;12.73;12.69;12.77;12.73;12.69;12.77;12.73;12.69;12.57;12.65;12.69;12.65;12.73;12.81;12.65;12.61;12.77;12.77;12.81;12.77;12.69;12.73;12.73;12.81;12.81;12.81;12.85;12.85;12.85;12.85;12.85;12.73;12.89;12.89;12.93;12.89;12.85;12.85;12.65;12.85;12.81;12.85;12.77;12.89;12.73;12.85;12.89;13.01;12.97;12.89;13.01;12.97;12.89;12.89;12.89;13.01;13.01;12.93;13.05;13.01;13.01;12.85;13.05;12.97;12.89;13.01;13.01;13.09;13.01;13.09;13.05;13.01;13.05;13.01;13.13;13.01;12.93;13.01;13.09;13.01;12.89;13.01;13.01;12.97;12.97;12.93;12.93;12.85;12.93;12.97;12.97;12.97;13.05;12.97;13.17;12.97;12.89;12.93;12.97;12.89;13.01;13.01;13.05;13.01;13.05;12.93;13.01;13.01;12.93;12.93;12.89;12.85;12.85;12.89;12.93;12.89;12.97;12.85;12.89;12.81;12.89;12.85;12.89;12.89;12.93;12.93;12.89;12.89;12.93;12.93;13.01;12.93;12.93;12.89;12.81;12.89;12.93;12.93;12.93;12.93;12.93;12.89;13.01;12.85;12.77;12.89;13.05;13.01;12.93;13.01;13.05;12.89;12.89;12.97;12.93;12.93;12.85;12.85;12.89;12.89;12.93;12.81;12.89;13.01;12.93;12.97;12.89;12.85;12.85;12.89;12.97;12.97;12.93;12.93;12.89;12.81;13.01;12.97;13.05;12.89;12.89;12.89;12.89;12.69;12.81;13.01;12.89;12.89;12.81;12.89;12.93;12.93;12.93;13.01;12.85;12.77;12.89;12.89;12.89;12.89;12.89;12.89;12.93;12.93;12.93;12.97;13.01;12.85;12.69;12.89;12.97;12.85;12.85;12.81;12.69;12.81;12.81;12.77;12.85;12.93;12.93;12.89;12.89;12.93;12.93;12.85;12.73;12.77;12.81;12.81;12.89;12.93;13.09;12.81;12.93;12.89;12.89;12.89;12.85;12.85;12.69;12.85;12.93;13.01;12.89;12.93;12.89;12.89;12.77;12.93;13.01;12.93;12.89;12.85;12.93;12.93;13.05;12.85;12.93;12.85;12.81;13.01;12.85;12.93;12.93;12.93;13.01;13.01;12.97;12.93;12.85;12.85;12.85;12.89
12.73;12.65;12.69;12.69;12.65;12.61;12.53;12.65;12.65;12.61;12.65;12.65;12.65;12.69;12.73;12.61;12.77;12.77;12.73;12.65;12.69;12.69;12.69;12.69;12.81;12.69;12.69;12.81;12.69;12.77;12.81;12.49;12.69;12.69;12.73;12.77;12.81;12.73;12.69;12.77;12.85;12.61;12.73;12.81;12.81;12.73;12.89;12.81;12.85;12.81;12.77;12.81;12.81;12.81;12.73;12.81;12.81;12.81;12.77;12.73;12.73;12.73;12.73;12.73;12.73;12.77;12.73;12.77;12.73;12.77;12.77;12.73;12.65;12.73;12.73;12.73;12.85;12.65;12.77;12.81;12.81;12.85;12.81;12.69;12.77;12.85;12.81;12.61;12.93;12.85;12.85;12.85;12.85;12.85;12.89;12.89;12.81;12.85;12.73;12.73;12.85;12.85;12.89;12.85;12.81;12.73;12.81;12.93;12.93;12.93;12.97;13.01;13.01;12.81;12.85;12.85;12.89;13.01;12.77;13.05;12.93;13.01;12.97;13.01;13.05;12.89;13.05;13.05;12.89;13.01;13.05;12.97;13.05;13.05;13.01;13.01;13.09;12.97;13.01;13.01;13.09;13.05;13.09;13.01;13.01;13.05;12.93;12.89;13.01;12.93;12.97;12.93;12.93;12.97;13.05;12.93;13.09;13.01;12.93;12.93;13.01;12.93;12.97;13.09;13.01;13.01;12.89;13.05;13.05;13.01;12.93;12.93;12.93;12.89;12.89;12.89;12.93;12.85;13.01;12.93;12.81;12.81;12.85;12.85;12.89;12.85;12.97;13.01;12.97;12.97;12.93;12.89;12.93;12.93;12.89;12.93;12.97;12.93;12.93;12.93;12.97;12.97;13.01;12.93;12.89;12.93;12.89;12.85;12.93;12.93;13.01;12.97;12.93;12.89;12.85;12.89;12.93;12.89;12.85;12.89;12.89;12.93;12.89;12.85;12.89;12.97;12.93;12.93;12.89;12.93;13.01;12.89;12.89;12.89;12.93;12.93;12.93;12.89;12.89;12.93;13.09;12.89;12.85;12.89;12.89;12.85;12.89;12.85;12.89;12.89;12.85;12.77;12.93;12.93;12.89;12.97;12.93;12.85;12.93;12.81;12.89;12.85;12.89;12.89;12.81;12.89;12.97;12.97;12.85;12.89;12.85;12.85;12.89;12.89;12.89;12.93;12.93;12.89;12.85;12.85;12.73;12.93;12.89;12.89;12.97;12.97;12.89;12.81;12.85;12.77;13.09;13.01;13.01;12.89;12.97;13.01;12.89;12.85;12.85;12.89;13.01;12.93;12.97;12.97;12.93;12.93;12.93;12.93;12.93;13.09;13.01;13.01;12.97;12.97;12.93;12.89;12.89;12.97;13.01;13.01;12.89;13.05;13.01;12.97;12.93;13.01;13.01;12.97;13.05;13.01;13.01;13.01;13.05;12.93;12.89;13.01
12.69;12.69;12.69;12.81;12.69;12.61;12.53;12.77;12.65;12.65;12.73;12.65;12.61;12.65;12.73;12.77;12.81;12.69;12.69;12.65;12.69;12.73;12.69;12.73;12.69;12.73;12.69;12.69;12.73;12.73;12.73;12.85;12.69;12.69;12.81;12.69;12.89;12.73;12.73;12.69;12.73;12.77;12.81;12.97;12.73;12.81;12.81;12.85;12.93;12.85;12.93;12.81;12.81;12.85;12.81;12.81;12.77;12.77;12.73;12.81;12.77;12.81;12.77;12.73;12.73;12.81;12.77;12.85;12.77;12.81;12.81;12.73;12.69;12.65;12.73;12.85;12.85;12.77;12.69;12.77;12.69;12.89;12.85;12.81;12.85;12.93;12.73;12.81;12.85;12.81;12.85;12.85;12.93;12.85;13.01;12.85;12.81;12.81;12.81;12.89;12.85;12.89;12.93;12.85;12.89;12.81;12.81;12.93;12.93;13.01;13.01;13.09;12.93;13.05;12.85;12.85;13.09;13.09;13.01;13.01;12.93;13.09;13.05;13.01;13.01;13.05;13.05;13.05;12.93;13.01;13.09;13.05;12.93;13.05;13.09;13.09;13.13;13.01;13.05;13.01;13.05;13.05;12.97;12.97;13.05;13.17;13.05;13.21;12.97;13.05;13.09;13.09;12.89;13.05;13.05;13.09;13.05;13.01;13.05;13.01;12.97;13.01;12.93;13.01;12.97;13.09;13.05;13.05;13.05;12.97;13.05;12.89;12.93;12.93;12.89;12.89;12.97;13.05;12.97;12.81;13.01;12.93;13.13;13.01;12.93;13.01;13.01;13.05;12.93;13.01;13.09;13.01;12.93;12.93;12.89;12.93;13.01;12.93;13.09;12.93;13.01;13.05;13.01;12.97;12.93;12.89;12.97;12.93;12.89;12.97;13.05;13.01;12.93;12.93;13.01;12.93;12.93;12.97;12.93;12.89;12.73;12.89;12.89;12.97;12.89;12.89;12.93;13.21;12.89;12.89;12.93;13.01;12.77;12.97;12.93;13.01;12.93;12.89;12.89;12.93;13.05;12.89;12.89;12.89;12.85;12.89;12.73;12.93;12.93;12.93;12.89;12.85;13.01;12.85;12.89;12.93;13.01;12.97;12.89;12.89;13.05;12.93;12.89;12.93;12.97;12.89;12.97;13.05;13.01;13.05;12.93;12.89;12.97;12.89;12.81;13.01;12.93;12.97;12.93;13.05;12.85;12.77;12.93;12.97;13.01;12.89;12.93;12.89;13.05;12.89;12.89;13.05;13.01;12.89;13.01;12.89;12.93;12.89;12.89;12.89;12.93;13.09;13.01;13.05;13.01;12.97;12.93;12.97;13.01;12.97;12.93;12.97;12.89;13.21;12.93;12.97;13.01;13.01;13.09;13.05;13.01;12.97;13.05;13.05;12.97;13.01;13.05;13.01;13.05;13.01;13.05;13.05;13.01;13.01;13.01;13.09
12.69;12.69;12.65;12.69;12.73;12.57;12.61;12.65;12.69;12.69;12.69;12.65;12.65;12.81;12.65;12.69;12.69;12.69;12.69;12.69;12.69;12.69;12.69;12.73;12.73;12.65;12.65;12.65;12.73;12.73;12.73;12.77;12.77;12.73;12.69;12.81;12.73;12.77;12.73;12.69;12.69;12.77;12.81;12.85;12.77;12.73;12.77;12.81;12.85;12.97;12.89;13.01;12.73;12.81;12.81;12.81;12.73;12.69;12.69;12.81;12.93;12.77;12.73;12.73;12.81;12.81;12.93;12.85;12.73;12.77;12.81;12.77;12.69;12.73;12.77;12.85;12.81;12.77;12.77;12.77;12.85;12.73;12.85;12.65;12.81;12.85;12.77;12.69;12.89;12.81;12.85;12.89;12.81;12.81;12.65;12.81;12.85;12.89;12.81;12.85;12.85;12.89;12.89;12.93;12.89;12.85;12.77;12.93;12.89;12.97;12.89;13.01;12.97;12.89;12.93;12.89;13.17;13.17;12.73;12.93;12.85;13.01;13.05;13.01;13.05;13.05;13.05;13.09;12.93;13.05;12.93;13.01;13.09;12.97;13.05;13.05;12.89;12.93;12.97;12.93;12.97;13.01;13.09;12.93;13.01;13.05;12.93;12.93;12.85;13.01;13.13;12.89;12.93;12.97;13.01;13.13;13.05;13.01;13.05;13.05;13.01;12.93;12.97;12.97;13.05;12.97;13.09;13.05;13.05;12.93;12.93;12.93;12.81;12.89;12.85;12.97;13.09;12.85;12.93;12.77;12.81;12.89;13.01;12.89;12.93;12.93;12.89;13.01;13.09;12.89;13.01;13.01;12.93;12.93;12.89;12.89;13.01;12.93;13.05;12.93;12.89;12.97;12.97;12.89;12.89;12.97;13.01;12.85;13.05;13.01;12.97;12.97;13.01;12.93;12.93;12.89;12.89;12.93;12.93;12.89;12.85;12.89;12.89;12.85;12.97;12.85;12.93;13.01;12.89;12.93;12.93;13.05;12.93;12.97;13.01;12.85;12.85;12.89;12.97;12.97;13.05;12.89;12.93;12.77;12.89;12.85;12.73;12.89;13.01;12.89;12.89;12.89;12.89;12.93;12.93;12.89;13.01;12.93;12.93;12.97;12.89;12.93;12.89;12.93;12.97;12.97;12.93;13.01;12.93;12.89;12.97;12.89;12.89;13.05;12.93;12.89;12.97;12.81;12.93;12.89;12.89;12.85;12.85;12.93;12.93;12.93;12.97;12.85;12.93;12.89;12.89;12.89;12.89;12.89;12.97;12.93;12.93;12.93;12.89;12.93;13.05;12.89;12.81;13.05;12.97;13.01;12.93;12.93;13.01;12.93;12.93;12.93;12.85;13.01;12.97;12.97;13.01;13.01;13.05;12.85;13.05;13.05;12.97;13.01;13.05;13.05;13.05;13.01;13.01;13.01;13.09;13.01;12.93;12.97;13.05;13.05
12.73;12.61;12.61;12.65;12.69;12.61;12.65;12.65;12.69;12.69;12.69;12.69;12.65;12.69;12.61;12.61;12.69;12.65;12.65;12.69;12.69;12.69;12.53;12.73;12.69;12.73;12.65;12.69;12.69;12.57;12.77;12.69;12.77;12.69;12.69;12.65;12.73;12.73;12.69;12.73;12.73;12.73;12.77;12.81;12.89;12.73;12.73;12.65;12.81;12.81;12.81;12.77;12.73;12.73;12.85;12.85;12.85;12.73;12.81;12.81;12.73;12.61;12.73;12.73;12.65;12.69;12.57;12.69;12.73;12.65;12.81;12.73;12.77;12.65;12.73;12.73;12.85;12.77;12.73;12.81;12.73;12.65;12.81;12.73;12.69;12.81;12.89;12.85;12.93;12.85;12.85;12.85;12.85;12.85;12.81;12.89;12.93;12.93;12.81;12.85;12.89;12.77;12.85;12.81;12.69;12.81;12.81;12.81;12.69;12.93;12.93;12.93;12.93;12.89;12.89;12.81;12.93;13.01;12.89;13.01;13.01;12.93;13.01;13.05;13.01;13.01;12.89;13.01;12.81;13.05;12.93;13.05;12.97;13.05;13.01;13.01;12.93;12.93;12.93;13.01;12.93;12.89;12.89;12.93;13.05;12.93;12.97;12.93;12.81;12.97;13.01;12.85;12.93;12.93;12.93;13.01;12.97;12.89;13.01;13.05;12.93;12.77;13.01;12.93;13.09;12.93;13.01;13.13;13.05;12.93;12.93;12.97;13.05;12.97;12.85;12.89;12.97;12.97;12.93;12.93;13.01;12.77;12.97;12.97;13.01;12.97;12.97;12.93;13.01;12.97;12.93;12.93;12.93;12.93;12.93;12.93;12.97;12.73;12.93;13.01;13.01;12.97;12.97;12.97;12.93;12.77;12.81;12.93;12.97;12.93;12.93;12.97;12.97;12.89;12.93;13.01;12.93;12.93;12.81;12.77;12.85;12.81;12.89;12.89;12.89;12.85;12.93;12.93;12.89;12.93;12.89;12.97;13.05;13.01;12.89;13.01;12.81;12.93;12.93;12.85;13.05;12.97;12.89;12.77;12.81;12.89;12.89;12.93;12.97;12.85;12.85;12.93;12.97;12.89;12.89;12.89;12.97;12.97;12.89;12.89;13.05;12.89;12.89;12.93;12.93;12.93;12.93;12.93;12.93;12.89;12.89;12.93;12.89;12.89;12.97;12.85;12.89;12.89;12.85;12.89;12.89;12.89;12.89;12.85;12.93;12.93;13.05;12.81;12.93;13.09;12.81;12.85;12.77;12.93;13.05;12.93;12.97;12.85;12.89;12.73;13.09;13.01;12.93;12.89;12.97;13.13;13.01;13.01;12.97;12.97;13.01;12.81;12.93;12.97;12.89;12.89;12.97;13.01;12.97;12.93;12.97;12.97;12.77;13.01;13.05;13.09;13.05;13.13;12.85;12.97;13.05;13.01;13.01;13.09;12.89;13.01
12.65;12.65;12.65;12.61;12.65;12.65;12.61;12.57;12.65;12.69;12.65;12.73;12.73;12.61;12.69;12.61;12.73;12.69;12.49;12.65;12.69;12.73;12.69;12.57;12.65;12.73;12.73;12.65;12.77;12.65;12.69;12.65;12.69;12.69;12.73;12.69;12.73;12.69;12.73;12.73;12.73;12.81;12.73;12.69;12.77;12.77;12.73;12.77;12.73;12.69;12.77;12.73;12.73;12.69;12.73;12.85;12.81;12.73;12.69;12.73;12.69;12.69;12.73;12.85;12.69;12.61;12.57;12.65;12.73;12.65;12.73;12.93;12.73;12.77;12.73;12.81;12.81;12.73;12.77;12.73;12.81;12.73;12.77;12.85;12.81;12.81;12.77;12.77;12.81;12.93;12.89;12.81;12.85;12.81;12.81;12.89;13.01;12.89;12.85;12.81;12.81;12.85;12.81;12.81;12.89;12.85;12.81;12.85;12.69;12.85;12.81;12.93;12.73;12.89;12.93;12.97;13.01;12.89;12.93;12.93;13.01;12.93;13.01;12.89;13.01;12.97;12.89;12.93;12.93;12.89;12.93;12.85;13.01;13.05;12.93;13.05;13.01;12.85;12.93;12.97;13.01;12.97;12.93;12.93;12.93;12.97;12.85;12.77;12.89;12.93;12.73;13.05;12.93;12.93;12.93;12.97;12.89;12.97;13.01;13.01;13.05;12.93;12.81;12.97;12.89;12.93;13.05;13.09;13.05;12.93;12.93;12.97;12.97;12.89;12.89;12.73;12.89;12.89;12.93;12.93;12.89;12.93;12.93;12.89;12.97;12.85;12.85;12.97;12.93;12.93;12.89;12.93;12.93;12.93;12.93;12.93;13.01;12.93;12.97;12.93;12.93;12.97;13.01;12.97;12.93;12.89;12.93;12.93;12.97;12.93;12.93;13.01;12.93;12.93;12.89;12.93;12.85;12.81;12.73;12.89;12.89;12.81;12.85;12.89;12.69;12.81;12.81;12.93;12.93;12.85;12.97;13.01;13.05;13.01;12.89;12.93;13.01;12.97;12.93;12.89;12.93;13.01;12.85;12.89;12.81;12.89;12.85;12.73;12.85;12.81;12.93;12.93;12.93;12.89;12.89;12.89;12.73;12.85;12.89;12.93;12.89;12.93;12.77;12.93;12.93;12.97;12.97;12.93;12.89;12.89;12.93;12.89;12.93;12.89;13.05;12.89;12.93;12.97;12.93;12.89;12.89;12.89;12.93;12.89;12.97;12.97;12.85;12.65;12.85;12.81;12.93;12.85;12.93;12.93;12.89;12.85;12.89;12.89;12.93;13.01;12.93;12.93;12.93;12.89;12.93;13.05;13.05;12.97;12.97;13.01;12.89;12.77;12.93;12.97;12.93;12.93;12.93;13.01;13.01;13.01;12.97;13.01;13.01;13.05;13.01;13.09;13.01;12.97;13.05;13.05;13.05;13.05;13.01;13.01;13.01;12.93
12.53;12.65;12.65;12.65;12.65;12.61;12.69;12.73;12.53;12.69;12.69;12.73;12.69;12.65;12.69;12.65;12.73;12.69;12.69;12.69;12.69;12.77;12.53;12.61;12.57;12.85;12.69;12.73;12.69;12.77;12.73;12.65;12.57;12.65;12.65;12.73;12.69;12.73;12.89;12.73;12.65;12.81;12.77;12.77;12.73;12.77;12.77;12.77;12.77;12.73;12.73;12.69;12.69;12.85;12.81;12.77;12.81;12.81;12.85;12.73;12.73;12.69;12.69;12.73;12.69;12.65;12.65;12.73;12.73;12.73;12.73;12.53;12.77;12.77;12.81;12.77;12.73;12.73;12.81;12.77;12.73;12.73;12.81;12.81;12.81;12.81;12.81;12.69;12.81;12.97;12.85;12.81;12.85;12.89;12.85;12.85;12.89;12.81;12.85;12.85;12.85;12.81;12.81;12.89;12.97;12.85;12.85;12.85;12.89;12.85;12.85;12.89;12.89;12.89;12.97;13.01;12.89;12.89;13.01;13.09;13.01;12.97;12.89;13.01;13.05;13.05;12.81;13.01;12.93;12.89;12.93;12.93;12.93;12.93;12.93;12.93;12.93;12.93;12.97;13.01;13.01;12.93;12.93;12.93;13.13;13.01;12.85;12.93;12.93;12.97;12.89;12.93;13.05;13.09;12.93;12.93;12.89;13.01;12.97;13.01;13.01;13.05;13.01;13.01;12.97;13.01;13.01;12.97;12.93;12.93;12.93;12.93;12.93;12.93;12.89;12.93;12.97;12.89;12.93;12.93;12.89;12.93;12.89;12.89;12.97;12.85;13.01;13.01;12.93;12.89;12.81;12.97;13.01;12.93;12.93;12.85;12.93;12.89;12.89;12.93;12.93;12.93;12.97;12.93;12.93;12.93;12.93;13.05;12.97;12.97;13.09;13.01;12.85;12.85;12.85;12.89;12.89;12.81;12.89;12.89;12.85;12.89;12.89;12.85;12.85;12.89;12.85;12.85;12.89;12.93;12.85;12.89;13.01;12.97;12.89;12.93;12.97;12.93;12.93;12.89;12.93;13.01;12.93;12.81;12.89;12.85;12.81;12.85;12.89;12.93;12.93;12.97;12.89;12.93;12.89;12.81;12.85;12.93;12.93;12.93;13.01;13.05;12.93;13.01;13.01;13.01;12.97;12.89;12.89;12.85;12.97;12.89;12.85;12.89;12.89;12.89;12.93;12.93;12.93;12.93;12.93;12.89;13.01;13.01;13.05;12.93;12.89;12.81;13.01;12.81;12.81;13.05;12.89;12.93;13.05;12.89;12.93;12.89;12.89;12.89;12.89;12.93;12.97;12.93;12.97;12.93;12.93;12.93;12.97;12.93;13.09;12.93;13.01;12.97;12.89;12.93;13.05;13.01;13.05;13.01;13.01;12.89;13.05;13.13;12.97;13.09;13.01;13.09;13.05;13.05;13.05;12.89;12.97;12.97;13.01;12.97
12.65;12.73;12.65;12.65;12.61;12.65;12.69;12.73;13.05;12.69;12.65;12.69;12.69;12.69;12.69;12.69;12.73;12.69;12.77;12.69;12.65;12.65;12.65;12.69;12.69;12.89;12.89;12.81;12.81;12.85;12.69;12.73;12.65;12.65;12.69;12.69;12.73;12.93;12.73;12.85;12.61;12.69;12.73;12.73;12.73;12.73;12.77;12.81;12.73;12.69;12.73;12.69;12.73;12.73;12.73;12.73;12.81;12.81;12.77;12.69;12.85;12.69;12.73;12.73;12.73;12.77;12.73;12.73;12.81;12.69;12.73;12.73;12.77;12.73;12.77;12.85;12.73;12.81;12.85;12.69;12.69;12.69;12.77;12.77;12.81;12.81;12.85;12.85;12.89;12.89;12.73;12.77;12.85;12.85;12.93;12.85;12.73;12.69;12.81;12.81;12.81;12.85;12.85;12.93;12.89;12.89;12.69;12.89;12.93;12.93;12.93;12.89;12.85;12.93;12.85;12.89;12.93;12.93;12.93;13.21;13.09;12.93;13.05;12.89;13.21;13.17;13.01;12.97;13.01;13.01;12.93;12.89;12.97;12.93;12.93;12.97;12.97;13.01;13.01;12.93;12.97;13.01;13.01;13.01;13.05;13.05;12.89;12.93;12.93;12.97;12.93;12.97;13.01;13.01;12.93;12.93;12.81;12.97;12.93;13.01;13.01;13.09;13.01;13.09;12.97;12.93;13.01;13.01;12.93;12.93;12.93;12.89;12.93;12.89;12.89;13.01;12.89;12.93;12.93;12.97;12.93;12.93;12.93;12.89;12.89;12.85;12.85;12.89;12.93;12.93;12.93;12.97;12.93;12.93;12.97;12.89;12.85;12.89;12.97;12.89;12.93;12.93;12.93;12.81;12.89;12.93;12.97;12.97;12.93;12.89;12.93;12.97;12.93;12.93;12.89;12.85;12.85;12.89;12.89;12.97;12.85;12.89;12.93;12.85;12.85;12.89;12.97;12.89;12.93;13.05;12.89;12.89;12.89;12.93;12.81;12.93;13.01;13.05;12.93;12.93;12.89;12.93;12.85;12.93;13.01;12.81;13.01;12.89;12.89;12.81;12.93;12.89;12.89;12.93;12.81;12.85;12.77;12.97;12.93;12.89;12.97;12.89;13.01;13.05;12.97;12.97;13.09;12.89;12.85;12.93;12.93;12.93;12.89;12.85;12.81;12.85;12.93;12.85;12.89;12.73;12.85;12.85;12.89;13.01;12.93;12.89;12.93;12.85;12.85;12.93;12.93;12.89;12.93;12.93;13.05;12.93;12.93;12.89;12.89;12.89;12.89;12.93;12.93;12.89;12.89;12.89;12.93;12.89;13.01;13.01;13.01;12.93;12.89;13.05;12.93;12.93;12.97;13.01;12.85;13.01;13.01;13.01;12.93;12.93;13.01;13.05;13.09;13.01;12.93;13.05;13.01;13.05;12.93;12.97;12.81;12.93
12.69;12.65;12.65;12.57;12.65;12.57;12.69;12.73;12.61;12.61;12.65;12.61;12.69;12.61;12.69;12.73;12.69;12.69;12.77;12.69;12.73;12.41;12.65;12.57;12.41;12.69;12.73;12.73;12.73;12.73;12.69;12.73;12.69;12.73;12.69;12.73;12.73;12.69;12.69;12.73;12.73;12.81;12.81;12.73;12.73;12.73;12.73;12.73;12.57;12.69;12.89;12.73;12.61;12.81;12.69;12.73;12.73;12.77;12.73;12.77;12.73;12.73;12.69;12.73;12.73;12.73;12.81;12.81;12.73;12.73;12.65;12.77;12.73;12.73;12.73;12.77;12.73;12.73;12.73;12.69;12.65;12.73;12.69;12.81;12.81;12.81;12.81;12.85;12.85;12.97;12.73;12.73;12.85;12.85;12.77;12.77;12.89;12.81;12.81;12.81;12.81;12.89;12.77;12.85;12.89;12.85;12.85;13.01;13.13;12.93;12.93;12.89;12.97;12.93;12.89;12.93;12.85;13.01;12.89;12.93;13.01;12.85;13.01;13.01;13.09;13.01;13.01;12.93;13.05;13.01;12.93;12.93;12.89;13.01;13.05;13.01;13.05;12.93;12.89;12.93;13.01;13.09;13.01;12.97;13.05;12.93;12.85;12.89;12.89;13.01;12.93;12.89;12.93;12.97;12.93;13.01;12.93;12.93;13.01;12.97;13.01;12.97;12.77;12.97;13.01;12.93;12.97;12.93;12.93;12.89;12.89;12.89;12.85;12.93;12.89;12.93;12.93;12.81;12.89;12.89;12.89;12.85;12.93;12.89;12.89;12.85;12.85;12.85;12.85;12.93;12.89;12.97;12.81;12.89;12.81;12.89;12.93;12.69;12.93;12.81;12.89;12.89;12.89;12.85;12.89;12.85;12.97;12.97;13.01;12.89;13.01;12.93;13.01;12.93;12.93;12.89;12.85;12.85;12.89;13.05;12.89;12.85;12.85;12.85;12.81;13.05;12.81;12.85;12.81;12.93;12.81;12.81;12.89;12.93;12.85;12.89;12.97;12.77;12.89;12.93;12.97;12.93;12.89;12.89;12.93;12.93;12.93;12.97;12.89;12.89;12.85;12.89;12.89;12.89;12.81;12.85;12.73;12.89;12.89;12.89;13.01;12.69;12.89;12.93;12.97;12.93;12.97;12.85;12.89;12.93;13.05;12.93;12.81;12.89;13.01;12.81;12.85;12.85;12.89;12.85;12.85;12.85;12.85;12.89;12.89;12.89;12.81;12.69;12.89;12.89;13.13;12.65;12.89;12.85;13.01;12.93;12.93;12.93;12.93;12.93;12.89;12.93;12.93;12.93;12.89;12.93;13.01;12.93;12.85;13.01;12.93;12.93;13.01;12.97;12.93;12.93;13.01;13.01;12.97;12.89;12.93;12.93;12.93;13.09;13.05;13.01;12.97;12.81;12.93;13.05;13.17;12.93;12.93;12.97;13.05;12.85
12.65;12.61;12.49;12.57;12.53;12.65;12.57;12.69;12.61;12.65;12.53;12.69;12.73;12.69;12.65;12.65;12.73;12.73;12.77;12.65;12.73;12.73;12.69;12.69;12.65;12.65;12.73;12.57;12.81;12.73;12.73;12.73;12.73;12.77;12.73;12.73;12.73;12.69;12.77;12.77;12.81;12.73;12.73;12.77;12.73;12.65;12.73;12.77;12.77;12.81;12.85;12.81;12.73;12.73;12.65;12.69;12.73;12.69;12.73;12.73;12.73;12.73;12.73;12.73;12.73;12.81;12.81;12.73;12.73;12.73;12.77;12.69;12.73;12.89;12.73;12.73;12.69;12.81;12.77;12.69;12.69;12.73;12.69;12.69;12.81;13.01;12.77;12.85;12.81;12.81;12.77;12.77;12.81;12.89;12.89;12.89;12.85;12.81;12.85;12.65;12.73;12.81;12.81;12.85;12.77;12.89;13.01;12.93;12.89;12.89;13.01;12.89;12.89;12.93;13.01;12.85;12.93;13.01;13.01;12.97;12.93;12.73;13.01;12.89;13.01;13.01;12.85;13.01;12.85;13.01;12.93;12.93;13.01;13.05;13.01;13.01;13.01;12.97;12.93;12.81;12.81;13.01;13.01;13.01;12.97;12.97;12.89;12.89;12.89;12.89;12.93;12.89;12.93;12.93;13.01;13.01;13.01;13.05;12.93;13.01;12.97;12.93;12.97;13.01;13.01;13.01;12.97;13.05;12.97;12.93;12.89;12.89;12.69;12.73;12.93;12.93;12.93;13.01;12.89;12.97;12.85;12.89;12.93;12.89;12.89;12.81;12.73;12.85;12.89;12.89;12.89;12.93;13.01;12.85;12.93;12.89;13.01;13.01;12.93;12.89;12.85;12.89;12.85;12.85;12.85;12.93;12.97;13.01;13.05;12.93;13.05;13.05;12.81;12.89;12.93;12.85;12.81;12.77;13.05;12.85;12.93;12.89;12.85;12.85;12.81;12.77;12.73;12.89;12.81;13.01;12.89;12.85;12.93;12.89;12.89;12.89;12.93;12.89;12.85;12.89;12.93;12.65;12.89;12.73;13.01;12.81;12.85;12.97;12.93;12.93;12.85;12.85;12.85;12.73;12.89;12.85;12.93;12.81;12.85;12.89;12.85;13.01;12.77;12.81;12.89;12.93;12.85;12.81;12.97;12.93;12.89;12.93;12.89;12.85;12.73;12.65;12.73;12.93;12.89;12.89;12.97;12.69;12.89;12.89;13.05;12.89;12.81;12.85;12.93;12.85;12.93;12.81;12.85;12.85;12.89;12.93;12.93;12.93;12.93;12.93;13.01;12.93;12.97;12.93;13.05;12.93;13.01;12.81;12.93;13.01;13.01;12.85;12.97;12.97;12.93;12.93;13.01;13.05;12.89;12.89;12.97;13.09;12.97;13.01;13.01;13.01;12.93;13.01;13.01;12.97;13.09;12.97;12.97;12.97;12.97;12.93
12.61;12.61;12.61;12.65;12.61;12.65;12.53;12.69;12.69;12.65;12.65;12.53;12.69;12.61;12.65;12.65;12.69;12.57;12.69;12.61;12.53;12.73;12.65;12.65;12.69;12.73;12.69;12.69;12.69;12.69;12.73;12.81;12.73;12.81;12.81;12.73;12.69;12.69;12.65;12.73;12.73;12.77;12.77;12.73;12.69;12.69;12.81;12.69;12.69;12.69;12.81;12.77;12.69;12.69;12.73;12.69;12.69;12.69;12.69;12.73;12.73;12.73;12.65;12.69;12.73;12.81;12.65;12.77;12.77;12.65;12.65;12.65;12.69;12.81;12.73;12.69;12.65;12.81;12.69;12.73;12.73;12.89;12.61;12.73;12.85;12.73;12.69;12.65;12.81;12.77;12.81;12.77;13.05;12.81;12.97;12.89;12.81;12.73;12.85;12.85;12.73;12.77;12.77;12.77;12.89;12.85;12.81;12.85;12.85;12.81;12.89;12.73;12.89;12.93;12.89;12.89;12.97;12.97;12.97;12.97;13.05;12.93;13.05;12.89;12.97;12.93;13.01;13.01;12.81;12.93;12.93;12.93;12.97;13.09;12.97;12.97;13.05;12.93;12.97;12.93;12.97;12.89;13.01;13.09;13.05;13.05;12.93;12.89;12.85;12.89;12.89;12.97;12.93;13.05;13.01;12.93;13.09;13.09;12.93;12.93;12.89;12.89;13.01;13.05;12.97;13.01;13.01;12.93;13.01;12.89;12.97;12.89;12.81;12.85;12.93;12.89;12.93;12.89;12.89;12.85;13.05;12.89;12.89;12.89;12.85;12.89;12.85;12.89;12.85;12.89;12.89;12.97;12.97;12.81;12.93;13.05;12.93;13.01;12.93;12.89;12.89;12.85;12.85;12.85;12.89;12.85;12.93;12.93;12.85;12.89;12.89;12.89;12.89;12.89;12.93;12.81;12.85;12.81;12.85;12.89;12.89;12.81;12.85;12.85;12.85;12.85;12.77;12.85;12.73;12.85;12.85;12.85;12.89;13.01;12.93;12.93;12.93;12.93;12.85;12.89;12.85;12.85;12.89;12.93;12.93;12.81;12.89;12.93;12.89;12.93;12.89;12.69;12.85;12.77;12.81;12.81;12.85;12.89;12.85;12.89;12.85;12.77;12.89;12.81;12.85;12.85;12.93;12.89;12.89;12.89;12.69;12.93;12.89;12.85;13.01;12.61;12.77;12.85;12.89;12.89;12.93;12.93;12.93;12.89;13.05;12.81;12.85;12.89;12.85;12.93;12.89;12.77;12.81;12.81;12.81;12.93;12.81;12.81;12.73;12.85;12.93;12.93;12.93;12.93;12.85;12.93;13.01;13.01;13.17;13.09;12.89;12.89;12.93;12.97;12.93;12.89;12.93;12.93;12.93;13.05;13.05;12.97;13.01;12.97;13.05;13.01;13.01;13.01;13.01;12.93;12.97;13.01;12.97;12.93;12.93;12.93
12.65;12.57;12.73;12.61;12.65;12.69;12.69;12.69;12.69;12.89;12.65;12.65;12.73;12.45;12.65;12.65;12.69;12.61;12.61;12.69;12.73;12.61;12.61;12.61;12.65;12.69;12.69;12.69;12.73;12.69;12.69;12.73;12.81;12.85;12.85;12.69;12.65;12.69;12.65;12.77;12.73;12.73;12.81;12.81;12.73;12.73;12.77;12.69;12.65;12.73;12.81;12.73;12.73;12.69;12.65;12.73;12.73;12.73;12.73;12.69;12.73;12.65;12.69;12.69;12.73;12.61;12.73;12.77;12.73;12.65;12.65;12.69;12.53;12.77;12.49;12.61;12.65;12.69;12.81;12.73;12.65;12.73;12.65;12.89;12.81;12.69;12.69;12.85;12.89;12.89;12.77;12.69;12.85;12.85;12.85;12.85;12.85;12.77;12.81;12.85;12.73;12.81;12.81;12.85;12.85;12.81;12.81;12.73;12.93;12.89;12.89;12.89;12.93;12.85;13.01;12.85;12.89;12.93;12.93;12.93;12.89;12.89;12.97;12.93;12.97;12.93;13.09;13.05;12.89;12.89;12.89;13.01;12.89;13.01;13.09;12.97;13.05;13.09;13.01;13.01;13.05;13.09;13.05;13.09;13.13;12.97;12.89;12.93;12.85;12.85;12.81;12.89;13.01;13.01;12.89;12.89;12.93;13.01;12.93;13.09;13.05;12.89;12.89;13.25;13.09;12.93;13.01;12.93;12.93;13.01;12.97;12.85;12.89;12.85;12.89;12.97;12.89;12.89;12.93;12.85;12.85;12.85;12.81;12.85;12.89;12.93;13.05;12.89;12.85;12.85;13.09;12.93;13.01;12.89;12.97;13.01;12.93;12.93;12.93;12.93;12.89;12.89;12.93;12.89;12.93;12.81;12.93;12.93;12.89;12.89;12.89;12.85;13.05;12.89;12.77;12.81;12.93;12.97;12.77;12.81;12.81;12.85;12.85;12.85;12.85;12.89;12.85;12.85;12.81;12.89;12.85;12.85;12.89;13.09;12.93;12.93;12.89;12.93;12.81;12.89;13.13;12.89;12.93;12.93;12.89;12.81;13.05;13.01;13.05;12.93;12.89;12.89;12.93;12.93;12.81;12.81;12.85;12.89;12.89;13.05;12.85;13.01;12.89;12.85;12.85;12.89;12.69;12.93;12.89;12.77;12.85;12.93;12.93;12.81;12.85;12.81;12.89;13.01;12.85;12.89;12.89;12.89;12.85;12.93;12.93;12.89;12.85;12.85;12.89;12.85;12.81;12.89;12.85;12.89;12.85;12.85;12.97;12.73;12.85;12.81;12.93;13.05;12.85;12.89;12.93;12.97;12.93;12.89;13.09;13.05;13.01;12.89;12.97;13.05;12.89;12.89;12.93;13.05;13.05;12.97;13.05;12.97;12.97;13.01;12.97;12.93;13.01;13.01;12.97;13.01;13.01;12.97;13.01;12.97;12.93;12.89
12.53;12.61;12.45;12.57;12.65;12.65;12.61;12.69;12.69;12.65;12.69;12.69;12.65;12.53;12.69;12.65;12.65;12.73;12.69;12.73;12.69;12.69;12.49;12.61;12.65;12.65;12.69;12.69;12.65;12.73;12.69;12.57;12.73;12.81;12.85;12.81;12.77;12.61;12.69;12.73;12.73;12.85;12.73;12.73;12.73;12.81;12.81;12.73;12.81;12.81;12.81;12.77;12.73;12.69;12.65;12.69;12.73;12.73;12.69;12.61;12.69;12.57;12.69;12.69;12.81;12.73;12.69;12.73;12.73;12.69;12.73;12.57;12.65;12.69;12.61;12.69;12.73;12.77;12.77;12.69;12.69;12.73;12.69;12.81;12.81;12.81;12.85;12.89;12.89;12.85;12.81;12.81;12.85;12.77;12.73;12.85;12.81;12.85;12.73;12.89;12.81;12.89;12.93;12.81;12.73;12.61;12.81;12.89;12.81;12.93;12.89;12.89;12.89;12.85;12.93;12.89;12.89;12.89;12.89;12.89;12.85;12.89;13.01;12.93;12.93;13.01;13.01;12.93;12.89;12.89;13.05;13.01;13.01;12.89;13.01;12.97;13.01;12.89;13.01;13.09;12.89;12.89;13.09;12.93;13.09;12.97;12.93;12.89;12.93;12.89;12.97;13.01;12.85;12.85;12.85;12.89;12.85;12.81;12.85;12.97;12.89;13.01;12.89;12.93;13.21;12.97;12.93;12.97;12.97;12.89;12.97;13.01;12.85;12.85;12.93;12.81;12.89;12.89;12.89;12.69;12.89;12.93;12.93;12.89;12.93;12.89;12.89;12.93;12.89;12.93;12.93;13.01;12.89;12.93;12.93;12.89;12.93;12.93;12.93;12.85;12.93;12.93;12.93;12.89;12.97;12.65;12.81;12.81;12.77;12.93;12.89;12.89;12.89;12.89;12.89;12.89;12.93;12.85;12.93;12.85;12.93;12.89;12.77;12.85;12.89;12.89;12.89;12.85;12.89;12.89;12.89;12.89;12.93;13.01;12.89;12.93;12.89;12.85;12.89;13.01;12.93;12.93;12.93;12.93;12.89;12.93;12.85;12.89;12.93;13.01;13.05;12.93;13.01;12.93;12.89;12.89;12.85;12.85;12.85;13.05;12.81;12.89;12.93;12.93;12.89;12.69;12.81;12.81;12.85;12.73;12.89;12.85;12.89;12.85;13.01;12.85;12.89;12.89;12.93;12.81;12.89;12.85;12.85;12.89;12.93;12.93;12.85;12.81;12.85;12.85;12.85;12.81;12.73;12.93;12.81;13.09;12.85;12.69;12.81;12.93;13.01;12.93;13.01;12.93;13.01;12.93;13.05;12.97;13.01;13.05;13.01;13.01;12.93;12.97;12.73;12.93;12.97;13.01;13.01;13.05;12.93;13.01;12.93;13.01;13.01;13.01;13.05;13.05;12.93;12.97;13.05;12.97;12.93;12.97;12.93;12.85
12.69;12.73;12.53;12.57;12.65;12.65;12.69;12.53;12.85;12.73;12.57;12.69;12.65;12.65;12.53;12.69;12.81;12.53;12.73;12.73;12.73;12.69;12.65;12.61;12.65;12.65;12.65;12.61;12.65;12.65;12.69;12.73;12.77;12.81;12.81;12.89;12.81;12.73;12.65;12.73;12.81;12.69;12.81;12.81;12.89;12.65;12.69;12.81;12.73;12.85;12.93;12.81;12.73;12.61;12.65;12.89;12.81;12.69;12.65;12.57;12.53;12.69;12.73;12.65;12.61;12.73;12.69;12.69;12.73;12.73;12.77;12.61;12.69;12.69;12.81;12.81;12.77;12.73;12.73;12.69;12.69;12.77;12.69;12.81;12.85;12.85;12.89;12.89;12.89;12.85;12.85;12.89;12.85;12.73;12.77;12.85;12.85;12.81;12.73;12.85;12.81;12.73;12.73;12.73;12.93;12.85;12.89;13.01;12.89;12.93;12.93;12.89;12.97;12.89;12.89;12.93;12.97;13.05;12.81;12.93;12.73;12.93;13.01;12.89;12.97;13.05;13.01;12.93;12.93;12.89;12.89;13.05;12.89;13.01;13.01;13.01;13.01;12.97;13.01;13.01;13.09;13.09;13.09;13.05;12.97;12.93;13.05;12.93;13.01;12.89;12.85;12.89;12.89;13.01;12.85;13.01;12.85;13.05;13.01;13.01;12.89;13.01;13.09;13.05;13.05;12.93;12.93;12.97;13.01;12.93;12.97;12.97;12.97;12.89;12.89;12.93;12.93;12.89;12.93;12.81;12.89;12.89;12.93;12.89;12.89;12.89;12.89;12.89;13.05;12.89;12.93;12.89;12.93;12.89;13.01;12.97;12.97;13.01;12.89;12.93;13.05;12.93;12.85;12.93;12.89;12.81;12.85;12.85;13.05;12.93;12.85;12.89;12.73;12.89;12.89;12.97;12.89;13.01;12.89;12.65;12.93;12.93;12.89;12.85;12.89;12.89;12.89;12.93;12.89;12.89;12.81;12.85;12.85;12.89;12.85;12.93;12.93;13.01;12.81;12.85;12.89;12.97;12.97;12.93;12.89;13.01;12.89;12.89;12.89;12.93;12.89;12.93;12.93;13.01;12.97;12.85;12.89;13.05;13.05;12.93;12.93;12.93;13.09;12.89;12.93;12.85;12.89;12.81;12.93;12.81;12.85;12.89;12.89;12.89;13.01;12.97;12.89;12.85;12.93;12.85;12.89;12.89;12.89;12.89;12.93;12.93;12.89;12.89;12.85;12.85;12.81;12.81;12.81;12.85;12.85;12.89;12.93;12.93;12.93;12.85;12.93;12.93;12.97;12.97;13.05;13.09;13.05;13.01;12.97;13.01;13.01;12.93;12.85;12.89;12.93;13.09;12.93;12.93;13.09;12.93;13.01;13.01;13.05;13.05;13.01;13.09;13.05;13.05;13.09;12.93;13.01;13.05;12.97;12.97;12.97;12.93
12.69;12.69;12.65;12.65;12.65;12.61;12.69;12.69;12.65;12.69;12.73;12.65;12.65;12.61;12.65;12.69;12.69;12.73;12.73;12.73;12.89;12.73;12.69;12.65;12.65;12.69;12.73;12.65;12.65;12.53;12.73;12.45;12.77;12.77;12.73;12.77;12.69;12.69;12.69;12.69;12.73;12.81;12.77;12.73;12.65;12.65;12.77;12.73;12.77;12.77;12.77;12.81;12.81;12.61;12.77;12.81;12.93;12.89;12.85;12.65;12.69;12.61;12.73;12.73;12.73;12.69;12.69;12.73;12.69;12.69;12.61;12.65;12.53;12.85;12.81;12.81;12.81;12.73;12.77;12.65;12.69;12.73;12.77;12.81;12.81;12.85;12.81;12.85;12.89;12.89;12.85;12.69;12.81;12.77;12.85;12.85;12.85;12.77;12.85;12.85;12.77;12.77;12.69;12.77;12.93;12.89;12.89;12.89;12.89;12.93;12.97;12.81;13.09;12.93;13.01;13.01;13.01;12.93;12.93;12.97;13.01;12.93;12.93;12.93;12.97;13.01;13.01;12.93;12.93;12.81;12.97;12.93;12.97;13.01;12.93;12.97;12.97;13.05;13.01;13.01;13.05;13.01;12.93;12.89;12.97;12.81;12.93;12.97;13.01;13.13;12.85;12.89;12.89;13.13;13.01;12.97;12.85;13.05;13.05;12.97;12.97;13.01;13.05;13.01;13.01;12.81;12.77;12.93;12.97;12.93;12.93;12.93;12.89;12.85;12.85;12.81;12.93;13.01;12.93;12.93;12.89;12.89;12.93;12.89;12.85;12.89;12.89;12.89;13.01;13.01;12.97;12.81;12.97;12.89;12.89;12.97;12.97;13.01;13.01;13.01;12.93;12.93;12.93;12.89;12.93;12.85;12.89;12.93;12.93;12.77;12.89;12.85;12.89;12.89;12.89;12.89;13.01;12.93;12.65;12.77;12.93;12.81;12.93;12.93;12.89;12.85;12.85;13.01;12.93;12.93;12.85;12.85;12.89;12.81;12.93;12.97;12.93;12.93;12.89;12.81;12.85;12.81;12.97;12.93;13.13;12.97;12.85;12.85;12.89;13.13;12.93;12.93;12.93;12.93;12.81;12.93;12.89;12.73;12.81;12.89;12.97;13.01;12.93;12.85;13.01;12.97;12.89;12.81;12.85;12.81;12.73;12.89;12.89;12.85;12.89;12.93;12.89;12.89;13.01;12.85;12.81;12.93;12.97;12.93;12.85;12.89;12.81;12.89;12.85;12.89;12.85;12.93;12.89;12.93;12.93;13.01;12.81;12.97;13.01;12.93;12.97;13.01;12.89;12.97;12.85;12.93;13.01;13.09;13.09;13.01;13.01;12.89;12.93;12.89;12.93;13.01;13.05;13.01;12.97;13.01;13.01;12.97;12.97;13.05;13.21;13.09;13.05;13.05;13.17;13.05;12.81;12.85;12.93;12.93;12.93;13.01
12.69;12.65;12.81;12.65;12.61;12.65;12.73;12.69;12.61;12.65;12.65;12.69;12.65;12.61;12.65;12.65;12.73;12.73;12.77;12.73;12.57;12.65;12.65;12.73;12.73;12.89;12.69;12.61;12.61;12.81;12.73;12.81;12.81;12.77;12.73;12.69;12.73;12.69;12.69;12.65;12.77;12.77;12.73;12.73;12.57;12.69;12.73;12.73;12.73;12.69;12.73;12.89;12.77;12.77;12.85;12.77;12.73;12.73;12.85;12.65;12.77;12.73;12.89;12.73;12.73;12.77;12.81;12.89;12.73;12.69;12.49;12.61;12.69;12.69;12.69;12.81;12.77;12.73;12.61;12.89;12.69;12.81;12.73;12.81;12.85;12.81;12.81;12.89;12.85;12.85;12.85;12.85;12.85;12.85;12.89;12.85;12.85;12.89;12.85;12.85;12.85;12.85;12.97;12.93;12.93;13.09;12.89;12.89;12.77;12.93;12.97;13.01;12.93;12.89;12.85;13.01;12.93;13.01;13.05;12.93;13.01;12.93;12.93;12.93;13.05;13.09;13.13;12.93;12.89;13.01;12.93;12.93;13.05;12.97;13.13;12.81;12.93;13.01;13.05;13.01;13.05;13.05;12.93;12.93;12.93;12.93;12.89;12.97;13.01;12.85;12.93;12.89;12.89;12.93;12.81;12.93;12.93;13.09;13.05;12.89;13.05;12.97;12.93;13.01;13.09;13.05;13.01;13.01;13.01;12.93;12.93;12.93;13.01;12.81;12.81;12.81;12.81;12.89;12.81;12.89;12.93;12.93;12.89;12.85;12.89;12.81;12.93;12.93;13.01;12.97;13.01;12.69;12.93;13.01;12.89;13.01;13.05;12.93;13.05;12.81;12.93;12.93;12.93;12.89;12.89;12.93;13.05;12.93;12.93;12.89;12.89;12.89;12.93;12.93;12.93;12.93;12.97;13.05;12.97;12.77;12.89;12.89;12.93;12.89;12.81;12.85;12.85;12.97;12.97;12.93;12.93;12.93;12.89;12.97;12.93;12.93;13.09;12.85;12.89;12.93;12.89;13.05;13.05;12.93;12.93;12.97;12.85;12.93;13.05;12.93;12.93;12.89;12.89;12.93;12.81;12.81;12.81;12.65;12.85;12.89;12.89;12.97;12.97;12.93;12.93;12.93;12.93;12.89;12.81;12.81;12.85;12.89;12.89;12.93;13.09;12.85;12.93;12.89;12.93;12.93;12.85;13.01;12.93;13.01;13.13;12.93;12.89;12.93;12.93;12.93;12.89;12.97;12.85;12.97;12.97;13.05;13.01;12.93;12.77;12.97;13.09;13.05;12.93;13.01;13.05;13.17;13.09;13.01;13.13;13.09;12.97;12.89;12.97;12.97;12.85;13.01;12.97;13.13;13.01;13.01;12.93;13.09;13.05;13.09;13.09;13.05;13.01;13.09;13.01;13.05;12.93;13.05;13.09;12.89;12.93;13.09
12.65;12.65;12.53;12.69;12.61;12.65;12.69;12.69;12.65;12.73;12.65;12.73;12.65;12.69;12.65;12.65;12.69;12.65;12.69;12.61;12.69;12.73;12.69;12.73;12.73;12.69;12.65;12.61;12.61;12.73;12.81;12.77;12.73;12.69;12.73;12.53;12.73;12.65;12.61;12.69;12.93;12.81;12.81;12.69;12.69;12.65;12.85;12.81;12.69;12.69;12.81;12.73;12.73;12.73;12.73;12.69;12.77;12.69;12.85;12.81;12.77;12.73;12.69;12.69;12.65;12.65;12.81;12.77;12.77;12.73;12.81;12.77;12.73;12.73;12.73;12.77;12.81;12.81;12.65;12.73;12.81;12.81;12.77;12.81;12.81;12.81;12.77;12.77;12.81;12.81;12.93;12.77;12.85;12.73;12.81;12.85;12.85;12.89;12.85;12.85;12.77;12.81;12.81;12.85;12.97;13.01;12.73;12.85;12.89;12.85;12.89;12.81;13.09;13.01;12.97;12.97;12.97;13.01;12.97;13.01;12.81;12.93;13.01;12.81;12.97;13.01;12.85;13.01;12.73;13.05;13.13;12.93;12.93;12.97;13.01;13.05;13.09;12.97;13.01;13.05;13.13;13.01;13.05;12.93;12.97;12.89;12.93;12.93;12.93;12.93;12.89;12.93;13.01;12.93;13.05;13.09;13.05;13.01;13.01;13.01;13.01;13.01;12.97;13.05;13.05;13.01;12.97;12.97;13.01;12.89;12.93;12.97;12.97;12.93;12.89;12.85;12.93;12.93;12.89;12.81;12.89;12.89;13.01;12.89;12.89;12.85;12.93;12.93;13.01;12.93;12.81;12.77;12.89;12.93;12.89;13.05;13.13;12.97;12.93;12.93;13.05;12.93;12.93;12.93;12.93;12.93;12.97;12.89;12.89;12.81;12.89;12.93;12.97;13.17;12.97;12.97;12.97;12.97;13.05;12.89;13.09;12.89;13.01;12.73;12.85;12.93;12.93;13.01;12.89;12.93;12.89;12.93;12.93;13.05;12.93;12.89;12.89;12.93;13.09;12.93;12.93;12.89;13.09;13.01;12.93;12.93;13.01;13.01;13.01;13.05;12.93;12.97;12.85;12.85;12.89;12.77;12.81;12.77;12.93;12.93;12.89;12.85;12.97;12.93;12.97;12.97;13.01;13.05;12.89;12.93;12.89;13.05;13.05;13.05;12.89;12.93;12.89;12.65;12.89;12.93;12.97;12.89;13.01;12.97;12.93;12.93;12.93;12.89;12.89;12.93;12.93;12.93;13.05;12.89;12.89;13.01;13.01;12.89;12.77;13.01;13.05;13.05;12.97;12.93;13.01;13.09;13.13;12.93;13.05;12.93;12.97;12.93;12.93;12.97;12.93;13.01;12.93;13.01;13.01;13.01;13.01;12.89;13.05;13.05;13.09;13.01;13.09;13.05;13.01;13.05;12.93;12.89;12.97;12.97;13.01;13.01
12.65;12.69;12.65;12.65;12.61;12.69;12.61;12.69;12.69;12.69;12.61;12.89;12.69;12.69;12.69;12.65;12.69;12.65;12.69;12.69;12.61;12.65;12.69;12.73;12.73;12.73;12.77;12.61;12.65;12.85;12.81;12.77;12.69;12.65;12.61;12.53;12.81;12.69;12.73;12.73;12.73;12.77;12.73;12.73;12.73;12.69;12.81;12.85;12.81;12.69;12.85;12.73;12.73;12.73;12.77;12.81;12.73;12.77;12.73;12.81;12.77;12.73;12.77;12.65;12.73;12.69;12.73;12.73;12.61;12.69;12.77;12.77;12.73;12.69;12.81;12.73;12.81;12.65;12.73;12.85;12.65;12.81;12.85;12.81;12.85;12.85;12.85;12.77;12.81;12.73;12.89;12.77;12.89;12.81;12.73;12.61;12.85;12.85;12.89;12.73;12.77;12.85;12.81;12.89;12.89;12.93;12.93;12.97;12.85;12.85;12.85;12.81;12.81;12.93;12.97;12.97;12.97;13.05;12.93;13.01;12.89;13.09;13.05;13.09;13.05;12.93;13.01;13.01;13.01;13.01;13.01;13.01;12.85;12.85;12.97;13.05;13.09;12.89;12.97;13.05;12.93;13.01;13.05;13.05;13.05;13.01;12.97;13.01;12.89;12.85;12.85;12.89;13.01;13.01;12.93;12.97;12.97;12.97;13.09;13.01;13.05;13.01;13.05;13.01;13.05;12.89;13.17;12.93;13.01;12.85;13.01;12.93;12.93;12.93;12.93;12.93;12.89;12.85;12.97;12.85;12.89;12.85;12.81;12.89;12.85;12.89;12.93;12.93;12.93;12.89;12.97;12.85;12.85;12.93;12.93;12.89;13.01;12.97;13.05;12.93;13.13;12.89;12.89;12.93;12.93;12.89;12.85;12.89;13.13;13.01;12.93;12.89;12.97;12.97;12.89;12.89;12.97;12.93;12.97;12.89;13.01;12.73;13.09;12.89;12.93;12.89;12.85;12.89;12.81;12.93;12.93;12.93;13.01;12.97;12.89;12.97;13.01;13.01;12.89;12.93;12.89;12.93;12.97;13.01;12.93;12.97;13.01;13.01;13.01;13.01;13.01;12.93;12.97;12.77;12.85;12.93;12.93;12.85;12.97;12.93;13.01;12.85;12.73;12.85;12.89;12.85;13.01;12.73;13.05;12.89;12.97;12.97;13.05;13.01;12.97;12.93;12.89;12.89;12.93;12.97;12.89;12.89;12.93;12.93;12.97;12.89;13.05;12.93;12.89;12.97;12.93;12.97;12.85;13.01;12.97;12.97;12.97;12.97;13.01;13.01;12.93;13.13;13.01;12.97;13.05;13.01;13.01;13.05;13.09;13.09;13.05;12.97;12.93;12.89;12.85;13.01;12.93;13.01;13.01;13.01;12.93;12.85;13.01;13.05;13.05;13.01;13.09;13.01;13.05;13.01;12.93;13.01;12.93;12.93;13.05;13.05
12.61;12.65;12.73;12.53;12.65;12.65;12.61;12.69;12.73;12.73;12.69;12.73;12.73;12.69;12.65;12.73;12.73;12.89;12.73;12.73;12.69;12.65;12.73;12.69;12.65;12.89;12.81;12.69;12.73;12.81;12.85;12.73;12.73;12.81;12.69;12.73;12.61;12.81;12.73;12.73;12.73;12.73;12.65;12.73;12.81;12.73;12.77;12.89;12.81;12.81;12.85;12.73;12.73;12.73;12.73;12.81;12.85;12.73;12.73;12.77;12.73;12.77;12.81;12.69;12.57;12.69;12.69;12.73;12.69;12.85;12.69;12.81;12.77;12.93;13.05;12.77;12.81;12.69;12.69;12.89;12.85;12.81;12.77;12.73;12.85;12.85;12.81;12.85;12.81;12.81;12.89;12.97;12.85;12.81;12.85;12.85;12.85;12.89;12.89;12.81;12.81;12.81;12.85;12.89;12.81;12.89;12.93;12.89;12.85;12.93;12.93;12.93;12.93;12.93;12.93;13.01;13.01;13.09;13.01;13.01;13.05;12.89;12.85;12.93;13.05;12.93;13.01;13.05;13.05;13.01;12.97;13.05;13.01;12.97;12.89;13.01;12.97;12.93;12.93;13.13;13.05;13.05;13.05;13.05;13.05;13.05;13.01;12.93;12.93;12.93;12.85;13.09;13.01;12.93;12.89;12.93;12.97;13.09;12.93;13.01;13.01;13.05;12.93;13.05;13.01;13.01;13.05;13.09;12.97;12.97;12.97;12.93;12.93;12.93;12.93;12.93;13.01;13.01;13.01;12.93;12.89;12.85;13.01;13.01;12.93;12.93;12.97;12.89;12.93;12.93;12.97;12.89;12.97;12.89;12.93;12.89;13.09;13.01;13.01;12.93;12.93;12.93;12.93;12.93;12.85;12.85;12.85;12.89;13.09;12.97;12.93;12.89;12.93;12.89;12.93;13.05;12.93;12.97;12.97;12.97;13.01;12.85;13.05;12.85;12.89;12.93;12.93;12.93;12.89;12.93;12.89;12.93;12.89;12.97;12.93;12.93;13.01;13.05;13.01;12.93;12.93;12.85;12.97;12.97;13.01;12.85;13.01;13.13;13.05;13.05;12.93;12.89;12.81;13.01;12.85;13.01;13.01;12.85;13.01;12.97;13.01;12.93;12.89;12.85;12.89;12.81;12.89;12.81;13.01;12.89;12.89;12.97;13.01;13.01;12.93;12.89;13.01;12.93;12.89;12.97;13.01;12.93;12.93;12.93;12.93;12.81;12.93;12.97;12.97;13.09;12.93;12.93;12.97;12.97;13.01;13.05;13.13;12.81;13.01;13.01;12.97;12.97;13.01;13.01;13.09;12.97;13.01;13.13;13.05;13.05;13.05;12.97;12.89;13.05;12.81;13.09;12.97;13.01;13.01;13.05;12.97;12.89;13.13;12.93;12.97;13.05;13.05;13.13;13.09;13.01;13.01;13.01;13.01;13.05;13.09;13.01
12.49;12.65;12.65;12.49;12.77;12.65;12.69;12.69;12.77;12.73;12.69;12.73;12.65;12.65;12.69;12.69;12.65;12.65;12.73;12.73;12.73;12.73;12.69;12.77;12.69;12.73;12.73;12.73;12.69;12.81;12.73;12.69;12.69;12.69;12.69;12.69;12.69;12.73;12.69;12.81;12.73;12.73;12.73;12.77;12.81;12.73;12.73;12.73;12.81;12.73;12.85;12.73;12.81;12.49;12.77;12.81;12.77;12.73;12.73;12.73;12.73;12.73;12.73;12.61;12.73;12.69;12.81;12.69;12.69;12.57;12.69;12.77;12.85;12.73;12.73;12.69;12.69;12.69;12.73;12.73;12.89;12.81;12.73;12.81;12.85;12.81;12.81;12.81;12.81;12.81;12.77;12.85;12.89;12.85;12.77;12.89;12.89;13.01;12.85;12.73;12.77;12.85;12.85;13.01;12.85;12.93;12.89;12.89;12.81;12.85;12.93;12.93;12.93;13.05;12.93;13.01;12.89;13.09;13.01;13.05;12.97;13.01;13.05;13.09;13.05;12.85;13.01;13.01;12.93;12.89;12.97;13.01;13.13;12.93;12.93;13.05;12.93;12.89;12.89;13.05;13.01;13.01;13.05;13.09;12.97;12.97;12.93;12.93;12.89;12.93;12.93;12.93;13.01;12.85;12.89;12.93;12.97;13.13;12.97;12.93;13.05;12.97;13.09;13.01;13.01;12.97;13.05;13.01;13.01;12.97;12.97;12.81;13.01;12.93;12.89;13.01;12.89;12.93;12.93;12.85;12.77;12.93;13.01;12.81;12.93;13.01;12.97;12.97;12.93;12.97;12.97;12.93;13.05;12.93;12.89;12.89;12.97;12.89;13.01;12.89;13.05;12.85;13.05;12.85;12.85;12.85;12.89;12.85;12.97;12.93;12.93;12.93;12.89;13.05;12.93;12.97;12.89;13.01;12.93;12.81;12.93;12.85;12.89;12.85;12.89;12.93;12.89;12.97;13.01;12.93;12.93;12.93;12.93;12.85;12.89;12.97;13.01;12.85;12.93;12.89;12.97;12.81;13.01;13.01;12.93;13.05;13.01;12.93;13.05;12.89;12.89;12.93;12.89;12.85;12.73;12.85;12.89;12.93;12.85;12.89;13.01;12.85;12.81;12.89;13.01;12.93;12.89;12.93;12.89;12.89;13.05;12.93;12.81;12.85;12.93;12.89;12.89;12.89;12.89;12.89;12.89;12.93;12.89;12.93;12.85;12.93;13.01;12.93;13.05;12.85;12.77;12.89;12.81;12.85;13.01;13.13;12.93;12.81;12.81;12.93;13.01;13.01;12.97;12.93;12.89;13.01;12.97;13.01;13.01;13.05;13.05;12.93;12.89;13.05;12.89;13.01;12.97;13.09;13.05;13.05;13.05;13.01;13.05;12.93;13.05;12.89;13.01;13.05;13.13;13.09;13.01;13.09;13.01;13.09;13.05;13.01
12.53;12.65;12.61;12.65;12.73;12.69;12.61;12.69;12.73;12.73;12.69;12.69;12.61;12.69;12.61;12.65;12.65;12.69;12.61;12.69;12.49;12.53;12.61;12.73;12.61;12.69;12.61;12.73;12.53;12.81;12.65;12.65;12.69;12.61;12.69;12.65;12.65;12.73;12.73;12.69;12.65;12.93;12.81;12.81;12.77;12.69;12.81;12.85;12.65;12.73;12.81;12.85;12.69;12.73;12.69;12.69;12.81;12.69;12.69;12.69;12.65;12.69;12.77;12.53;12.65;12.65;12.69;12.61;12.65;12.65;12.69;12.77;12.81;12.97;12.73;12.65;12.69;12.77;12.69;12.89;12.81;12.77;12.69;12.69;12.61;12.81;12.81;12.81;12.85;12.81;12.77;12.81;12.81;12.85;12.81;12.89;12.85;12.97;12.85;12.81;12.81;12.81;12.89;12.77;12.89;12.85;12.85;12.81;12.69;12.85;12.89;12.89;12.89;12.89;12.93;12.85;12.97;13.05;13.05;13.05;12.93;12.93;13.01;12.85;12.85;12.97;12.85;13.01;12.89;12.93;12.93;13.01;12.89;12.97;12.93;12.89;12.93;12.85;12.89;12.97;13.01;13.05;13.01;12.89;13.01;12.97;12.93;12.93;13.01;12.93;12.85;12.89;12.89;13.01;12.89;12.97;12.97;13.01;12.97;12.77;12.97;12.93;12.93;13.05;12.97;12.93;12.97;12.85;12.97;12.93;12.93;13.05;12.89;12.89;13.01;12.89;12.85;12.93;12.93;12.85;12.85;12.85;12.89;12.85;12.85;12.93;12.97;12.89;12.97;13.01;12.93;12.89;12.89;12.85;12.81;12.73;12.89;12.85;12.85;12.93;13.01;13.01;12.85;12.73;12.89;12.69;12.81;13.05;12.81;12.93;12.93;12.93;12.93;12.89;12.89;12.85;12.93;12.89;12.93;12.93;12.93;12.89;12.89;12.85;12.85;12.81;13.05;12.89;12.89;12.93;12.93;12.89;12.89;12.89;12.89;12.89;12.93;12.93;12.77;12.89;12.89;13.05;12.89;13.01;12.89;12.81;12.77;12.93;12.93;12.89;12.81;12.81;12.89;12.85;12.81;12.77;12.85;12.85;12.89;12.89;12.93;12.85;12.85;12.89;12.89;12.89;13.09;12.81;12.89;12.89;12.89;12.97;12.81;12.85;12.85;12.85;12.93;12.89;12.89;12.89;12.89;12.89;12.77;12.89;12.89;12.93;12.85;12.89;12.93;12.81;12.81;12.85;12.73;12.81;12.97;12.81;12.85;12.81;12.93;12.93;13.01;13.01;13.01;12.93;12.89;13.01;12.97;12.93;13.01;13.01;12.93;12.85;13.01;12.97;13.01;12.93;12.97;13.01;13.01;13.01;13.05;12.93;12.77;12.97;13.05;13.01;12.97;12.93;13.05;13.13;13.01;13.01;12.89;13.01;13.05;12.97
12.61;12.57;12.65;12.65;12.69;12.69;12.77;12.69;12.69;12.73;12.73;12.73;12.73;12.69;12.65;12.53;12.69;12.69;12.69;12.45;12.57;12.61;12.65;12.65;12.73;12.69;12.69;12.65;12.69;12.65;12.69;12.69;12.69;12.69;12.73;12.73;12.69;12.69;12.73;12.69;12.69;12.73;12.81;12.81;12.81;12.81;12.77;12.77;12.73;12.73;12.81;12.73;12.73;12.73;12.73;12.69;12.77;12.85;12.81;12.73;12.69;12.77;12.77;12.73;12.73;12.73;12.69;12.85;12.69;12.69;12.69;12.77;12.85;12.93;12.81;12.69;12.69;12.69;12.81;12.77;12.81;12.73;12.69;12.69;12.77;12.81;12.77;12.85;12.85;12.81;12.85;12.81;12.85;12.85;12.89;12.93;12.93;12.77;12.85;12.81;12.85;12.89;12.89;12.89;13.05;12.93;12.85;12.85;12.61;12.81;12.85;13.01;12.93;12.97;12.93;12.97;12.93;13.01;12.93;13.05;13.01;12.93;13.01;12.89;13.09;12.89;12.97;12.89;12.93;12.97;13.05;12.93;12.89;13.05;12.97;13.01;13.01;12.93;12.89;13.01;13.01;12.85;12.97;12.97;12.89;13.05;12.93;12.81;12.93;12.93;12.89;12.89;13.05;13.25;13.01;13.01;13.01;12.97;12.97;12.97;12.97;12.97;13.01;13.01;12.97;12.93;12.89;12.93;12.93;12.85;13.01;12.97;12.89;12.85;12.89;12.89;13.01;12.89;12.97;12.85;13.05;12.89;13.01;12.77;12.81;12.81;12.89;12.89;12.93;13.09;12.97;12.93;13.05;13.05;12.89;12.85;12.89;13.13;12.97;12.93;13.01;12.85;12.89;12.89;12.89;12.93;12.85;12.93;12.93;12.89;12.93;12.89;12.81;12.89;12.89;12.89;12.93;12.97;12.93;12.93;12.93;12.89;12.89;12.93;12.93;12.93;12.85;12.93;12.85;12.97;12.93;12.89;12.93;12.89;12.93;12.97;12.93;12.81;12.85;12.89;13.05;12.89;13.01;12.97;13.05;12.93;12.89;12.93;12.93;12.89;12.81;12.77;13.05;13.01;12.69;12.81;12.89;12.89;12.85;12.89;12.89;12.89;12.97;12.89;12.89;12.89;12.89;12.93;12.89;12.81;12.89;12.97;12.93;12.85;12.93;12.93;12.93;12.93;12.89;12.93;12.81;12.81;12.85;12.85;12.89;12.89;12.85;12.93;12.89;12.85;12.89;12.73;12.93;12.73;12.85;12.89;12.89;12.85;12.85;12.97;13.01;13.01;13.05;12.93;12.97;12.97;12.93;13.05;13.05;13.05;12.97;13.01;12.93;12.93;12.89;13.01;12.89;13.21;13.05;13.01;13.05;12.93;13.05;13.05;13.05;13.05;13.05;13.01;12.93;12.93;13.01;13.01;13.09;12.89;12.73;12.97
12.73;12.65;12.69;12.85;12.61;12.65;12.65;12.73;12.69;12.73;12.61;12.73;12.69;12.77;12.69;12.65;12.69;12.73;12.69;12.65;12.69;12.69;12.77;12.65;12.61;12.65;12.65;12.65;12.65;12.69;12.65;12.73;12.49;12.65;12.65;12.65;12.65;12.73;12.73;12.65;12.65;12.73;12.89;12.81;12.69;12.69;12.73;12.85;12.89;12.81;12.77;12.73;12.69;12.69;12.85;12.81;12.81;12.81;12.77;12.81;12.81;12.77;12.77;12.81;12.81;12.89;12.85;12.69;12.53;12.57;12.69;12.77;12.81;12.89;12.73;12.77;12.61;12.73;12.73;12.73;12.73;12.69;12.69;12.81;12.77;12.81;12.77;12.73;12.89;12.85;12.85;12.69;12.81;12.81;12.85;12.77;12.93;12.85;12.85;12.81;12.85;12.89;12.89;12.89;12.85;12.89;12.89;12.93;12.89;12.93;12.85;12.93;12.97;12.93;13.01;13.05;12.89;12.93;12.97;12.93;12.93;12.85;12.97;12.97;12.97;12.93;12.93;12.93;12.97;12.97;13.01;12.93;12.97;12.97;12.97;13.01;13.05;12.93;13.01;12.93;12.97;12.97;12.89;13.01;12.97;12.89;12.97;12.93;12.93;12.89;12.93;13.13;12.89;13.09;12.85;12.97;13.01;12.97;13.05;13.05;12.97;12.97;13.01;12.89;13.09;12.97;12.93;12.93;13.05;12.89;12.97;12.89;12.93;12.89;12.89;12.89;12.89;12.89;12.97;12.93;13.01;12.93;12.97;12.89;12.81;12.85;12.85;12.93;13.01;12.93;13.01;13.01;12.93;12.97;12.93;12.93;12.97;12.97;13.01;12.93;12.93;12.89;13.05;12.93;12.93;12.89;12.89;13.01;13.09;13.01;13.01;13.01;13.01;13.01;12.89;12.93;12.97;12.85;12.93;12.97;12.97;12.97;12.93;12.97;12.93;12.85;12.93;12.93;12.89;12.93;12.93;12.89;12.93;12.93;12.93;13.05;13.09;13.01;12.93;13.05;12.89;13.01;12.97;12.97;12.93;12.85;12.89;13.05;12.93;12.89;12.89;12.93;12.93;12.93;12.85;12.85;12.93;12.93;13.01;12.89;12.89;12.89;12.85;12.85;12.89;12.85;12.81;12.97;12.89;12.89;12.89;12.89;12.97;12.97;13.09;12.97;13.01;12.93;12.93;12.89;12.89;12.77;12.85;12.89;12.85;12.89;12.89;12.93;12.93;12.93;12.89;12.85;12.89;12.89;12.85;12.93;12.93;12.89;12.97;12.97;13.01;13.01;12.89;12.97;13.01;13.13;12.97;13.09;13.05;13.09;13.05;13.01;13.01;12.97;12.85;12.77;12.93;12.97;12.93;13.09;13.09;12.97;13.01;13.09;13.21;13.09;13.13;13.01;13.09;13.05;13.01;13.05;13.01;13.05;12.89;13.05
12.65;12.53;12.73;12.69;12.69;12.65;12.65;12.69;12.73;12.73;12.73;12.73;12.65;12.69;12.61;12.65;12.65;12.73;12.73;12.89;12.69;12.69;12.65;12.69;12.61;12.65;12.49;12.65;12.65;12.65;12.69;12.69;12.69;12.65;12.65;12.69;12.73;12.69;12.73;12.69;12.85;12.81;12.81;12.81;12.73;12.65;12.77;12.85;12.73;12.69;12.77;12.65;12.65;12.69;12.73;12.85;12.85;12.85;12.77;12.77;12.81;12.81;12.77;12.73;12.81;12.81;12.73;12.73;12.73;12.69;12.69;12.77;12.69;12.77;12.73;12.77;12.73;12.73;12.73;12.73;12.73;12.81;12.81;12.77;12.81;12.89;12.85;12.81;12.89;12.85;12.89;12.77;12.81;12.85;12.65;12.93;12.93;12.89;12.93;12.81;12.81;12.85;12.85;12.89;12.85;12.89;12.81;12.57;12.85;12.81;12.85;12.77;12.81;12.81;12.97;12.97;12.93;12.89;12.93;12.89;12.89;12.85;13.05;12.97;12.93;12.93;12.93;12.97;12.97;13.01;12.93;12.93;12.93;12.93;12.93;12.93;12.93;12.97;12.97;13.09;13.01;12.89;13.01;12.93;13.09;13.05;12.89;12.93;12.97;12.89;12.81;13.01;12.93;12.93;13.05;12.97;13.01;13.01;13.13;12.89;12.97;13.01;13.01;13.01;13.05;12.85;12.93;12.89;13.01;12.97;12.85;12.77;12.93;12.93;12.93;12.89;12.89;12.97;13.01;12.93;12.97;12.97;12.89;12.89;12.93;12.93;12.89;12.89;12.89;13.01;13.01;12.93;12.77;12.93;12.93;13.01;12.97;13.01;13.01;12.93;12.97;12.85;12.93;12.97;12.97;12.89;12.85;12.93;13.05;12.97;13.01;13.01;13.05;13.01;12.89;12.97;12.97;12.85;12.89;12.93;12.97;12.93;12.89;12.93;13.01;12.93;12.93;12.93;12.97;12.93;13.01;12.97;13.01;12.93;12.93;13.05;12.97;13.01;12.97;13.01;12.97;13.01;12.97;13.01;12.93;12.89;12.97;13.09;12.81;12.97;12.89;12.93;13.09;12.97;12.93;12.93;13.05;12.89;12.93;12.89;12.85;12.81;12.85;12.89;12.93;12.93;12.77;12.85;12.93;12.85;12.85;12.89;12.93;12.89;13.01;12.97;12.97;12.97;12.93;12.89;12.89;12.81;12.93;13.01;12.85;12.93;12.89;12.93;13.01;13.01;13.01;12.93;12.69;12.85;12.85;13.01;12.85;13.05;13.01;12.93;12.89;13.01;12.93;12.93;13.01;13.01;13.01;13.05;13.09;12.93;13.05;13.01;13.05;13.01;12.89;12.93;13.01;13.09;13.05;13.09;13.05;13.01;13.05;13.09;13.05;13.09;13.05;12.89;13.09;13.09;13.05;13.01;13.09;13.05;13.21;13.05
12.57;12.65;12.77;12.73;12.69;12.65;12.69;12.69;12.73;13.01;12.73;12.73;12.73;12.65;12.61;12.65;12.73;12.77;12.65;12.65;12.73;12.73;12.61;12.45;12.65;12.69;12.65;12.69;12.65;12.65;12.53;12.69;12.65;12.69;12.85;12.61;12.73;12.77;12.77;12.69;12.77;12.77;12.77;12.81;12.77;12.73;12.73;12.89;12.93;12.73;12.77;12.73;12.69;12.69;12.73;12.77;13.05;12.81;12.77;12.77;12.89;12.73;12.77;12.61;12.81;12.77;12.69;12.73;12.65;12.65;12.69;12.61;12.73;12.77;12.73;12.69;12.85;12.73;12.73;12.69;12.73;12.85;12.81;12.81;12.85;12.81;12.85;12.85;12.73;12.85;12.81;12.81;12.85;12.73;12.89;12.93;12.89;12.85;12.93;12.93;12.73;12.89;12.77;12.81;12.85;12.89;12.77;12.85;12.85;12.85;12.85;12.69;12.85;12.89;12.97;12.97;12.97;12.97;12.97;12.97;13.01;13.05;13.05;13.01;12.97;12.97;12.97;12.93;12.97;12.97;12.97;12.93;12.97;12.93;12.93;12.97;12.93;13.01;12.97;13.01;12.97;13.01;13.01;13.01;13.09;13.05;13.01;12.93;12.93;12.89;12.93;12.93;12.97;13.05;13.01;12.89;12.97;13.05;13.09;12.97;13.13;13.01;13.01;13.01;12.97;13.09;13.01;12.97;12.97;12.97;13.01;13.01;12.97;12.93;12.89;13.01;12.97;13.01;12.93;12.93;12.93;12.97;13.01;12.89;12.89;12.93;13.17;12.93;12.93;13.01;13.05;12.89;12.93;12.93;12.89;12.97;13.01;13.01;12.97;12.93;12.85;12.97;12.97;12.93;12.93;13.01;13.01;13.13;13.09;13.05;13.01;13.01;13.01;13.01;13.09;12.93;13.05;13.05;13.05;12.93;12.89;12.85;12.89;12.93;12.93;12.97;12.89;12.81;12.93;13.01;12.85;13.05;13.09;13.01;12.93;13.05;13.05;13.01;13.01;12.93;12.93;13.05;13.13;13.05;12.89;12.93;12.85;12.93;12.85;12.97;12.89;12.89;13.01;13.09;13.01;13.05;13.01;12.97;12.97;12.93;12.89;12.89;12.85;12.89;13.01;13.05;12.89;12.85;12.89;12.85;12.89;12.93;13.09;12.93;12.93;12.93;12.89;12.89;12.93;13.01;12.85;12.85;13.05;13.01;12.93;12.89;12.81;12.89;12.93;13.05;12.93;12.81;12.89;12.93;13.13;13.01;12.97;12.93;13.05;13.01;13.05;13.01;13.01;12.89;12.93;13.01;13.01;12.89;13.01;12.97;13.05;12.97;13.13;13.05;13.01;12.85;13.01;13.01;13.01;13.05;13.05;13.05;13.01;13.05;13.05;12.97;13.01;13.09;13.01;13.01;13.01;13.01;13.01;13.05;13.09;13.05
12.61;12.65;12.65;12.73;12.61;12.61;12.69;12.69;12.69;12.77;12.69;12.69;12.69;12.69;12.65;12.69;12.69;12.69;12.69;12.61;12.73;12.69;12.65;12.65;12.65;12.73;12.69;12.53;12.65;12.61;12.65;12.69;12.69;12.69;12.69;12.69;12.69;12.65;12.81;12.77;12.69;12.69;12.81;12.73;12.73;12.77;12.81;12.81;12.81;12.65;12.81;12.81;12.81;12.73;12.77;12.81;12.81;12.81;12.77;12.73;12.73;12.65;12.73;12.65;12.57;12.65;12.69;12.69;12.65;12.69;12.69;12.77;12.77;12.73;12.81;12.77;12.73;12.73;12.73;12.65;12.81;12.73;12.73;12.77;12.85;12.85;12.81;12.81;12.81;12.85;12.81;12.81;12.89;12.85;12.85;12.93;12.89;12.81;12.89;12.89;12.85;12.81;12.69;12.85;12.85;12.81;12.77;12.89;12.85;12.85;12.81;12.93;12.93;12.93;13.05;12.93;12.93;12.93;13.01;12.97;13.01;13.01;13.01;13.05;13.01;13.01;13.05;12.93;12.93;13.01;12.97;13.01;12.97;12.85;12.89;12.89;12.97;12.97;12.85;13.01;13.01;13.05;13.05;13.01;13.05;13.01;13.09;13.05;13.01;12.89;12.89;12.89;12.93;12.89;12.93;13.09;12.97;13.17;13.05;13.09;13.09;13.01;12.85;12.93;12.97;12.97;12.97;12.97;12.93;12.97;13.05;13.05;12.93;12.85;12.73;12.85;13.01;12.93;13.05;12.89;13.01;12.89;13.01;12.93;12.89;12.77;12.93;12.89;12.89;12.89;13.01;12.81;12.93;13.01;12.89;12.89;13.01;13.01;12.93;12.93;12.97;12.81;12.93;12.93;12.97;12.89;12.93;13.01;13.05;12.97;12.93;13.01;13.01;13.05;12.97;12.97;13.01;12.97;13.05;12.97;12.89;12.89;12.89;12.93;12.89;12.89;12.93;13.09;12.93;13.01;12.93;13.05;12.93;12.85;13.05;13.09;13.05;12.93;12.93;13.01;12.97;13.09;13.05;13.09;12.89;12.85;12.85;12.89;12.81;12.93;12.97;12.93;13.09;13.05;13.01;13.05;12.89;12.85;12.89;12.89;12.93;12.93;12.93;12.93;12.93;13.01;12.85;12.89;12.85;13.13;12.85;12.93;13.01;12.93;12.93;12.85;12.81;12.89;12.89;13.01;12.81;12.85;12.89;12.89;12.89;12.73;12.85;12.85;12.73;12.85;13.13;12.85;12.81;12.89;12.97;12.97;12.97;13.01;12.93;13.01;12.97;12.93;12.97;12.89;12.93;13.01;13.09;13.05;12.93;13.05;12.93;13.05;13.05;12.97;12.93;12.97;13.01;12.93;12.97;13.01;13.01;13.01;13.01;13.05;13.01;13.05;13.21;13.01;12.97;12.93;12.93;13.01;13.09;13.09;13.09;13.09
12.53;12.57;12.65;12.65;12.65;12.65;12.65;12.81;12.73;12.73;12.69;12.65;12.73;12.73;12.69;12.73;12.73;12.65;12.69;12.61;12.73;12.65;12.65;12.65;12.69;12.81;12.65;12.53;12.65;12.69;12.69;12.69;12.69;12.73;12.69;12.73;12.73;12.69;12.69;12.69;12.69;12.61;12.73;12.69;12.65;12.85;12.89;12.85;12.69;12.69;12.65;12.73;12.77;12.77;12.77;12.73;12.77;12.73;12.77;12.73;12.61;12.73;12.65;12.69;12.53;12.69;12.69;12.69;12.65;12.69;12.69;12.61;12.81;12.73;12.73;12.61;12.81;12.73;12.73;12.69;12.73;12.77;12.77;12.81;12.81;12.85;12.69;12.85;12.81;12.81;12.81;12.93;12.89;12.93;12.93;12.89;12.89;12.77;12.89;12.85;12.85;12.89;12.85;12.89;12.89;12.69;12.77;12.85;12.89;12.93;12.93;12.89;12.93;12.89;12.73;12.85;12.89;13.05;13.05;12.89;12.93;13.05;13.01;12.89;13.01;13.01;12.97;12.97;13.05;13.09;13.01;13.01;13.05;12.97;12.93;12.93;13.01;12.89;12.93;13.01;13.01;13.05;13.05;13.05;13.05;13.09;12.81;13.05;13.05;12.97;12.93;12.93;12.89;12.93;13.01;12.93;12.73;13.05;13.09;13.01;12.93;13.01;12.89;12.89;12.93;13.01;13.01;12.97;13.01;12.97;13.05;13.01;12.97;12.93;12.85;13.01;12.89;13.01;12.73;12.93;12.89;13.01;12.93;12.93;12.89;12.77;12.85;12.97;13.05;12.97;13.01;13.01;12.97;12.89;12.89;12.89;13.09;12.97;12.89;13.01;12.93;12.93;12.93;12.93;13.01;12.93;12.89;13.05;13.01;13.01;12.93;13.01;13.01;13.01;13.01;12.93;12.93;12.97;13.01;12.93;12.89;12.93;12.89;12.89;12.89;12.89;12.89;12.93;12.93;12.85;12.73;12.89;12.93;12.85;12.93;12.85;13.01;12.97;12.85;12.77;12.89;13.01;13.05;13.09;13.01;12.89;12.81;12.85;12.97;12.93;12.93;12.93;12.93;13.01;12.85;12.93;12.85;12.89;12.85;12.89;12.93;12.97;12.89;12.89;13.09;12.93;12.85;12.85;12.89;12.93;12.77;13.01;12.77;12.93;12.93;13.01;12.89;12.77;12.89;12.93;12.89;12.85;12.81;12.93;12.93;12.85;12.89;12.85;12.85;12.85;12.85;12.77;12.85;12.77;12.89;13.01;13.01;12.85;12.93;13.01;13.05;13.09;12.93;12.93;12.89;13.01;13.05;13.01;13.05;13.01;12.97;12.97;12.97;12.97;12.93;13.01;13.01;13.01;12.97;12.93;12.93;13.05;13.05;12.97;13.05;12.85;13.09;12.93;12.97;13.09;12.89;13.01;13.01;12.93;13.01;13.09
12.73;12.65;12.53;12.65;12.69;12.69;12.73;12.73;12.73;12.65;12.69;12.77;12.93;12.81;12.69;12.61;12.69;12.69;12.65;12.61;12.57;12.65;12.65;12.65;12.65;12.73;12.69;12.65;12.69;12.69;12.69;12.77;12.73;12.69;12.69;12.73;12.73;12.85;12.69;12.45;12.69;12.73;12.69;12.69;12.73;12.81;12.81;12.81;12.81;12.73;12.77;12.81;12.85;12.81;12.73;12.65;12.69;12.73;12.73;12.73;12.69;12.69;12.73;12.61;12.73;12.73;12.85;12.73;12.81;12.69;12.61;12.85;12.77;12.77;12.77;12.81;12.81;12.77;12.65;12.77;12.77;12.81;12.77;12.81;12.81;12.69;12.77;12.81;12.81;12.81;12.85;12.65;12.73;12.89;12.93;12.85;12.85;12.81;12.85;12.85;12.77;12.97;12.81;13.01;12.77;12.85;12.77;12.89;12.97;12.93;12.85;12.89;12.93;12.89;12.89;12.85;13.01;13.01;12.89;13.09;12.97;12.97;13.01;12.93;13.01;13.01;13.01;13.01;13.05;13.05;13.05;13.05;13.01;12.93;12.89;13.05;13.01;13.01;13.01;13.01;13.01;13.13;13.21;13.01;13.05;13.13;13.05;13.05;12.89;12.93;12.93;13.01;12.97;13.01;12.93;12.89;12.93;13.01;13.01;12.97;12.93;12.93;12.97;12.97;13.01;13.01;13.01;12.93;12.89;12.97;13.13;12.81;12.97;13.01;12.93;12.93;12.85;12.85;12.89;12.93;13.01;12.89;13.13;12.89;13.01;12.89;12.89;12.93;13.01;13.05;13.05;13.01;13.01;12.93;12.89;12.93;12.93;13.05;12.93;13.09;13.01;12.93;12.93;12.97;12.93;12.93;12.89;13.05;13.09;12.97;12.97;12.93;13.01;13.01;13.01;13.01;13.05;13.01;12.97;12.93;13.05;13.01;12.97;12.89;12.73;12.89;12.93;12.93;12.85;12.89;12.93;13.05;12.97;12.89;13.05;13.05;12.81;12.89;12.97;12.97;12.93;12.93;13.05;12.97;13.01;12.93;12.93;12.93;12.93;12.89;12.93;12.93;12.97;12.97;13.09;13.01;12.81;12.93;12.93;12.97;12.97;12.93;12.93;12.93;12.81;13.01;12.89;12.93;12.89;12.89;12.93;13.01;12.93;13.01;12.97;12.93;12.93;12.89;12.81;12.93;12.93;12.93;12.89;12.93;12.93;12.89;12.93;12.89;12.89;12.89;12.89;12.85;12.89;12.97;13.01;12.97;13.05;12.93;12.97;12.97;13.01;13.05;13.09;12.93;13.01;13.05;13.05;13.01;12.85;13.05;13.01;12.93;12.93;13.05;13.01;12.93;12.97;13.01;13.01;13.01;13.01;12.97;13.13;13.09;12.93;13.09;13.09;13.01;12.97;12.93;12.93;12.93;13.09;12.89;12.85;13.01
12.61;12.69;12.61;12.73;12.81;12.65;12.73;12.69;12.69;12.69;12.73;12.69;12.73;12.69;12.65;12.85;12.77;12.73;12.69;12.69;12.65;12.65;12.69;12.69;12.69;12.65;12.65;12.65;12.61;12.77;12.69;12.69;12.69;12.69;12.69;12.69;12.81;12.89;12.65;12.53;12.65;12.73;12.73;12.73;12.77;12.73;12.85;12.77;12.81;12.93;12.85;12.85;12.89;12.69;12.73;12.69;12.73;12.69;12.77;12.73;12.81;12.73;12.73;12.73;12.69;12.81;12.69;12.77;12.69;12.65;12.81;12.77;12.69;12.69;12.77;12.77;12.73;12.81;12.81;12.81;12.81;12.69;12.65;12.77;12.77;12.81;12.81;12.85;12.73;12.93;12.93;12.81;12.85;12.81;12.93;12.85;13.01;12.89;12.69;12.85;12.81;12.85;12.93;12.85;12.81;12.73;12.81;12.73;13.01;12.89;13.05;12.93;13.01;12.89;12.85;12.89;13.01;13.05;13.01;13.05;12.97;12.89;13.01;13.01;13.01;12.93;13.09;12.97;12.93;13.05;13.05;13.05;13.01;12.93;12.89;12.97;13.01;13.01;13.09;13.01;13.05;13.05;12.97;12.97;13.01;13.17;13.05;13.01;13.01;12.93;12.97;12.97;12.97;13.05;12.97;12.93;12.89;12.85;13.01;12.93;12.93;13.01;13.01;13.01;13.01;13.01;13.09;12.93;13.01;12.97;13.05;12.97;13.01;13.05;12.93;12.85;12.93;12.85;12.97;13.01;12.93;12.85;12.93;12.93;12.93;12.89;12.97;12.97;12.93;13.01;13.17;12.89;13.01;12.93;12.89;12.93;12.89;12.97;12.93;12.93;13.01;12.97;12.97;13.01;12.93;12.89;12.93;12.85;12.93;12.97;12.85;13.01;13.01;13.05;13.05;12.97;12.97;13.01;12.97;12.93;13.01;13.01;12.93;12.93;12.89;12.89;12.89;13.13;12.85;13.01;13.01;12.97;12.89;12.89;12.97;13.09;12.89;12.93;12.93;12.89;13.17;12.93;13.01;13.05;13.01;13.05;12.93;12.97;12.97;12.81;12.89;12.93;12.93;12.97;12.97;13.01;12.93;12.93;12.93;13.01;12.93;12.89;12.85;12.85;12.89;13.05;12.97;13.01;12.85;12.85;12.93;12.93;13.05;12.97;12.93;12.89;12.89;12.93;13.05;12.89;12.89;12.93;13.05;12.93;12.97;12.93;12.97;13.09;12.89;12.89;12.93;12.93;12.81;12.93;13.01;12.85;12.97;12.89;12.89;12.97;13.01;13.01;12.97;12.97;13.01;13.17;12.97;13.05;12.89;13.05;13.01;13.05;13.13;13.01;12.93;12.93;13.05;12.85;12.97;13.01;13.01;12.97;13.01;13.01;13.09;13.09;13.01;13.01;13.05;12.93;12.89;12.81;12.93;12.81;12.93;13.01
12.73;12.61;12.61;12.73;12.69;12.65;12.69;12.69;12.69;12.69;12.69;12.61;12.61;12.65;12.49;12.65;12.73;12.65;12.77;12.69;12.49;12.61;12.61;12.61;12.73;12.73;12.65;12.65;12.61;12.81;12.61;12.61;12.65;12.61;12.73;12.73;12.65;12.69;12.69;12.65;12.69;12.69;12.81;12.61;12.81;12.77;12.89;12.81;12.77;12.73;12.73;12.81;12.81;12.69;12.73;12.73;12.73;12.69;12.77;12.81;12.81;12.81;12.73;12.73;12.69;12.89;12.73;12.73;12.65;12.73;12.73;12.77;12.69;12.69;12.73;12.73;12.73;12.65;12.81;12.89;12.81;12.69;12.73;12.73;12.73;12.81;12.89;12.81;12.89;12.85;12.77;12.81;12.81;12.93;12.81;12.93;12.93;12.89;12.89;12.81;12.81;12.81;12.89;12.77;12.69;12.85;12.89;12.81;12.85;12.89;12.85;12.93;12.93;12.89;12.85;13.05;12.97;13.05;12.93;12.93;12.85;13.05;13.01;13.01;13.05;13.05;12.97;12.89;13.01;13.01;13.05;13.01;12.93;12.85;12.89;12.85;12.93;12.81;13.01;12.97;13.01;12.93;12.97;12.93;12.93;13.01;13.05;12.89;12.93;12.85;12.93;12.93;12.97;13.01;13.01;12.97;12.89;13.01;13.01;13.01;13.01;12.93;13.01;12.89;13.05;13.01;13.05;12.89;12.93;12.89;12.93;13.01;12.93;13.01;12.93;13.09;13.01;12.73;12.89;13.01;13.09;12.93;12.97;12.89;12.85;12.85;12.97;12.97;12.93;12.93;13.05;12.85;12.85;12.93;12.89;12.93;13.09;12.81;12.97;13.01;12.97;12.97;12.97;12.89;12.89;12.81;12.89;12.81;12.97;12.89;12.89;12.97;12.89;13.01;13.01;12.97;12.97;12.93;12.89;12.89;12.93;12.93;12.93;12.93;12.89;12.93;12.97;12.89;12.97;12.81;12.85;12.89;12.97;13.05;12.89;12.69;12.89;12.89;13.01;12.93;12.93;12.97;12.97;13.09;13.01;12.97;13.01;12.97;12.85;13.05;12.89;12.93;12.89;13.01;13.05;12.97;12.97;12.93;12.97;13.05;13.17;12.93;12.89;13.09;12.89;13.01;12.73;13.01;12.89;12.85;12.85;12.85;12.89;12.97;12.77;12.69;12.77;12.89;12.89;12.93;12.81;12.85;12.93;12.93;12.85;12.89;12.81;13.01;12.93;12.85;12.93;12.85;12.85;12.93;12.93;12.93;12.93;12.93;13.01;13.01;13.01;13.01;12.97;12.85;12.93;12.97;12.97;12.93;12.89;13.09;13.13;13.05;13.29;13.05;13.05;12.93;12.93;12.93;12.93;13.01;13.01;13.01;13.01;13.01;13.01;13.01;13.01;13.01;12.93;12.97;12.81;12.85;12.89;12.89;13.01;12.93
12.65;12.61;12.65;12.61;12.65;12.49;12.65;12.69;12.73;12.65;12.65;12.53;12.61;12.65;12.61;12.49;12.73;12.81;12.69;12.65;12.69;12.61;12.61;12.61;12.65;12.53;12.49;12.61;12.45;12.57;12.53;12.69;12.65;12.61;12.65;12.69;12.73;12.65;12.61;12.73;12.69;12.69;12.61;12.73;12.69;12.69;12.73;12.77;12.65;12.53;12.69;12.69;12.81;12.73;12.73;12.73;12.73;12.65;12.81;12.65;12.73;12.69;12.73;12.73;12.69;12.93;12.69;12.65;12.73;12.65;12.73;12.65;12.77;12.73;12.73;12.81;12.73;12.65;12.61;12.73;12.69;12.81;12.81;12.81;12.81;12.85;12.53;12.85;12.89;12.85;12.77;12.77;12.81;12.77;12.73;12.77;12.89;12.93;12.89;12.81;12.81;12.85;12.85;12.85;12.89;12.81;12.85;12.93;12.85;12.89;12.81;12.85;12.89;12.93;12.93;12.93;13.09;13.01;12.89;12.89;12.81;12.85;13.01;12.85;13.05;13.09;12.89;12.93;13.01;13.09;12.89;12.97;12.93;12.93;12.85;12.85;13.05;13.01;13.01;12.93;12.93;12.93;13.01;12.97;12.93;12.93;12.89;12.77;12.93;12.93;12.89;12.93;12.85;12.93;12.89;12.97;12.85;12.97;13.01;13.09;12.93;12.93;12.93;13.05;13.01;13.01;13.09;12.89;12.93;12.89;12.89;12.89;12.93;12.89;12.85;12.93;13.01;12.97;13.01;13.01;12.69;13.01;12.97;12.81;12.89;12.89;12.85;13.01;12.89;12.89;12.93;13.01;13.01;12.89;13.05;12.93;13.09;13.09;13.05;12.89;12.97;12.97;12.93;12.93;12.93;12.69;12.85;13.01;12.93;12.93;12.89;12.89;12.89;12.93;12.93;13.01;12.93;12.89;12.93;12.81;12.97;12.93;12.97;12.89;12.89;12.85;12.89;12.89;12.89;12.89;12.89;12.93;13.05;12.89;12.93;12.85;12.89;12.81;12.89;12.97;13.13;13.05;13.09;13.01;13.01;13.05;12.85;12.97;12.93;12.93;12.89;12.85;13.01;12.93;12.93;12.97;12.97;12.93;12.97;13.01;12.89;13.01;12.85;12.93;12.93;12.93;12.85;12.81;12.93;12.85;12.81;12.85;12.73;12.97;13.01;12.85;12.93;12.93;12.93;12.93;12.85;12.81;13.05;12.93;12.89;12.93;12.77;12.89;12.89;12.89;12.77;12.61;12.85;12.93;13.01;13.01;12.93;12.93;12.93;12.89;13.01;12.97;12.93;12.89;12.93;12.97;12.89;13.09;12.93;13.01;13.01;12.93;13.05;12.85;12.97;12.97;12.97;12.93;12.93;13.13;12.97;13.01;13.17;13.01;12.93;13.05;13.01;12.93;13.01;12.93;12.93;13.01;12.93;13.05;12.89;12.89
12.69;12.61;12.61;12.65;12.69;12.49;12.61;12.65;12.65;12.69;12.69;12.65;12.65;12.65;12.69;12.65;12.65;12.65;12.61;12.61;12.65;12.65;12.61;12.65;12.65;12.65;12.65;12.57;12.65;12.53;12.73;12.65;12.73;12.65;12.49;12.73;12.73;12.61;12.45;12.53;12.73;12.69;12.57;12.65;12.73;12.61;12.69;12.69;12.69;12.69;12.81;12.81;12.69;12.73;12.69;12.73;12.69;12.77;12.77;12.81;12.69;12.69;12.65;12.61;12.85;12.81;12.77;12.81;12.65;12.69;12.65;12.89;12.73;12.85;12.61;12.73;12.73;12.73;12.61;12.69;12.73;12.81;12.81;12.77;12.85;12.65;12.65;12.85;12.69;12.85;12.81;12.81;12.77;12.69;12.81;12.61;12.81;12.85;12.81;12.73;12.81;12.81;12.85;12.85;12.85;12.89;12.77;12.85;12.81;12.89;12.85;12.85;12.85;12.89;12.89;12.93;12.93;13.01;12.93;12.89;12.85;12.85;12.93;12.93;12.93;12.93;12.89;12.89;12.93;12.93;12.89;12.89;12.93;12.93;12.81;13.05;13.01;12.93;12.93;13.01;12.89;12.81;12.93;12.93;12.93;12.89;12.93;12.93;13.09;12.89;12.81;12.85;13.01;12.89;12.89;12.85;12.89;13.01;12.89;13.01;12.89;12.97;12.97;13.05;13.01;13.01;12.97;12.73;12.97;12.93;12.93;12.81;13.01;12.85;12.85;12.93;12.93;12.97;13.05;12.89;12.85;12.93;12.77;12.73;12.81;12.85;12.85;12.93;12.93;12.93;13.05;12.93;12.89;12.93;12.85;12.93;12.93;13.01;12.93;12.97;13.01;12.93;13.01;13.01;13.01;13.01;12.81;12.97;13.09;12.93;12.89;12.89;13.01;12.93;12.89;12.89;12.89;13.01;12.73;12.97;12.93;12.97;12.89;12.93;12.85;12.85;12.89;12.89;12.85;12.85;12.93;13.09;12.93;12.89;12.89;12.85;12.89;12.85;12.89;12.89;12.85;12.81;13.01;12.93;12.89;12.89;12.81;13.01;12.89;12.89;12.93;13.01;12.93;13.01;12.89;12.93;12.93;12.93;12.93;12.73;12.89;13.01;12.97;12.93;12.89;12.93;12.93;12.85;12.81;12.81;12.81;12.77;12.81;12.85;12.89;12.89;12.89;13.01;12.85;12.93;12.85;12.89;12.89;12.93;12.93;12.85;12.89;12.85;12.89;12.89;12.81;12.89;12.85;12.93;13.01;12.93;12.89;12.81;12.93;12.89;12.97;12.97;12.93;12.89;12.93;12.93;13.01;13.01;13.01;12.97;12.97;12.93;12.93;13.01;12.85;12.93;12.93;12.93;12.93;12.93;12.97;13.01;12.93;12.93;13.01;12.89;12.89;12.97;13.09;12.93;12.93;12.89;12.93;12.73;12.85;12.89
12.61;12.57;12.65;12.65;12.57;12.57;12.49;12.65;12.69;12.69;12.69;12.69;12.61;12.65;12.73;12.81;12.61;12.61;12.69;12.69;12.73;12.69;12.65;12.57;12.77;12.69;12.69;12.61;12.69;12.69;12.77;12.73;12.73;12.81;12.69;12.53;12.73;12.65;12.45;12.57;12.61;12.69;12.69;12.73;12.73;12.73;12.81;12.69;12.53;12.77;12.77;12.81;12.77;12.81;12.77;12.85;12.77;12.73;12.73;12.65;12.77;12.77;12.73;12.53;12.73;12.77;12.69;12.85;12.69;12.65;12.73;12.65;12.73;12.81;12.65;12.69;12.69;12.81;12.85;12.73;12.69;12.81;12.73;12.61;12.73;12.81;12.65;12.77;12.89;12.85;12.81;12.69;12.77;12.73;12.81;12.69;13.01;12.81;12.69;12.65;12.85;12.73;12.61;12.89;12.93;12.89;12.81;12.85;12.73;12.81;12.69;12.89;12.85;12.89;12.93;12.93;13.01;13.05;12.89;12.89;12.89;12.93;13.05;12.93;13.01;13.05;12.81;12.89;12.93;12.93;12.97;12.97;12.93;12.89;12.85;12.93;12.97;13.01;12.93;13.05;12.93;12.89;12.97;12.89;12.93;13.01;13.01;13.05;12.89;12.81;12.89;13.01;12.97;12.89;12.81;12.93;12.93;13.05;13.05;12.97;13.01;13.05;13.01;13.01;13.01;12.93;12.81;13.13;13.01;12.93;13.09;13.01;12.89;12.85;12.85;13.01;13.05;12.85;12.97;12.93;12.89;12.85;12.93;12.85;12.89;12.81;13.01;13.01;13.01;12.93;13.01;12.85;12.97;12.85;12.89;12.89;12.93;12.93;12.85;13.01;13.01;12.97;13.13;13.05;12.89;12.93;13.01;12.93;12.93;12.97;13.01;12.81;12.93;13.05;12.73;12.93;12.93;12.97;12.93;12.93;12.93;12.85;12.89;12.93;12.93;12.89;12.89;12.93;12.85;12.89;12.89;12.97;12.81;12.89;12.89;12.89;12.97;12.93;13.01;13.01;13.01;13.01;13.01;12.85;12.93;13.05;12.85;12.93;12.89;12.93;12.93;13.01;12.97;12.97;12.93;12.93;12.93;12.93;12.85;12.93;12.97;12.89;12.93;12.93;12.85;12.97;12.73;12.81;12.89;12.85;12.93;12.89;12.97;12.81;12.93;12.97;13.01;13.01;12.85;12.93;12.89;12.89;12.85;12.89;12.85;12.93;12.93;12.89;13.01;12.85;12.89;12.93;12.89;12.93;13.01;12.89;12.89;12.73;12.89;12.93;12.93;12.93;12.93;12.93;12.93;12.93;13.01;13.01;13.09;13.01;13.01;12.97;13.05;13.01;12.97;12.89;12.89;13.01;13.01;13.01;12.93;12.97;12.89;12.89;12.93;12.97;12.81;12.93;13.01;13.01;12.93;13.01;12.89;12.89;12.85;12.93
12.65;12.65;12.69;12.81;12.73;12.69;12.45;12.65;12.81;12.69;12.81;12.69;12.65;12.69;12.61;12.85;12.81;12.65;12.69;12.69;12.73;12.85;12.69;12.65;12.65;12.73;12.65;12.73;12.81;12.69;12.73;12.73;12.69;12.73;12.73;12.73;12.69;12.69;12.69;12.61;12.61;12.73;12.73;12.73;12.73;12.73;12.69;12.61;12.73;12.73;12.73;12.77;12.81;12.65;12.85;12.93;12.89;12.77;12.85;12.81;12.85;12.81;12.81;12.73;12.81;12.93;12.85;12.73;12.89;12.73;12.77;12.73;12.69;12.81;12.69;12.73;12.77;12.85;12.73;12.81;12.81;12.85;12.77;12.77;12.81;12.93;12.93;12.89;12.89;12.81;12.77;12.89;12.77;12.77;12.85;12.81;12.85;12.85;12.69;12.81;12.89;12.89;12.85;12.89;12.93;12.85;12.85;12.81;12.93;13.01;12.89;12.89;12.85;12.89;12.89;13.05;12.89;12.89;12.89;12.93;12.89;12.97;12.97;13.05;12.89;12.93;12.93;12.93;12.93;12.93;12.93;13.01;13.01;12.85;12.89;12.93;12.97;13.01;13.01;12.93;12.93;12.89;12.93;12.93;12.89;13.01;13.01;12.97;12.93;12.89;12.89;13.01;13.01;13.09;13.09;13.09;13.01;13.09;13.05;13.05;13.01;13.05;12.97;13.05;13.01;12.89;13.05;12.93;12.85;13.01;12.93;12.97;12.89;12.89;12.89;13.05;12.93;12.93;12.73;12.89;12.89;12.93;13.05;12.89;12.93;12.93;13.01;13.01;12.97;13.01;12.97;13.01;13.01;12.93;12.93;12.81;12.93;13.01;12.97;12.93;13.01;13.01;13.01;13.01;13.01;12.93;12.93;12.93;12.97;12.97;13.01;13.01;13.01;13.13;12.89;13.01;12.97;12.93;13.05;12.89;12.97;12.93;12.93;13.01;12.93;12.89;12.85;12.93;12.93;13.01;12.89;12.93;12.89;12.93;12.89;12.97;13.01;12.97;13.09;13.01;13.01;13.01;13.05;12.93;13.01;12.93;12.93;13.05;12.89;12.93;13.05;12.97;12.97;13.01;12.93;12.89;13.05;12.93;12.93;12.93;12.97;13.05;12.93;12.89;13.01;12.81;12.85;13.05;12.93;12.93;12.89;12.97;12.97;12.81;12.97;12.89;13.01;12.93;12.93;12.89;12.89;12.77;12.89;12.81;12.93;12.89;12.89;12.93;12.93;12.93;12.89;12.85;12.89;12.93;13.01;13.13;12.85;12.73;12.93;12.85;13.01;12.89;12.97;12.89;12.93;13.01;13.05;13.05;13.05;13.05;12.89;13.01;12.89;12.93;13.05;13.21;12.93;13.05;13.01;13.01;12.97;13.01;12.93;12.97;13.05;13.09;13.05;13.05;12.97;12.97;13.01;13.01;13.09;13.05;12.93;13.05
12.65;12.69;12.77;12.73;12.73;12.61;12.61;12.65;12.69;12.65;12.65;12.65;12.57;12.65;12.61;12.73;12.73;12.73;12.73;12.73;12.69;12.69;12.69;12.69;12.65;12.69;12.85;12.69;12.69;12.69;12.61;12.73;12.61;12.69;12.65;12.65;12.69;12.65;12.61;12.69;12.73;12.73;12.65;12.65;12.69;12.73;12.73;12.69;12.73;12.73;12.73;12.73;12.73;12.73;12.85;12.85;12.65;12.77;12.81;12.77;12.73;12.77;12.81;12.53;12.77;12.81;12.77;12.69;12.53;12.69;12.69;12.81;12.69;12.69;12.81;12.73;12.73;12.81;12.73;12.81;12.81;12.81;12.73;12.77;12.73;12.85;12.89;12.85;12.93;12.89;12.89;12.81;12.81;12.77;12.77;12.69;12.77;12.85;12.89;12.89;12.81;12.89;12.81;12.73;12.85;12.85;12.81;12.89;12.65;12.85;12.77;12.89;12.93;12.93;12.89;12.93;12.89;12.89;12.93;13.01;12.89;12.89;13.05;13.09;13.09;12.89;13.01;13.01;12.97;12.93;12.93;12.97;13.01;12.89;12.85;12.89;12.97;12.89;13.01;13.01;12.97;12.89;13.09;12.93;12.93;13.05;13.09;12.93;12.93;12.93;12.93;12.89;12.97;13.05;13.01;13.01;13.01;13.01;13.01;12.97;12.93;13.01;12.93;12.93;12.85;13.01;12.93;13.01;13.05;12.93;13.01;12.89;13.09;12.93;12.85;12.93;12.93;13.01;12.93;12.89;12.93;12.93;12.77;12.93;12.93;12.93;12.93;12.97;12.93;12.97;13.09;13.01;13.05;13.01;12.93;12.81;13.05;13.01;13.01;12.93;12.89;12.93;12.93;12.93;12.93;12.93;13.01;12.97;12.97;13.01;13.05;13.01;13.01;13.01;13.01;13.01;13.21;13.01;12.93;12.93;12.93;12.93;12.97;12.93;13.01;12.97;12.89;13.09;12.85;12.93;12.93;12.97;12.85;12.89;12.93;12.93;12.93;13.01;12.93;13.01;12.97;13.05;13.05;12.93;12.97;13.01;12.93;12.97;12.89;12.93;12.97;12.97;13.01;13.05;12.93;13.01;13.01;13.01;12.93;13.05;12.89;13.01;12.93;12.93;13.01;12.93;12.93;13.01;12.93;12.81;12.93;12.89;12.89;12.93;13.05;12.93;12.85;12.93;12.89;12.93;12.81;12.93;12.81;12.85;12.97;12.89;12.85;12.93;12.93;12.85;12.81;12.81;12.85;12.93;13.05;13.05;13.01;12.89;12.81;12.97;13.01;13.09;12.89;12.93;13.13;13.01;13.01;12.97;13.05;13.01;13.05;12.85;13.05;12.85;12.97;12.93;13.01;12.97;12.93;12.93;12.85;12.97;12.89;13.13;13.05;13.05;13.21;12.97;12.97;13.01;12.97;13.01;13.05;12.97;12.93;12.93
12.69;12.65;12.69;12.85;12.65;12.57;12.53;12.57;12.65;12.65;12.53;12.65;12.61;12.61;12.65;12.69;12.73;12.73;12.73;12.73;12.69;12.53;12.69;12.65;12.61;12.65;12.69;12.73;12.73;12.65;12.65;12.65;12.61;12.61;12.65;12.57;12.49;12.61;12.65;12.65;12.69;12.65;12.61;12.81;12.65;12.69;12.65;12.77;12.61;12.65;12.77;12.69;12.77;12.85;12.77;12.93;12.73;12.65;12.73;12.69;12.77;12.73;12.73;12.69;12.69;12.73;12.69;12.57;12.73;12.69;12.81;12.61;12.69;12.65;12.53;12.81;12.73;12.65;12.81;12.69;12.77;12.85;12.65;12.73;12.73;12.81;12.81;12.77;12.85;12.81;12.81;12.73;12.77;12.77;12.85;12.85;12.81;12.89;12.89;12.81;12.69;12.85;12.81;12.69;12.85;13.01;12.81;12.97;12.77;12.73;12.89;12.93;12.93;12.93;12.93;12.81;12.85;12.81;12.81;12.65;12.85;12.85;12.93;12.85;12.85;12.93;12.89;12.89;12.61;12.85;12.85;12.89;12.93;12.93;12.89;12.93;12.93;12.93;12.89;12.93;12.93;13.05;12.89;12.93;12.97;13.01;12.89;12.97;12.85;12.93;12.89;12.77;12.89;12.97;12.93;13.01;12.93;12.93;12.85;12.93;12.93;12.93;12.93;12.93;12.73;12.85;12.97;13.01;12.97;12.85;12.85;13.01;12.89;12.85;12.89;12.89;13.01;12.97;12.89;12.89;12.85;12.85;12.93;12.89;12.89;12.81;12.93;13.05;12.93;12.81;12.85;12.93;13.01;12.93;12.93;13.01;12.89;12.97;12.89;12.85;12.93;12.93;12.93;13.01;12.89;12.93;12.93;12.85;12.89;13.01;12.97;12.97;12.93;12.89;12.81;13.09;12.93;12.81;12.81;12.93;12.93;12.85;12.89;12.93;12.93;12.93;12.89;12.89;12.89;12.89;12.93;12.89;12.81;12.97;12.93;12.89;12.85;12.89;12.81;13.01;13.01;13.09;13.05;12.89;12.89;12.89;12.89;12.89;12.89;12.89;13.13;12.93;12.85;12.89;12.77;12.93;13.05;12.73;12.93;12.89;12.93;12.89;12.93;12.93;13.01;12.81;12.81;12.73;12.81;12.69;12.89;12.93;12.85;12.73;12.89;12.85;12.85;12.85;12.77;12.69;12.93;12.85;12.97;12.81;12.81;12.89;12.89;12.85;12.85;12.81;12.73;12.73;12.89;12.93;12.97;13.01;12.89;12.77;12.89;12.89;12.93;12.93;12.77;12.89;13.01;13.01;12.93;12.93;13.01;13.05;13.01;12.97;12.97;12.93;13.01;12.93;12.97;12.93;12.93;12.93;12.85;12.89;12.93;12.93;13.09;13.09;12.93;12.97;13.05;12.89;13.09;12.93;12.89;12.89;12.89;12.81
12.65;12.49;12.65;12.77;12.61;12.61;12.49;12.53;12.61;12.65;12.57;12.65;12.57;12.65;12.49;12.57;12.65;12.73;12.69;12.69;12.61;12.65;12.61;12.49;12.65;12.65;12.73;12.73;12.73;12.69;12.65;12.65;12.65;12.41;12.37;12.49;12.49;12.65;12.69;12.69;12.65;12.69;12.57;12.77;12.69;12.65;12.69;12.69;12.69;12.77;12.89;12.73;12.69;12.73;12.69;12.73;12.73;12.65;12.61;12.69;12.73;12.69;12.65;12.65;12.61;12.65;12.73;12.69;12.73;12.65;12.57;12.61;12.65;12.61;12.61;12.69;12.81;12.69;12.69;12.69;12.69;12.65;12.65;12.65;12.65;12.81;12.81;12.69;12.89;12.81;12.81;12.69;12.73;12.73;12.61;12.85;12.85;12.73;12.81;12.81;12.49;12.77;12.77;12.89;12.85;12.89;12.81;12.65;12.77;12.73;12.89;12.89;12.93;12.89;12.81;12.81;12.81;12.89;12.77;12.85;12.85;12.85;12.93;12.89;12.93;12.93;12.81;12.93;12.93;12.89;12.85;12.97;12.93;12.93;12.93;12.85;12.89;12.97;12.89;13.05;12.89;13.01;12.97;12.89;12.97;12.93;12.81;12.85;12.81;13.01;12.77;12.89;12.81;12.89;12.89;12.81;12.89;13.05;13.09;12.93;12.97;12.89;13.05;13.01;12.89;12.89;13.01;12.97;12.93;12.85;12.89;12.85;12.69;12.85;12.89;12.93;12.97;12.93;12.93;12.89;12.81;12.93;12.93;12.89;12.89;12.89;13.01;12.93;12.93;12.97;13.05;12.97;13.01;12.93;12.93;12.81;13.05;12.89;12.93;12.85;12.93;12.93;13.01;12.97;12.93;12.89;12.93;12.93;13.05;12.77;12.89;13.01;12.89;12.89;13.01;13.13;13.01;12.89;12.89;12.93;12.93;12.89;12.73;12.73;12.81;12.93;12.69;12.93;12.89;12.89;12.89;12.93;12.89;12.81;12.97;12.89;12.85;12.81;12.93;12.85;12.93;13.01;12.97;12.93;12.85;12.85;12.89;12.85;12.89;12.89;12.89;12.81;12.85;12.89;12.85;12.81;12.93;12.77;12.85;12.81;12.85;12.93;12.93;12.97;12.89;12.81;12.73;12.65;12.73;12.93;12.85;12.81;12.85;12.57;12.73;12.81;12.93;12.89;12.85;12.69;12.81;12.85;12.93;12.77;12.89;12.85;12.85;12.65;12.77;12.81;12.69;12.81;12.85;12.81;12.93;13.01;12.89;12.85;13.05;12.89;12.73;12.89;12.89;12.89;12.89;12.93;12.93;12.81;13.05;13.13;13.01;13.01;12.89;12.93;12.93;12.93;12.89;12.89;12.85;12.93;12.89;12.93;12.93;12.81;13.01;12.93;12.89;12.89;12.93;12.93;12.85;12.89;12.93;12.93;12.89;12.89
12.65;12.65;12.69;12.73;12.65;12.65;12.69;12.65;12.69;12.65;12.69;12.69;12.61;12.57;12.53;12.73;12.73;12.69;12.69;12.61;12.69;12.61;12.65;12.65;12.69;12.65;12.65;12.65;12.73;12.69;12.77;12.61;12.69;12.61;12.49;12.57;12.61;12.73;12.69;12.65;12.69;12.69;12.65;12.89;12.73;12.69;12.69;12.73;12.73;12.69;12.65;12.69;12.73;12.61;12.61;12.53;12.65;12.85;12.73;12.77;12.73;12.61;12.77;12.65;12.69;12.73;12.69;12.73;12.69;12.69;12.69;12.65;12.65;12.65;12.61;12.57;12.61;12.73;12.65;12.73;12.77;12.73;12.65;12.69;12.85;12.73;12.81;12.81;12.69;12.57;12.81;12.73;12.73;12.81;12.85;12.65;12.73;12.81;12.77;12.81;12.73;12.85;12.77;12.81;12.89;12.89;12.89;12.89;12.93;12.97;12.93;12.85;12.85;13.09;12.89;12.85;12.81;12.97;12.89;12.85;12.89;12.85;12.93;12.93;13.09;12.89;12.89;12.89;12.97;12.93;13.13;12.93;13.01;12.93;12.93;12.89;12.93;12.93;13.01;12.97;12.93;12.85;13.01;12.97;12.93;12.93;12.81;12.81;12.81;13.01;12.85;12.85;12.85;12.85;12.89;12.85;12.89;13.09;12.93;12.97;12.93;13.01;13.01;13.01;12.97;12.89;12.97;13.01;12.93;12.93;12.93;12.85;13.01;12.89;12.85;12.85;12.93;12.89;12.93;12.89;12.93;12.93;12.93;12.93;12.89;12.89;12.81;13.05;13.01;13.01;12.89;12.93;13.01;12.93;12.93;12.89;12.97;12.93;12.93;13.05;12.93;12.93;13.13;12.93;12.89;12.89;12.93;13.01;12.85;12.97;12.89;13.05;12.97;12.93;12.93;12.89;12.93;12.85;12.93;13.01;12.93;12.85;12.81;12.89;12.93;12.89;12.93;12.93;12.93;12.89;12.85;12.85;12.89;12.93;12.93;12.93;12.85;12.85;12.89;12.93;12.89;13.01;12.81;12.89;12.93;12.89;12.89;12.89;12.97;13.01;12.85;13.05;12.85;12.97;12.93;13.01;13.01;12.85;12.73;12.77;12.81;12.89;13.01;12.85;13.01;12.89;12.81;12.89;12.77;12.85;12.81;12.89;12.97;12.85;12.93;12.73;13.01;13.01;12.93;12.89;12.89;12.93;12.97;12.89;12.93;12.73;12.65;12.53;12.73;12.89;12.89;12.89;12.89;12.93;12.89;12.93;12.81;12.85;12.93;12.85;12.93;12.77;13.05;12.89;12.97;12.93;12.93;12.93;13.05;13.05;13.05;12.89;12.89;12.93;12.93;13.01;12.93;12.97;12.89;12.93;12.97;12.89;13.05;12.73;13.01;12.97;12.93;12.93;12.89;12.89;12.85;12.89;12.89;12.89;13.13;12.89
12.65;12.61;12.81;12.69;12.65;12.73;12.65;12.61;12.69;12.69;12.69;12.69;12.61;12.57;12.61;12.65;12.81;12.61;12.65;12.65;12.69;12.73;12.65;12.65;12.73;12.69;12.69;12.69;12.61;12.69;12.69;12.69;12.69;12.69;12.61;12.53;12.69;12.65;12.65;12.69;12.69;12.65;12.69;12.73;12.65;12.69;12.69;12.73;12.65;12.81;12.81;12.77;12.69;12.69;12.57;12.53;12.73;12.85;12.81;12.77;12.85;12.73;12.85;12.81;12.69;12.69;12.69;12.69;12.65;12.61;12.65;12.69;12.69;12.69;12.69;12.69;12.53;12.69;12.69;12.69;12.69;12.69;12.61;12.73;12.81;12.81;12.65;12.77;12.69;12.73;12.73;12.81;12.81;12.81;12.89;12.73;12.77;12.89;12.73;12.69;12.85;12.85;12.73;12.93;12.89;12.85;12.89;12.89;12.89;12.93;12.85;12.93;12.81;12.73;12.85;12.89;12.93;12.93;12.93;12.93;12.85;12.89;12.93;12.89;12.93;12.81;12.93;12.89;12.89;12.97;12.89;13.01;13.01;12.89;12.85;12.85;12.93;12.93;12.89;12.85;12.89;13.01;13.01;13.09;12.93;13.05;12.93;12.89;12.89;12.85;12.89;12.81;12.81;12.81;12.89;12.93;12.93;13.05;13.05;12.97;12.97;13.01;13.01;12.97;13.05;13.01;12.89;12.93;12.93;13.01;13.05;12.81;12.85;12.93;12.93;12.97;12.85;12.97;12.69;12.89;13.09;13.05;12.93;12.89;12.97;12.85;12.93;12.93;13.05;12.89;12.89;12.93;12.93;13.05;12.93;12.89;12.93;13.01;13.05;13.01;13.05;12.97;12.97;12.85;12.93;12.93;12.97;13.09;12.93;13.01;12.93;13.09;13.13;13.01;12.81;12.89;13.01;12.93;13.05;12.93;13.01;12.89;12.93;12.93;12.97;12.85;12.93;12.93;12.89;12.97;12.85;12.93;12.85;12.89;12.89;12.89;12.89;13.09;12.93;13.05;12.89;12.93;12.81;12.89;12.89;12.93;12.93;13.01;12.93;13.01;12.97;13.01;12.85;12.97;12.93;12.93;12.89;12.97;12.85;12.85;12.89;12.85;12.93;12.89;12.93;12.97;12.89;12.85;12.89;12.81;12.73;12.89;12.89;12.89;12.93;12.97;12.85;13.01;12.93;13.01;12.85;12.77;13.09;12.89;12.97;12.89;12.73;12.73;12.65;13.09;12.89;12.73;12.89;12.85;13.01;12.89;12.89;12.89;12.89;12.93;12.97;12.85;13.01;12.93;12.93;13.05;13.05;13.01;13.01;13.01;12.93;12.85;12.89;12.85;12.97;12.93;12.93;13.01;13.01;13.13;12.97;13.05;13.09;12.81;13.01;13.01;12.89;13.01;12.85;12.85;12.85;12.89;12.89;12.97;12.89;12.93
12.57;12.61;12.69;12.53;12.69;12.69;12.61;12.69;12.69;12.69;12.73;12.69;12.73;12.57;12.57;12.65;12.81;12.85;12.73;12.73;12.69;12.73;12.69;12.73;12.61;12.61;12.65;12.65;12.69;12.61;12.69;12.61;12.65;12.61;12.57;12.65;12.65;12.65;12.61;12.65;12.69;12.69;12.77;12.73;12.69;12.69;12.69;12.69;12.69;12.81;12.81;12.73;12.73;12.73;12.69;12.73;12.73;12.65;12.77;12.73;12.69;12.73;12.77;12.77;12.85;12.65;12.65;12.65;12.65;12.65;12.57;12.69;12.65;12.57;12.65;12.69;12.61;12.69;12.73;12.81;12.73;12.65;12.65;12.65;12.65;12.69;12.73;12.73;12.73;12.69;12.77;12.77;12.81;12.85;12.89;12.81;12.85;12.85;12.81;12.73;12.81;12.93;12.81;12.85;12.89;12.69;12.81;12.89;12.89;12.81;12.89;12.93;12.85;12.81;12.85;12.89;12.89;12.93;12.73;12.81;12.93;12.85;12.93;12.93;12.97;12.93;12.93;12.89;12.93;13.05;12.93;13.01;13.01;12.89;12.85;12.93;13.01;12.89;12.85;12.85;12.89;12.93;13.01;13.09;13.05;13.01;13.05;12.89;12.89;12.89;12.89;12.85;12.85;12.93;12.93;12.85;13.05;13.25;13.05;13.01;13.01;12.97;13.01;12.97;13.01;12.85;12.93;13.01;13.09;12.85;12.97;12.93;12.97;12.89;12.93;12.97;12.89;12.89;12.89;12.97;13.01;12.93;12.85;12.93;12.97;12.93;12.93;13.01;13.01;13.01;13.05;12.97;13.09;12.93;12.93;12.93;12.93;12.97;13.01;12.89;12.93;13.01;12.93;12.89;12.93;12.93;12.93;12.85;12.97;13.01;12.93;13.01;13.05;12.93;12.85;13.05;12.97;12.97;13.17;12.93;13.01;12.93;13.01;12.93;13.09;12.89;12.89;12.89;12.81;12.89;12.93;12.93;12.89;12.85;12.89;12.97;12.81;13.01;13.09;12.93;12.81;12.97;12.89;13.01;12.89;13.01;12.73;12.93;12.89;12.93;12.85;12.97;12.97;12.97;13.01;13.01;12.73;12.89;12.81;12.93;12.93;12.89;12.89;12.89;12.93;12.93;12.89;12.85;12.81;12.81;12.81;12.89;12.89;12.93;12.93;12.93;13.01;13.09;12.85;12.69;12.73;12.97;13.09;12.85;12.93;12.93;12.93;12.89;12.89;13.01;12.89;12.89;12.89;12.89;12.89;12.93;12.89;12.89;12.89;12.89;12.89;12.85;12.97;12.93;12.93;12.93;13.01;12.97;12.93;13.01;12.93;12.89;12.89;13.01;12.93;13.05;12.97;13.01;12.93;13.01;12.97;13.09;12.89;12.97;13.01;13.01;13.09;13.01;13.13;12.81;12.89;12.85;12.85;13.01;12.89;12.93
12.73;12.53;12.61;12.65;12.69;12.69;12.69;12.77;12.65;12.77;12.65;12.77;12.69;12.65;12.65;12.73;12.81;12.85;12.77;12.73;12.65;12.69;12.69;12.69;12.61;12.65;12.65;12.65;12.61;12.81;12.69;12.65;12.53;12.53;12.65;12.61;12.65;12.61;12.53;12.65;12.61;12.61;12.69;12.73;12.65;12.69;12.69;12.73;12.81;12.73;12.89;12.73;12.65;12.73;12.73;12.69;12.89;12.69;12.65;12.77;12.69;12.73;12.73;12.73;12.81;12.81;12.73;12.77;12.65;12.73;12.65;12.69;12.73;12.65;12.65;12.93;12.65;12.61;12.81;12.85;12.77;12.61;12.73;12.73;12.73;12.85;12.65;12.69;12.77;12.69;12.81;12.81;12.77;12.81;12.81;12.85;12.73;12.65;12.73;12.73;12.77;12.81;12.77;12.81;12.77;12.69;12.73;12.85;12.81;12.85;12.85;12.93;12.97;12.85;12.65;12.85;12.89;12.93;12.89;12.97;12.81;12.85;12.89;12.89;12.93;12.93;12.85;12.93;12.93;12.93;12.85;12.93;13.05;12.73;12.81;12.89;12.89;12.81;12.81;12.81;12.85;12.93;13.01;12.93;12.97;13.01;13.05;13.01;12.89;12.89;12.89;12.81;12.89;12.85;12.85;13.05;13.01;13.01;13.01;13.05;12.97;12.93;12.97;13.01;13.01;13.09;12.93;12.97;13.01;13.01;13.01;13.01;12.93;12.85;12.85;12.89;12.85;12.89;12.97;12.97;13.09;13.01;12.93;12.93;13.09;12.93;12.97;12.93;13.01;13.09;13.05;12.97;12.97;12.93;12.93;13.01;13.05;13.01;12.77;12.85;12.93;13.05;12.85;12.85;12.93;12.85;13.05;12.93;13.01;12.77;12.97;13.01;13.09;12.81;12.89;12.93;12.93;12.89;12.89;12.97;12.85;12.93;12.93;12.89;12.85;12.89;12.89;12.85;12.73;12.85;12.85;12.81;13.01;12.93;12.89;13.01;13.01;12.97;12.93;12.89;12.85;12.93;12.97;12.81;12.97;12.89;12.93;12.89;12.93;12.89;12.97;12.85;12.93;12.97;12.93;12.85;12.69;12.81;12.61;12.93;12.93;12.89;12.93;12.89;12.89;12.89;12.85;12.81;12.85;12.85;12.89;12.89;12.89;12.97;13.01;13.01;13.01;13.01;12.73;12.81;12.81;12.85;12.93;12.93;12.89;12.81;12.89;12.81;12.85;12.89;12.89;12.81;12.85;12.89;13.01;12.89;13.01;12.89;12.93;12.85;12.97;12.93;12.89;12.97;12.97;12.97;13.09;12.93;12.97;12.85;12.93;12.85;12.85;12.85;12.89;13.01;12.93;12.97;12.93;12.85;12.93;12.93;13.01;13.01;12.97;13.01;13.05;12.97;12.89;12.97;12.89;12.93;12.93;12.93;12.93;12.85
12.69;12.65;12.69;12.69;12.69;12.73;12.77;12.77;12.61;12.77;12.69;12.65;12.49;12.69;12.69;12.77;12.73;12.73;12.73;12.81;12.69;12.57;12.61;12.65;12.69;12.65;12.65;12.69;12.73;12.73;12.85;12.69;12.61;12.65;12.69;12.65;12.81;12.65;12.61;12.65;12.77;12.69;12.69;12.69;12.65;12.65;12.69;12.85;12.73;12.73;12.77;12.73;12.69;12.69;12.73;12.69;12.73;12.73;12.77;12.73;12.65;12.69;12.69;12.61;12.69;12.93;12.77;12.77;12.81;12.69;12.73;12.93;12.65;12.73;12.65;12.89;12.69;12.77;12.81;12.77;12.81;12.73;12.73;12.85;12.73;12.77;12.73;12.81;12.69;12.85;12.81;12.81;12.81;12.73;12.81;12.77;12.69;12.73;12.85;12.81;12.81;12.81;12.81;12.77;12.73;12.81;12.77;12.81;12.85;12.93;12.93;13.01;13.01;12.89;12.85;12.85;12.89;13.09;12.97;12.81;12.81;12.85;12.89;12.89;12.93;13.05;12.93;12.93;13.09;12.93;13.01;13.01;13.05;12.93;12.85;13.09;13.01;12.77;13.09;12.89;12.85;12.85;12.93;13.05;12.93;12.93;13.05;12.93;12.93;12.89;12.77;12.89;13.01;12.89;12.89;12.89;13.09;12.93;12.93;12.97;12.97;13.01;12.97;13.01;13.01;13.05;12.93;12.89;12.97;13.01;13.05;13.01;12.97;12.85;12.85;12.93;12.97;13.01;13.09;13.01;12.93;12.93;13.01;12.97;13.01;12.93;12.97;12.97;13.05;13.05;12.97;13.01;13.01;12.97;13.01;13.01;13.05;12.97;12.97;12.89;12.81;12.93;12.89;12.89;12.89;12.97;12.93;12.93;12.93;13.01;13.01;13.01;13.13;12.89;12.93;12.85;12.89;12.93;12.89;12.89;12.89;12.93;12.93;12.89;12.85;12.81;12.85;12.73;12.77;12.89;12.81;12.93;12.85;12.93;12.97;12.93;13.21;13.01;12.93;12.97;12.93;13.01;13.13;13.05;13.01;13.01;13.05;13.01;12.93;13.05;12.89;12.89;12.85;12.89;12.89;13.01;12.93;12.93;12.97;12.89;12.93;12.93;12.93;12.89;12.89;12.89;12.89;12.93;12.89;12.89;12.89;12.89;12.89;13.05;12.85;12.93;12.97;12.89;12.85;12.85;12.97;12.85;12.89;12.93;13.01;12.85;12.89;12.81;12.81;12.93;12.89;12.93;12.85;12.97;12.93;13.01;13.01;12.89;13.05;12.93;12.97;12.97;12.93;13.01;13.01;12.93;12.97;12.97;12.97;13.05;12.93;12.93;12.89;12.93;12.89;12.93;12.93;12.97;12.89;12.81;12.93;12.93;13.01;12.97;12.93;13.05;13.09;13.01;12.97;12.97;12.93;13.01;12.93;12.89;12.93;12.93
12.73;12.73;12.61;12.69;12.73;12.73;12.81;12.77;12.73;12.73;12.69;12.53;12.65;12.53;12.73;12.73;12.73;12.73;12.73;12.73;12.73;12.65;12.53;12.53;12.73;12.81;12.61;12.65;12.69;12.69;12.65;12.77;12.73;12.65;12.65;12.65;12.61;12.69;12.65;12.65;12.65;12.69;12.69;12.65;12.65;12.65;12.69;12.73;12.73;12.69;12.73;12.73;12.81;12.85;12.73;12.65;12.73;12.73;12.77;12.73;12.69;12.69;12.69;12.73;12.65;12.81;12.73;12.77;12.69;12.73;12.69;12.73;12.69;12.65;12.73;12.73;12.89;12.73;12.77;12.81;12.73;12.77;12.77;12.81;12.81;12.77;12.73;12.77;12.81;12.81;12.77;12.81;12.77;12.73;12.77;12.73;12.73;12.85;12.81;12.85;12.85;12.73;12.69;12.77;12.81;12.85;12.81;12.81;12.85;12.93;12.93;12.93;12.89;12.81;12.85;12.85;12.77;13.01;13.01;12.81;12.85;12.89;12.89;12.93;13.01;12.97;12.89;12.93;12.93;13.05;12.81;12.97;12.89;13.05;12.85;12.93;12.93;12.93;13.05;13.01;12.97;12.89;13.01;12.97;13.01;13.01;12.73;12.93;12.93;13.01;12.85;12.89;13.05;12.93;12.81;12.93;12.93;13.01;12.93;12.93;12.93;12.89;12.89;12.93;13.01;13.01;13.01;12.93;13.05;13.01;13.01;12.97;12.89;12.77;12.89;12.89;13.05;12.93;13.01;13.05;12.97;12.93;13.13;12.93;12.93;12.93;12.97;12.97;12.93;12.93;13.01;12.97;12.97;13.05;13.01;12.97;13.05;12.93;13.13;12.93;12.93;13.01;13.09;12.93;12.93;12.89;12.93;12.93;12.97;13.05;13.05;13.09;13.01;12.93;12.93;12.97;12.93;12.85;13.01;13.05;12.93;12.93;12.93;12.81;12.81;13.01;12.89;12.89;12.89;12.89;12.77;12.93;12.89;13.01;12.97;13.05;13.01;12.93;12.97;13.01;13.05;13.01;13.01;13.05;12.97;12.97;12.81;12.93;12.93;12.89;12.93;12.93;12.93;12.89;12.93;13.01;13.05;12.97;13.05;13.01;12.93;12.93;12.93;12.93;12.89;12.93;12.89;12.89;12.93;12.93;12.93;12.89;12.89;12.89;12.85;12.85;12.89;13.01;12.89;12.93;12.81;12.85;12.93;12.93;12.93;12.89;12.89;12.85;12.93;12.93;13.01;12.93;12.81;12.89;13.01;13.01;12.97;13.05;13.01;12.93;12.93;13.01;12.97;12.93;12.89;12.89;12.89;12.97;12.97;13.01;13.05;13.01;12.93;12.97;12.81;12.81;12.93;12.97;13.09;12.93;12.89;12.93;12.97;12.93;13.01;13.05;13.05;13.01;13.01;12.85;12.89;12.93;12.89;12.89;12.73;12.93
12.53;12.73;12.69;12.69;12.69;12.61;12.69;12.69;12.85;12.65;12.69;12.73;12.61;12.69;12.69;12.85;12.77;12.77;12.73;12.65;12.65;12.73;12.69;12.73;12.57;12.61;12.65;12.65;12.57;12.65;12.73;12.77;12.69;12.65;12.65;12.73;12.69;12.69;12.61;12.69;12.69;12.69;12.61;12.61;12.65;12.69;12.69;12.69;12.61;12.61;12.73;12.69;12.77;12.73;12.73;12.73;12.73;12.85;12.73;12.73;12.73;12.73;12.73;12.61;12.65;12.73;12.77;12.65;12.73;12.73;12.69;12.73;12.77;12.73;12.65;12.81;12.93;12.69;12.61;12.69;12.69;12.81;12.73;12.77;12.81;12.73;12.69;12.73;12.77;12.81;12.85;12.77;12.73;12.73;12.77;12.65;12.85;12.81;12.85;12.85;12.77;12.73;12.77;12.81;12.81;12.85;12.81;12.81;12.73;12.89;12.93;12.85;12.81;12.89;12.85;12.89;12.77;12.89;12.93;12.85;12.73;12.85;12.89;12.81;13.05;12.93;12.89;12.93;13.01;12.93;12.89;12.85;12.85;12.93;12.81;12.89;12.93;12.89;12.85;12.93;12.89;13.01;12.97;13.05;13.01;13.01;12.97;12.93;12.93;12.93;12.81;12.85;12.81;12.89;12.97;12.89;12.93;12.97;12.93;12.93;12.85;12.85;12.89;12.93;12.97;13.01;12.97;13.01;12.97;12.89;13.01;12.85;12.93;12.89;12.85;12.93;13.01;12.85;12.93;13.05;13.09;12.89;13.01;12.85;12.93;12.93;12.81;12.93;12.93;12.89;12.93;12.81;13.01;13.01;12.93;13.01;12.93;13.01;12.89;13.01;13.09;12.93;13.01;12.85;12.89;12.89;12.89;12.97;12.93;12.93;12.93;13.17;13.01;13.01;12.97;12.97;13.01;13.01;12.89;12.93;12.93;12.93;12.93;12.93;12.89;12.81;12.89;12.93;12.89;12.85;12.93;12.89;12.97;12.97;12.93;13.13;12.97;12.89;12.85;12.97;12.85;13.09;13.05;13.09;12.89;13.01;12.89;12.89;12.93;13.01;12.89;12.89;12.93;12.93;12.85;12.93;12.85;12.81;12.97;12.93;12.89;12.93;12.93;12.93;12.93;12.89;12.89;12.85;12.97;12.97;12.97;12.93;12.89;12.81;12.85;13.05;13.05;12.93;13.01;12.85;12.89;12.89;12.93;12.89;12.93;12.93;12.85;12.93;13.05;12.93;13.01;12.93;12.77;12.85;12.93;12.93;12.89;12.85;12.89;12.81;13.01;12.85;13.09;12.93;12.85;12.85;12.93;13.01;12.97;12.85;12.89;12.93;12.97;13.01;12.85;12.93;12.93;12.97;12.93;12.93;12.93;12.89;12.93;12.97;12.93;12.93;12.97;13.21;13.05;13.01;12.89;12.89;12.93;12.89;12.89;12.89
12.73;12.73;12.69;12.69;12.69;12.65;12.65;12.69;12.69;12.61;12.61;12.69;12.61;12.77;12.69;12.69;12.77;12.77;12.73;12.69;12.65;12.65;12.65;12.69;12.77;12.57;12.65;12.65;12.69;12.65;12.69;12.69;12.65;12.65;12.73;12.73;12.73;12.69;12.65;12.61;12.61;12.61;12.57;12.65;12.69;12.65;12.69;12.69;12.65;12.69;12.77;12.73;12.69;12.65;12.73;12.73;12.69;12.65;12.77;12.69;12.77;12.73;12.73;12.73;12.69;12.81;12.61;12.77;12.73;12.61;12.85;12.69;12.69;12.73;12.73;12.73;12.73;12.69;12.73;12.69;12.65;12.73;12.85;12.69;12.73;12.81;12.73;12.73;12.73;12.85;12.85;12.81;12.73;12.69;12.77;12.85;12.81;12.85;12.81;12.81;12.77;12.81;12.85;12.81;12.85;12.77;12.85;12.81;12.81;12.81;12.97;12.89;12.73;12.81;12.89;12.89;12.85;12.89;12.89;12.89;12.89;12.93;12.89;12.77;13.01;13.01;12.93;12.89;12.85;13.01;13.05;13.01;12.93;12.85;12.81;12.97;12.89;12.81;12.89;13.01;13.13;12.85;13.09;13.09;12.97;12.89;12.93;13.05;12.97;12.93;13.05;12.89;12.93;12.93;12.85;12.93;13.01;13.05;13.05;12.97;12.93;12.89;13.09;13.01;12.93;12.93;12.97;12.93;12.93;12.93;13.01;12.97;12.89;12.89;12.89;13.01;13.01;13.01;12.93;12.97;12.93;12.93;12.97;12.93;12.97;12.85;13.01;12.93;12.93;12.93;12.93;12.89;12.89;12.93;12.93;12.93;13.01;13.01;13.01;12.85;12.97;12.93;12.93;12.93;12.89;12.93;12.93;12.97;12.97;12.97;12.97;12.97;13.09;13.05;13.01;12.97;13.05;13.01;12.93;12.93;12.97;12.97;13.01;12.97;12.97;12.93;12.89;12.93;12.73;12.85;12.93;12.89;12.97;13.05;12.93;13.05;12.89;12.89;12.97;12.93;12.85;12.81;13.13;12.93;13.01;13.13;12.93;12.93;12.93;12.93;12.89;12.89;12.89;12.89;12.93;12.97;12.89;12.85;13.05;12.85;12.93;12.93;12.93;13.05;12.93;12.93;12.89;12.93;12.97;12.97;13.01;12.93;12.89;12.93;13.01;12.93;12.81;12.93;12.73;12.61;12.85;12.89;12.93;12.89;13.21;12.77;12.89;12.89;13.01;12.93;12.89;13.09;12.93;12.93;12.89;12.93;12.85;12.93;13.05;13.13;13.09;12.93;12.97;12.93;12.85;12.93;12.85;12.89;13.01;12.81;12.89;12.93;12.93;12.97;12.69;12.89;12.93;12.93;12.97;12.93;12.97;12.93;12.93;12.93;12.93;13.01;12.93;12.93;12.89;12.97;12.89;13.01;12.89;12.89;12.89;12.89
12.85;12.69;12.65;12.73;12.69;12.61;12.61;12.69;12.69;12.69;12.69;12.73;12.65;12.61;12.61;12.77;12.73;12.73;12.73;12.69;12.73;12.69;12.69;12.69;12.73;12.53;12.61;12.65;12.65;12.69;12.69;12.69;12.69;12.65;12.69;12.69;12.69;12.77;12.57;12.65;12.65;12.65;12.65;12.65;12.65;12.65;12.41;12.61;12.61;12.61;12.69;12.69;12.81;12.69;12.69;12.69;12.69;12.81;12.77;12.85;12.85;12.69;12.81;12.73;12.73;12.81;12.73;12.65;12.77;12.73;12.73;12.69;12.69;12.65;12.77;12.77;12.81;12.85;12.57;12.73;12.81;12.77;12.69;12.73;12.77;12.81;12.69;12.73;12.85;12.85;12.85;12.69;12.69;12.77;12.81;12.89;12.73;12.85;12.89;12.81;12.85;12.89;12.81;12.69;12.93;12.89;12.85;12.81;12.81;12.81;12.89;12.89;13.13;12.89;12.89;12.85;12.93;12.85;12.77;12.93;12.89;12.89;12.85;12.89;13.01;12.97;12.97;12.89;12.89;13.05;13.05;12.89;12.93;12.89;12.85;13.05;12.93;12.93;12.89;12.93;12.81;12.97;13.05;13.01;12.93;12.93;12.93;12.89;12.97;12.85;12.93;12.97;12.97;13.01;12.93;12.93;12.81;13.05;13.01;13.01;13.01;12.93;12.81;13.01;13.01;12.89;12.93;12.93;12.93;13.01;12.97;12.85;12.93;12.89;12.85;12.85;12.93;13.01;13.01;12.81;13.17;13.01;12.93;12.93;12.93;12.93;13.01;12.93;12.93;13.01;12.93;12.89;12.93;12.93;12.97;13.13;13.05;13.01;12.93;12.93;12.93;12.85;12.97;12.93;12.93;13.01;12.93;12.93;12.93;12.97;12.97;13.05;13.13;13.01;13.01;13.01;13.05;12.93;12.93;12.93;12.97;13.01;13.05;12.97;12.97;12.97;13.01;12.81;12.81;12.89;12.81;13.09;12.85;12.81;12.93;12.93;12.85;12.97;12.93;12.89;12.89;12.89;12.93;13.01;12.85;13.01;12.93;12.93;12.85;12.89;12.61;12.89;12.89;12.97;12.89;12.93;12.89;12.89;12.73;12.93;13.01;12.89;12.93;12.85;12.93;12.93;12.89;12.97;12.93;12.89;12.89;13.05;12.89;13.01;13.09;12.97;12.93;12.89;12.93;12.89;12.85;12.89;12.89;13.01;12.93;12.89;12.89;12.77;12.89;12.93;12.93;12.85;12.89;12.93;12.93;12.89;12.93;12.93;12.93;12.89;12.93;12.89;12.93;12.93;12.81;12.89;12.93;12.93;13.01;12.93;12.89;12.93;12.85;12.85;12.85;12.93;12.93;12.93;12.97;12.85;12.97;12.97;12.93;12.97;12.85;12.93;13.05;12.93;12.85;12.93;12.97;13.01;12.89;12.89;12.85;12.77
12.73;12.81;12.69;12.69;12.69;12.61;12.69;12.65;12.73;12.69;12.69;12.69;12.73;12.69;12.77;12.73;12.81;12.73;12.81;12.61;12.73;12.69;12.65;12.65;12.65;12.69;12.69;12.65;12.69;12.73;12.73;12.65;12.65;12.61;12.69;12.65;12.73;12.65;12.65;12.61;12.53;12.61;12.65;12.69;12.69;12.73;12.77;12.65;12.61;12.65;12.65;12.69;12.69;12.69;12.65;12.69;12.69;12.57;12.69;12.77;12.73;12.69;12.69;12.73;12.69;12.77;12.69;12.69;12.69;12.69;12.69;12.69;12.69;12.69;12.73;12.81;12.73;12.69;12.85;12.73;12.85;12.81;12.69;12.73;12.73;12.89;12.73;12.73;12.89;12.85;12.77;12.69;12.85;12.85;12.89;12.93;12.97;12.85;12.81;12.77;12.73;12.77;12.81;12.77;12.81;12.85;12.85;12.81;12.73;12.81;12.69;12.77;12.81;12.93;12.89;12.85;12.89;12.93;12.89;13.01;12.85;12.93;12.97;12.89;12.97;12.85;12.93;13.01;12.85;12.89;12.69;12.89;12.93;12.73;12.81;12.89;13.09;13.01;12.93;12.93;12.81;12.93;13.01;12.89;12.97;12.93;12.89;12.97;12.93;12.89;12.93;12.93;13.05;13.01;12.93;12.93;12.93;12.97;12.97;13.01;12.93;13.05;12.89;13.05;12.97;12.97;12.97;12.93;12.89;13.01;12.89;12.89;12.93;12.89;12.93;12.85;12.89;13.01;12.97;12.93;12.89;12.89;12.97;12.93;12.93;12.97;13.05;12.93;13.05;12.85;12.89;12.97;12.93;13.01;12.93;12.89;13.09;13.01;13.01;12.97;12.93;12.93;12.97;12.97;13.01;12.85;12.81;12.89;13.01;13.01;12.97;13.05;13.09;13.01;12.93;13.01;13.01;12.93;12.85;12.93;12.93;12.93;12.89;13.01;12.89;12.93;12.89;12.89;12.89;12.77;12.85;12.89;12.93;12.93;12.85;12.89;13.05;13.05;12.93;12.89;13.05;12.85;12.97;13.01;12.93;12.93;12.93;12.93;12.85;12.89;12.85;12.93;12.93;12.93;12.89;12.89;12.93;12.81;12.73;13.09;13.05;12.85;12.85;12.85;12.89;12.89;12.73;13.01;12.85;12.81;12.73;12.93;12.89;12.81;12.93;12.89;13.01;12.93;12.89;12.85;12.85;12.89;12.85;13.01;12.93;12.85;12.89;12.89;12.93;12.89;12.89;12.89;12.85;12.89;12.81;12.93;12.93;12.97;13.01;12.97;12.93;12.89;13.13;12.89;12.85;12.89;12.93;13.01;13.09;12.97;13.05;12.93;12.89;12.93;12.85;12.93;12.93;12.89;13.01;12.93;12.93;12.97;13.05;13.05;12.93;13.09;12.93;13.01;13.01;12.93;12.93;13.01;12.93;12.81;12.81;12.89
12.69;12.81;12.77;12.73;12.69;12.65;12.65;12.69;12.57;12.73;12.69;12.69;12.69;12.73;12.69;12.69;12.73;12.73;12.85;12.73;12.69;12.81;12.61;12.65;12.69;12.65;12.81;12.65;12.69;12.85;12.81;12.53;12.73;12.65;12.53;12.65;12.69;12.81;12.61;12.61;12.53;12.61;12.69;12.77;12.77;12.73;12.73;12.81;12.73;12.73;12.81;12.73;12.69;12.73;12.69;12.69;12.69;12.73;12.73;12.73;12.73;12.69;12.69;12.61;12.61;12.73;12.73;12.85;12.65;12.65;12.73;12.73;12.73;12.61;12.65;12.77;12.81;12.73;12.85;12.77;12.81;12.73;12.73;12.69;12.77;12.77;12.77;12.73;12.61;12.89;12.85;12.77;12.85;12.85;12.93;12.97;12.93;12.93;12.85;12.81;12.81;12.65;12.65;12.81;12.77;12.73;12.81;12.85;12.89;12.77;12.85;12.85;12.89;12.85;12.85;12.89;12.93;12.81;12.97;12.89;12.85;12.85;12.81;12.93;12.93;12.89;13.05;12.93;12.89;12.89;12.81;12.93;12.93;12.93;12.89;13.01;13.01;13.01;12.89;12.93;12.93;12.97;13.05;12.89;12.81;12.93;12.97;12.93;12.93;13.01;13.01;12.97;12.85;13.01;13.01;12.93;12.97;12.97;13.01;13.01;12.89;13.01;13.01;13.01;12.89;12.93;13.05;12.97;13.01;12.93;13.09;12.85;13.01;12.93;13.01;12.93;12.97;13.09;12.97;12.97;13.05;12.93;12.93;12.81;13.05;12.93;12.93;12.97;12.93;13.01;13.01;13.05;12.97;13.01;13.01;13.01;13.09;12.93;12.97;13.01;12.89;13.01;13.01;12.93;12.93;12.89;12.81;13.01;13.01;13.01;13.01;13.01;13.05;13.01;13.01;13.05;12.89;12.93;12.93;12.89;12.93;12.89;13.01;12.93;12.89;12.89;12.89;12.97;12.89;12.89;13.01;12.93;12.81;13.01;12.93;12.93;13.01;12.93;13.01;13.01;13.09;12.97;13.05;13.01;12.97;12.93;12.85;13.01;12.89;13.05;12.93;12.85;12.97;12.93;12.97;12.93;12.85;12.85;12.89;12.93;12.93;12.89;12.85;12.85;12.89;12.93;12.97;12.89;12.93;12.85;12.85;12.81;12.89;12.97;12.89;12.89;12.93;12.85;12.89;12.89;12.89;12.85;12.85;12.93;12.97;13.01;12.89;12.93;12.97;12.93;12.89;12.89;12.89;12.93;12.93;12.89;12.89;12.89;13.01;13.05;13.01;12.89;12.89;12.89;12.89;13.01;13.01;12.97;13.01;13.01;12.93;12.97;12.93;12.97;12.89;12.93;13.13;13.01;12.97;12.89;12.97;13.05;13.13;12.93;12.97;12.97;13.01;13.05;13.05;13.05;13.09;13.01;12.97;12.97;12.93;12.85
12.69;12.65;12.73;12.81;12.69;12.65;12.65;12.65;12.65;12.57;12.65;12.73;12.69;12.69;12.69;12.81;12.73;12.77;12.77;12.69;12.65;12.61;12.65;12.65;12.73;12.65;12.65;12.57;12.69;12.61;12.53;12.65;12.69;12.57;12.65;12.65;12.85;12.65;12.69;12.69;12.69;12.57;12.73;12.61;12.81;12.69;12.61;12.85;12.65;12.61;12.77;12.89;12.73;12.73;12.69;12.69;12.69;12.69;12.73;12.73;12.73;12.65;12.65;12.65;12.65;12.69;12.73;12.77;12.69;12.53;12.69;12.73;12.85;12.69;12.89;12.77;12.81;12.81;12.65;12.81;12.81;12.77;12.81;12.73;12.81;12.73;12.73;12.77;12.77;12.85;12.77;12.69;12.77;12.81;12.85;12.69;12.85;12.85;12.81;12.81;12.77;12.77;12.69;12.77;12.81;12.81;12.77;12.85;12.89;12.81;12.85;12.89;12.89;12.93;12.81;13.05;12.89;12.93;12.93;12.89;12.85;12.85;12.85;12.81;12.89;12.93;13.09;12.81;12.89;12.89;12.85;12.89;12.93;12.93;12.93;13.05;12.97;12.93;13.01;13.01;13.01;12.97;12.93;12.93;13.09;12.93;12.97;12.93;12.93;12.93;13.01;13.05;12.89;12.89;12.85;12.81;12.97;12.97;13.25;13.05;12.97;12.93;12.85;13.09;12.93;12.93;12.97;13.05;13.01;12.97;13.09;13.01;13.01;12.93;13.05;13.05;13.17;13.05;13.01;13.01;12.97;12.93;12.93;13.01;13.05;12.97;13.01;12.93;12.89;12.93;12.89;13.01;12.89;13.09;13.01;13.01;13.05;12.97;13.01;12.97;13.01;13.01;13.09;12.89;12.89;12.73;12.93;12.93;13.13;13.01;12.93;12.93;12.97;12.89;13.05;12.89;12.93;12.93;12.93;12.89;12.93;12.97;12.89;12.97;12.89;12.85;12.93;12.81;12.89;12.89;12.89;12.93;12.93;13.01;12.93;13.05;12.97;12.93;13.01;13.01;12.93;12.93;12.97;12.97;12.89;12.97;13.01;13.05;12.97;12.93;12.89;12.89;12.85;13.09;13.01;12.93;12.89;12.93;13.01;12.93;12.93;12.85;12.85;12.89;12.93;12.85;12.93;12.89;12.93;12.89;12.89;12.93;13.01;12.89;12.89;12.93;12.97;12.93;12.85;12.89;12.89;12.89;12.93;12.93;13.01;12.93;12.85;12.93;12.93;12.85;12.89;12.81;12.89;12.97;12.93;12.93;12.89;12.85;12.89;12.93;13.01;12.93;12.93;12.85;12.93;12.93;13.01;12.97;13.01;13.05;13.09;12.89;12.93;12.93;12.93;12.85;12.93;13.01;13.01;12.93;13.09;12.89;12.93;12.93;12.89;12.85;13.01;12.93;13.05;13.05;12.93;12.97;12.93;12.89;12.85;12.93
12.69;12.77;12.69;12.69;12.69;12.65;12.73;12.73;12.69;12.69;12.61;12.69;12.73;12.77;12.57;12.65;12.77;12.85;12.85;12.81;12.69;12.57;12.65;12.65;12.69;12.53;12.65;12.53;12.65;12.61;12.61;12.73;12.65;12.61;12.73;12.61;12.69;12.85;12.73;12.65;12.65;12.61;12.53;12.73;12.69;12.69;12.73;12.69;12.77;12.73;12.77;12.77;12.69;12.73;12.65;12.73;12.69;12.65;12.73;12.85;12.61;12.69;12.73;12.65;12.53;12.69;12.85;12.69;12.73;12.73;12.81;12.77;12.69;12.69;12.61;12.73;12.73;12.61;12.69;12.81;12.73;12.69;12.73;12.81;12.81;12.85;12.73;12.73;12.81;12.97;12.85;12.81;12.81;12.81;12.81;12.77;12.81;12.61;12.81;12.81;12.69;12.81;12.77;12.81;12.85;12.85;12.69;12.89;12.85;12.89;12.89;12.93;12.85;12.93;12.85;12.85;12.81;12.93;12.93;12.89;12.81;12.81;12.89;12.81;12.93;12.93;12.85;12.85;12.89;12.93;12.93;12.93;12.93;12.93;12.97;12.93;12.97;12.89;12.97;13.01;13.05;13.05;13.09;12.85;12.97;12.85;12.93;13.01;12.93;12.97;13.13;13.13;12.97;12.97;12.93;12.97;13.17;13.09;13.09;13.05;12.97;13.01;13.01;13.01;12.97;12.85;12.97;13.01;13.05;12.93;13.01;13.01;12.85;12.93;13.01;12.89;13.05;13.01;13.01;13.01;12.93;12.89;13.01;13.05;12.97;13.01;13.01;12.85;12.89;12.97;12.93;13.01;13.01;13.01;12.97;13.01;12.97;13.01;12.89;12.93;13.05;13.01;13.01;12.89;12.77;12.81;12.69;13.01;13.05;13.05;12.93;12.97;13.01;13.01;12.93;13.05;12.93;13.01;12.97;12.81;12.93;12.93;13.05;12.85;12.85;13.01;12.93;12.97;12.89;12.93;12.89;12.97;12.97;12.89;12.85;12.97;12.93;13.05;12.89;12.97;13.05;12.85;12.89;12.89;12.73;12.73;12.85;12.93;12.93;12.73;12.85;12.85;12.93;12.97;12.93;12.89;13.05;13.01;13.01;13.05;13.01;12.93;12.93;12.93;13.01;12.85;12.93;12.89;13.05;12.93;12.93;12.97;12.89;12.97;12.93;12.93;12.93;12.89;12.89;12.85;12.89;12.93;12.97;12.97;12.89;12.97;12.93;12.93;12.85;12.81;12.81;13.01;12.93;12.93;12.97;13.01;12.85;12.89;12.89;12.97;12.93;12.89;12.77;12.89;12.81;12.93;12.97;13.05;13.05;13.05;13.01;13.01;13.01;13.01;12.97;12.89;12.77;13.09;13.01;12.93;12.93;12.89;13.01;12.93;12.89;12.93;12.85;13.09;13.01;13.01;12.85;12.97;12.85;12.81;13.01;12.97
12.77;12.77;12.77;12.73;12.73;12.73;12.69;12.85;12.65;12.69;12.69;12.69;12.53;12.65;12.65;12.65;12.77;12.73;12.73;12.69;12.69;12.73;12.69;12.65;12.81;12.69;12.65;12.69;12.61;12.61;12.61;12.65;12.65;12.69;12.73;12.45;12.73;12.69;12.69;12.61;12.73;12.73;12.81;12.77;12.65;12.69;12.69;12.77;12.77;12.69;12.73;12.73;12.73;12.77;12.73;12.73;12.69;12.61;12.81;12.77;12.69;12.81;12.73;12.73;12.65;12.73;12.53;12.69;12.73;12.77;12.81;12.73;12.65;12.69;12.73;12.73;12.73;12.73;12.73;12.81;12.69;12.81;12.73;12.73;12.81;12.73;12.73;12.81;12.73;12.85;12.77;12.77;12.77;12.81;12.81;12.77;12.69;12.69;12.85;12.81;12.77;13.01;12.81;12.89;12.81;12.85;12.81;12.73;12.81;12.93;12.93;12.97;12.81;13.01;12.85;12.85;12.89;12.89;12.89;12.89;12.69;12.81;13.01;12.89;13.01;12.97;12.89;13.01;12.93;12.93;12.85;13.01;12.97;12.93;12.93;12.93;12.97;12.85;12.93;12.97;13.05;13.01;13.01;13.05;13.09;12.89;12.89;13.01;12.97;13.01;12.93;12.81;12.89;12.89;13.01;13.01;12.89;13.01;12.97;13.05;13.01;12.93;13.01;12.93;12.93;12.93;12.93;13.05;13.01;13.01;12.97;13.05;13.09;13.01;13.01;13.01;13.01;12.93;12.93;12.93;13.01;12.93;12.97;12.89;12.97;12.97;12.97;12.89;12.97;13.01;13.05;13.09;13.01;13.01;12.89;12.85;12.97;12.97;13.21;12.93;13.05;13.01;13.01;12.97;12.85;12.89;12.89;12.97;13.09;13.05;13.01;13.01;13.05;13.01;13.05;13.01;12.97;13.01;13.05;12.93;12.93;12.97;13.01;12.89;12.93;12.93;13.01;13.09;12.97;12.93;13.05;12.97;13.01;12.97;12.89;12.97;12.93;13.09;12.97;13.05;13.05;12.81;13.05;12.89;12.93;12.89;12.77;12.89;12.89;12.89;12.93;12.85;13.05;12.93;12.85;13.01;13.01;12.93;12.93;13.13;13.05;13.01;12.85;12.93;13.05;12.93;12.85;13.09;12.97;12.93;12.93;12.93;12.97;13.01;12.93;12.89;12.89;12.93;12.89;12.89;12.89;12.89;13.01;12.93;12.97;12.93;12.89;12.93;12.81;12.85;12.89;12.93;12.93;12.89;13.13;13.01;13.01;12.89;12.93;12.85;13.01;12.93;12.97;13.01;12.93;13.05;13.05;13.05;13.01;13.13;12.85;12.97;13.01;13.05;12.93;12.89;12.97;13.09;13.05;13.01;12.93;12.89;12.85;12.89;13.05;12.97;13.01;13.01;13.01;13.01;13.01;13.01;12.89;12.93;12.97;13.01
12.73;12.53;12.81;12.69;12.73;12.73;12.73;12.73;12.73;12.69;12.69;12.85;12.81;12.69;12.65;12.81;12.77;12.73;12.69;12.65;12.69;12.73;12.81;12.69;12.73;12.69;12.65;12.65;12.65;12.61;12.61;12.69;12.65;12.61;12.73;12.69;12.69;12.73;12.69;12.69;12.53;12.69;12.73;12.81;12.69;12.69;12.73;12.73;12.69;12.69;12.73;12.77;12.81;12.77;12.77;12.73;12.69;12.61;12.77;12.85;12.73;12.65;12.73;12.69;12.73;12.69;12.73;12.77;12.73;12.81;12.89;12.81;12.69;12.81;12.81;12.73;12.81;12.73;12.69;12.65;12.65;12.69;12.73;12.73;12.77;12.69;12.81;12.77;12.85;12.85;12.85;12.81;12.73;12.77;12.85;12.81;12.85;12.81;12.85;12.89;12.81;12.93;12.89;12.85;12.85;12.81;12.73;12.61;12.77;12.81;12.85;12.69;12.89;12.73;12.89;12.85;12.81;12.93;12.81;12.89;12.77;12.97;12.93;12.93;13.01;12.93;12.89;12.93;12.85;12.89;12.93;12.89;12.89;12.89;12.93;12.93;12.93;13.01;12.89;13.01;13.01;13.01;13.01;12.93;13.05;13.01;12.89;13.05;12.97;12.93;13.01;12.89;12.89;12.81;13.01;13.01;13.01;13.01;13.01;12.93;12.81;12.85;13.01;13.09;12.93;12.93;13.01;12.97;13.05;13.05;13.13;12.97;12.97;12.93;12.93;12.97;12.93;12.97;12.89;12.85;12.93;12.97;13.01;12.89;12.89;12.85;12.93;12.93;13.05;12.97;12.89;13.05;12.85;13.01;13.01;13.01;13.01;13.05;12.93;12.85;13.01;13.01;13.09;12.89;12.89;12.89;12.85;12.93;13.01;13.01;12.97;13.01;13.05;13.05;13.01;13.05;13.01;12.89;12.89;12.85;13.01;13.01;13.09;12.93;12.85;12.93;13.01;13.01;12.89;13.01;13.05;13.05;12.97;13.01;13.13;13.01;12.85;12.93;12.81;12.93;12.93;12.93;13.09;12.93;12.93;13.01;12.89;12.93;12.93;13.01;12.81;12.97;12.93;12.89;12.89;13.05;12.93;12.93;12.93;12.97;13.05;13.01;12.97;12.97;12.97;12.93;12.89;12.93;12.97;12.93;12.93;12.97;12.89;12.97;12.89;12.85;13.01;12.89;12.89;12.81;12.69;12.77;13.01;13.01;12.89;12.93;12.93;12.89;12.93;12.73;12.93;12.93;12.89;13.01;13.05;12.97;12.93;12.89;13.05;12.93;13.01;13.05;13.13;13.05;13.01;13.01;13.01;13.01;12.93;13.01;13.01;12.97;12.93;13.01;12.93;12.93;12.89;13.01;12.97;12.97;12.93;12.93;12.93;12.97;13.05;13.05;13.01;12.85;13.05;13.01;13.01;12.93;12.89;13.01;13.05;13.05
12.61;12.61;12.73;12.69;12.73;12.73;12.69;12.69;12.69;12.69;12.73;12.69;12.73;12.69;12.69;12.65;12.73;12.73;12.61;12.65;12.69;12.69;12.53;12.65;12.73;12.65;12.61;12.73;12.69;12.69;12.69;12.69;12.65;12.73;12.65;12.77;12.69;12.81;12.73;12.49;12.77;12.69;12.69;12.81;12.85;12.73;12.73;12.73;12.73;12.73;12.73;12.81;12.73;12.73;12.69;12.73;12.73;12.65;12.93;12.73;12.69;12.49;12.65;12.69;12.73;12.73;12.73;12.77;12.69;12.81;12.81;12.73;12.73;12.77;12.81;12.73;12.77;12.65;12.61;12.65;12.77;12.73;12.73;12.85;12.81;12.81;12.77;12.85;12.77;12.85;12.89;12.85;12.69;12.85;12.81;12.89;12.97;12.85;12.93;12.93;12.73;12.85;12.81;12.85;12.85;12.73;12.81;12.97;12.73;12.81;12.85;12.89;12.97;12.89;12.85;13.01;12.97;12.81;12.85;12.89;12.81;12.89;13.09;12.97;12.89;12.93;12.97;12.97;12.89;13.05;12.93;13.01;12.89;12.81;12.85;12.89;12.97;13.01;13.01;12.97;12.93;13.01;13.01;12.89;13.01;12.97;12.85;12.89;12.97;12.57;12.89;12.93;12.89;12.93;12.97;13.01;13.01;12.97;12.93;13.05;13.13;13.01;13.09;13.13;13.01;12.93;13.05;13.01;13.01;12.97;13.05;12.85;13.09;12.69;12.89;13.01;13.01;12.89;13.01;12.93;12.93;12.93;12.85;12.93;12.93;12.93;12.97;12.93;13.01;13.01;13.09;13.05;13.05;13.01;13.01;12.93;13.01;13.05;13.01;13.01;12.97;13.09;13.05;12.85;12.89;13.09;13.13;13.05;13.09;12.85;12.93;13.01;13.01;13.01;13.05;13.01;13.01;12.93;12.89;12.85;13.01;12.93;12.93;12.93;12.93;13.01;13.01;13.01;12.93;12.97;12.93;12.89;12.93;13.05;12.97;13.13;12.89;12.97;13.01;13.09;12.89;12.89;12.89;12.89;12.97;13.01;12.89;12.93;12.93;12.93;12.93;12.93;12.93;12.97;12.89;12.93;13.01;12.85;13.01;13.09;13.01;13.01;13.05;12.93;12.89;12.85;12.89;12.89;12.89;12.89;12.93;13.05;13.05;12.89;13.01;12.77;12.89;12.89;12.97;12.89;12.81;12.89;12.97;13.05;12.93;12.97;12.97;12.93;12.89;12.97;12.97;12.93;12.89;12.97;13.05;12.93;12.89;12.81;12.97;13.01;13.05;13.01;12.93;13.09;12.93;12.93;12.93;13.01;13.01;13.01;13.01;12.97;13.01;13.05;12.97;12.93;12.97;13.01;13.09;12.93;13.09;12.93;12.93;13.01;13.05;13.01;13.05;12.89;13.13;13.01;13.01;12.93;12.93;12.93;12.93;12.93
12.65;12.69;12.65;12.73;12.73;12.69;12.73;12.69;12.73;12.73;12.65;12.77;12.61;12.77;12.69;12.65;12.61;12.65;12.69;12.73;12.69;12.65;12.53;12.69;12.69;12.69;12.65;12.65;12.65;12.69;12.73;12.69;12.69;12.73;12.69;12.65;12.69;12.73;12.69;12.73;12.69;12.73;12.57;12.69;12.81;12.73;12.69;12.81;12.77;12.73;12.73;12.69;12.73;12.73;12.73;12.73;12.81;12.65;12.69;12.69;12.69;12.77;12.77;12.65;12.73;12.77;12.77;12.65;12.81;12.81;12.73;12.69;12.77;12.77;12.73;12.93;12.69;12.65;12.69;12.69;12.61;12.81;12.81;12.77;12.81;12.73;12.81;12.73;12.81;12.81;12.81;12.73;12.81;12.81;12.73;12.73;12.77;12.81;12.85;12.85;12.77;12.85;12.65;12.77;12.85;12.69;12.81;12.85;12.77;12.81;12.85;12.93;12.93;12.81;12.85;12.93;12.89;13.09;12.81;12.85;12.69;12.85;12.89;12.89;12.85;12.93;12.93;12.97;13.05;12.97;12.81;13.01;12.93;12.85;13.05;12.85;12.93;12.93;13.01;13.01;12.97;12.97;12.97;13.01;13.01;12.97;12.93;12.93;13.01;12.89;13.01;13.01;12.97;13.01;12.97;13.01;13.01;13.01;12.93;13.09;13.01;13.05;13.13;13.05;12.89;13.05;13.09;13.05;13.05;12.85;12.89;12.85;12.93;12.89;12.93;12.93;12.93;13.01;13.09;12.97;12.89;12.81;13.01;12.93;13.05;12.93;12.93;12.97;12.89;12.93;12.85;13.01;13.01;12.97;12.93;12.89;12.89;12.81;13.01;12.89;12.97;12.93;13.09;13.01;13.01;12.89;12.93;12.93;13.05;12.97;12.85;13.01;13.05;12.93;13.01;12.93;12.89;13.01;12.97;12.97;13.01;12.93;12.93;12.93;12.93;12.93;13.01;12.93;12.93;12.89;12.85;12.97;12.89;12.93;12.85;13.05;13.17;13.05;12.93;12.89;13.01;12.93;12.89;12.93;13.01;12.73;12.89;12.85;12.89;12.93;12.93;12.93;12.93;12.93;12.69;13.05;12.93;12.93;12.89;13.01;13.01;13.01;13.01;13.01;13.01;12.93;12.85;12.89;12.89;12.85;12.85;12.97;12.81;12.69;13.01;12.85;12.81;12.89;12.89;12.89;12.81;12.93;12.97;12.93;13.01;12.85;12.93;12.93;12.93;13.09;12.93;12.89;12.85;12.89;12.93;12.93;12.85;12.93;12.89;12.85;12.97;12.93;13.01;13.05;12.85;12.93;12.93;12.93;13.05;12.97;12.97;13.01;12.85;13.05;12.81;13.01;13.09;13.01;12.93;12.89;12.89;12.89;12.93;12.93;13.01;12.93;12.89;12.97;13.01;13.09;12.93;12.89;12.89;12.93;13.01;12.85
12.65;12.69;12.69;12.85;12.77;12.73;12.69;12.69;12.73;12.77;12.73;12.85;12.73;12.89;12.69;12.73;12.69;12.69;12.73;12.65;12.69;12.65;12.49;12.73;12.69;12.69;12.57;12.69;12.73;12.85;12.45;12.77;12.73;12.69;12.81;12.73;12.69;12.69;12.73;12.73;12.73;12.57;12.73;12.77;12.77;12.69;12.65;12.77;12.81;12.81;12.77;12.69;12.73;12.73;12.73;12.65;12.85;12.65;12.89;12.69;12.69;12.65;12.53;12.73;12.77;12.77;12.65;12.69;12.69;12.77;12.69;12.65;12.77;12.73;12.77;12.73;12.73;12.69;12.73;12.73;12.57;12.77;12.81;12.73;12.73;12.85;12.85;12.81;12.81;12.81;12.81;12.81;12.85;12.85;12.89;12.73;12.81;12.77;12.85;12.73;13.01;12.77;12.81;12.89;12.77;12.73;12.81;12.81;12.85;12.73;12.85;12.85;12.89;12.89;12.85;12.89;12.97;12.85;12.89;13.13;12.89;12.81;12.89;12.89;12.89;12.97;12.93;13.01;12.85;12.93;12.93;12.85;12.93;12.89;12.89;12.93;12.97;12.97;12.89;12.85;12.89;13.01;12.89;12.93;13.01;12.97;12.89;12.93;13.01;12.93;12.89;12.89;12.97;13.01;12.93;12.93;12.93;13.05;13.05;13.01;13.05;12.89;12.93;13.09;13.05;13.01;13.05;13.05;13.05;12.93;13.01;12.89;12.97;13.01;13.01;13.01;12.85;12.89;13.01;12.93;12.93;13.01;12.93;12.97;12.93;12.93;13.01;13.01;12.73;13.01;13.01;13.05;13.05;12.97;12.97;13.01;13.13;12.93;13.05;13.01;13.05;13.01;13.05;13.05;12.89;12.93;12.89;13.01;13.01;13.13;13.01;13.01;13.29;13.13;13.01;13.01;12.93;12.97;12.97;13.01;13.01;12.85;13.01;13.09;12.89;12.97;12.97;12.93;12.97;12.97;12.85;13.01;12.97;12.97;12.93;12.97;13.05;13.05;13.05;13.01;13.01;13.05;13.05;13.05;12.93;13.13;12.81;12.93;12.93;12.93;12.93;12.89;12.93;12.97;12.93;12.89;12.93;12.93;12.97;12.93;13.01;13.01;12.93;13.01;12.89;12.93;12.85;12.81;12.85;12.81;12.93;12.93;12.93;12.93;13.05;12.97;13.01;12.81;12.85;12.89;12.81;12.73;12.93;12.97;12.89;12.89;12.85;12.93;12.89;12.97;12.97;12.93;12.81;12.93;12.93;13.05;13.01;12.93;12.93;12.81;12.85;13.01;12.97;12.97;13.01;12.93;13.05;13.05;13.01;13.09;13.05;13.01;13.05;13.17;12.93;12.93;13.01;13.01;12.73;12.93;12.81;12.93;12.93;13.01;13.05;13.01;13.01;13.01;13.09;13.05;12.85;13.01;12.97;13.01;13.01;13.01
12.73;12.73;12.77;12.77;12.73;12.73;12.73;12.69;12.81;12.73;12.81;12.81;12.81;12.69;12.69;12.73;12.73;12.73;12.69;12.57;12.49;12.65;12.65;12.65;12.65;12.65;12.81;12.69;12.69;12.69;12.73;12.73;12.69;12.69;12.73;12.69;12.73;12.81;12.73;12.73;12.53;12.65;12.61;12.73;12.61;12.73;12.69;12.81;12.81;12.85;12.73;12.69;12.65;12.73;12.69;12.73;12.81;12.89;12.69;12.73;12.69;12.65;12.65;12.73;12.81;12.81;12.77;12.61;12.69;12.77;12.73;12.69;12.73;12.77;12.81;12.81;12.85;12.65;12.65;12.77;12.73;12.73;12.65;12.85;12.85;12.85;13.01;12.77;12.77;12.73;12.85;12.81;12.85;12.89;12.85;12.85;12.73;12.85;12.65;12.77;12.73;12.89;12.89;12.93;12.89;12.77;12.81;12.97;12.85;12.81;12.85;12.81;12.73;12.93;12.85;12.93;12.77;13.01;12.89;12.89;12.89;12.93;12.93;12.85;13.05;12.97;13.01;12.93;12.97;12.93;12.93;12.93;13.01;12.85;12.81;12.89;13.01;13.01;12.97;13.09;13.01;12.93;12.85;12.93;13.01;12.97;13.05;12.97;12.97;12.93;12.89;12.93;12.93;13.01;12.93;13.01;13.01;13.01;12.97;12.93;13.01;13.17;12.97;13.05;13.05;13.01;12.93;13.05;13.05;12.97;13.01;13.01;13.09;12.89;12.85;12.93;13.01;13.01;12.85;12.89;12.97;12.97;12.97;12.97;12.97;12.97;12.89;12.93;12.97;13.05;13.05;13.09;13.13;13.13;13.01;13.01;13.01;12.97;12.97;13.01;12.97;12.93;13.01;13.01;12.85;13.01;12.97;13.05;12.97;13.05;13.09;13.01;13.13;13.05;13.01;12.93;13.05;13.01;12.97;13.01;13.01;12.97;13.01;12.93;12.97;12.97;12.85;12.89;12.93;13.21;13.05;13.01;12.89;12.97;13.01;13.05;13.01;13.09;13.01;13.01;13.05;13.05;13.13;13.05;12.93;12.93;12.93;12.85;12.85;12.89;12.89;12.89;12.89;12.89;12.89;13.01;12.97;13.05;12.93;12.97;13.05;13.09;13.01;12.97;13.01;12.85;12.97;12.85;12.97;12.85;12.93;13.01;13.13;13.05;13.09;13.01;12.89;12.85;12.81;12.89;12.81;12.85;12.97;12.97;12.93;12.85;12.93;12.89;12.93;13.01;13.01;12.85;12.81;12.89;12.93;13.01;12.93;13.09;12.89;12.89;13.05;13.01;12.93;12.93;12.89;12.93;13.01;13.13;13.25;13.09;12.93;13.01;13.01;13.01;12.97;12.93;13.01;13.01;12.93;13.13;12.97;12.93;13.01;13.01;13.05;13.05;13.09;13.13;13.01;12.73;12.93;12.97;13.01;13.05;13.01;13.05
12.69;12.77;12.93;12.77;12.69;12.69;12.73;12.73;12.69;12.61;12.69;12.61;12.69;12.81;12.69;12.69;12.73;12.73;12.61;12.49;12.69;12.69;12.69;12.65;12.69;12.65;12.65;12.69;12.69;12.77;12.65;12.81;12.73;12.69;12.65;12.73;12.73;12.73;12.69;12.45;12.61;12.53;12.73;12.73;12.69;12.77;12.69;12.77;12.73;12.77;12.73;12.69;12.69;12.77;12.69;12.69;12.81;12.65;12.77;12.69;12.73;12.73;12.81;12.81;12.53;12.73;12.85;12.73;12.81;12.69;12.73;12.73;12.65;12.73;12.73;12.81;12.73;12.65;12.69;12.73;12.73;12.73;12.73;12.81;12.77;12.81;12.81;12.77;12.85;12.85;12.69;12.85;12.85;12.77;12.81;12.81;12.77;12.73;12.73;12.77;12.73;12.73;12.77;12.81;12.85;12.85;12.77;12.81;12.81;12.85;12.85;12.81;12.89;12.81;12.89;12.85;12.89;12.89;12.89;13.01;12.89;12.93;12.93;12.93;12.97;12.89;12.93;12.93;12.89;12.93;12.89;13.01;12.93;12.85;12.73;12.93;12.93;13.01;12.93;12.93;12.73;13.05;13.05;13.09;13.01;12.97;12.89;12.93;12.97;12.93;12.93;12.97;12.89;12.89;12.89;13.01;12.93;12.97;12.93;13.01;12.93;13.05;12.97;13.13;13.09;12.97;13.01;12.97;13.01;13.01;13.01;12.97;12.97;13.05;12.97;13.01;12.97;12.93;12.93;12.89;12.85;12.97;13.09;12.85;12.97;12.97;12.97;12.93;13.01;13.01;13.05;13.05;13.05;12.89;12.93;13.01;12.97;12.97;13.01;13.01;13.05;13.01;12.93;12.93;12.93;13.05;12.97;13.05;13.05;13.01;13.01;13.01;12.93;13.01;13.01;12.97;12.97;12.81;13.01;13.01;13.01;12.93;12.97;12.97;12.93;12.93;12.89;12.93;12.93;12.97;13.01;13.01;13.05;12.93;12.89;13.01;12.93;13.01;13.01;13.05;13.01;13.01;13.05;13.09;12.93;12.97;12.93;12.89;12.85;12.89;12.89;12.81;13.01;12.97;12.93;13.05;13.01;12.93;12.85;13.05;12.97;12.93;12.97;12.97;12.97;12.89;12.89;12.89;12.93;12.89;12.89;13.09;12.93;12.97;13.01;12.89;12.85;12.89;12.73;12.93;12.89;12.89;12.93;12.93;12.93;12.81;12.97;12.93;13.01;13.21;12.81;12.93;12.85;12.89;12.97;13.01;12.89;12.93;12.89;12.97;12.89;13.13;12.97;12.97;12.97;13.05;13.13;13.09;13.09;13.09;12.93;12.97;13.01;12.97;12.97;12.97;12.93;13.09;13.01;12.93;13.01;13.01;13.01;13.05;13.09;13.09;13.05;12.97;13.05;12.97;12.89;12.89;12.97;13.01;12.97;12.97
12.69;12.81;12.69;12.73;12.77;12.73;12.69;12.77;12.73;12.69;12.73;12.85;12.65;12.65;12.69;12.49;12.73;12.69;12.73;12.73;12.73;12.73;12.65;12.65;12.69;12.69;12.73;12.77;12.69;12.69;12.61;12.69;12.73;12.73;12.69;12.65;12.73;12.73;12.69;12.61;12.61;12.65;12.77;12.85;12.81;12.81;12.93;12.81;12.77;12.77;12.77;12.77;12.73;12.73;12.69;12.69;12.73;12.77;12.85;12.73;12.73;12.77;12.69;12.93;12.69;12.61;12.85;12.73;12.65;12.77;12.73;12.85;12.73;12.73;12.85;12.85;12.73;12.69;12.81;12.85;12.93;12.65;12.81;12.73;12.81;12.81;12.61;12.77;12.93;12.77;12.89;12.85;12.93;12.73;12.85;12.65;12.93;12.73;12.77;12.81;12.73;12.85;12.85;12.81;12.85;12.81;12.85;12.77;12.77;12.85;12.85;13.13;12.65;12.81;12.73;12.85;12.85;12.89;12.93;12.85;12.93;12.93;13.01;12.93;12.85;12.85;12.93;13.05;12.85;12.93;13.01;13.09;12.93;12.81;12.85;12.85;12.97;12.93;12.85;12.93;12.89;12.77;13.13;13.05;13.01;13.01;13.05;12.97;12.97;12.89;12.89;13.05;12.89;12.93;12.85;12.97;12.93;13.05;13.01;13.05;13.01;12.97;13.01;13.01;13.09;13.01;13.01;13.01;12.93;13.01;13.01;13.01;13.05;13.05;13.05;13.01;12.97;12.93;13.01;12.93;13.01;12.97;12.97;12.89;12.89;12.93;12.97;12.97;12.93;13.17;12.89;13.05;13.05;13.01;12.89;12.93;13.09;12.93;12.97;12.89;13.05;13.05;12.97;13.09;12.97;12.93;13.05;13.05;13.05;13.01;12.97;13.05;13.01;12.93;13.01;13.01;12.89;12.93;12.97;13.01;13.13;12.97;13.01;12.81;12.89;12.85;12.89;12.89;12.85;12.93;12.85;13.01;13.05;12.97;12.97;13.05;12.93;13.01;13.05;13.05;13.01;13.01;13.21;13.01;12.97;12.97;12.97;13.05;12.93;12.93;12.97;12.89;12.97;12.97;13.01;13.01;13.01;12.93;12.93;12.97;12.97;12.97;13.01;12.93;12.97;12.97;12.85;12.93;12.85;12.97;12.89;13.01;12.93;12.97;13.01;12.77;12.73;12.85;12.97;12.89;12.89;12.93;12.93;13.01;12.89;12.97;12.89;12.97;13.01;12.97;13.09;12.93;12.89;12.97;13.01;13.01;12.97;13.05;12.93;13.01;13.05;13.05;12.93;12.93;12.93;13.13;13.09;13.05;13.05;13.05;13.01;13.05;13.01;13.01;12.93;12.93;12.93;13.01;13.01;12.89;13.01;13.01;13.05;13.05;13.05;12.85;13.01;12.97;13.09;13.01;12.97;12.97;12.77;12.93;12.97;12.89
12.69;12.77;12.89;12.77;12.81;12.69;12.69;12.69;12.77;12.77;12.73;12.73;12.73;12.61;12.93;12.77;12.73;12.69;12.69;12.73;12.69;12.69;12.69;12.77;12.69;12.69;12.69;12.53;12.81;12.69;12.81;12.73;12.81;12.69;12.81;12.65;12.69;12.89;12.73;12.69;12.81;12.73;12.85;12.85;12.73;12.81;12.81;13.01;12.81;12.69;12.73;12.81;12.81;12.73;12.81;12.73;12.81;12.77;12.85;12.73;12.73;12.77;12.81;12.89;12.65;12.81;12.81;12.89;12.77;12.85;12.77;12.73;12.73;12.73;12.73;12.81;12.69;12.61;12.73;12.81;12.73;12.81;12.77;12.81;12.81;12.85;12.85;12.93;12.89;12.97;12.89;12.81;12.85;12.73;12.77;12.81;12.81;12.81;12.85;12.85;12.89;12.85;12.89;12.81;12.85;12.85;12.85;12.81;12.73;12.97;12.85;12.85;12.93;12.85;12.85;12.93;12.85;12.85;12.85;12.85;12.93;12.89;12.93;12.73;12.89;13.01;12.93;12.85;12.89;12.97;12.97;13.05;12.97;12.85;12.89;12.93;12.93;13.01;13.01;13.13;12.93;13.01;13.01;13.01;13.01;13.05;13.01;13.05;12.93;12.85;12.85;12.89;12.89;12.93;12.85;13.01;13.01;12.81;12.97;13.01;13.01;13.01;13.01;13.09;12.97;13.09;12.89;13.05;13.13;13.01;13.01;12.97;12.93;13.13;12.97;13.01;12.93;13.01;13.01;12.97;13.05;12.97;12.97;12.93;12.89;12.97;12.93;13.01;12.93;13.05;13.09;13.13;13.09;13.21;12.89;13.13;13.05;12.85;13.01;13.01;12.97;13.05;13.01;13.01;12.89;12.89;12.97;12.97;13.17;13.13;13.05;13.09;13.05;13.05;12.97;13.01;13.05;13.01;13.01;13.01;13.01;13.09;13.01;13.05;13.09;12.85;12.93;12.97;12.93;13.01;12.97;13.09;12.97;13.01;12.89;12.89;12.85;12.89;13.05;13.01;12.93;13.01;12.97;13.05;13.05;13.01;13.01;13.01;12.93;12.85;13.09;13.05;13.01;13.13;13.01;13.05;13.05;13.01;13.05;13.01;13.01;13.01;13.01;12.97;13.05;13.09;12.97;12.97;12.97;12.85;12.93;13.05;12.97;13.01;12.93;12.89;12.89;12.97;12.89;12.89;12.97;13.05;12.97;12.89;12.89;12.81;13.01;12.89;12.89;12.93;13.01;12.97;12.93;12.93;13.13;13.01;12.97;13.01;13.01;13.01;13.01;13.01;12.93;12.89;13.05;13.13;13.09;13.05;13.01;13.05;13.05;13.01;13.05;13.09;13.09;12.93;13.01;12.97;13.05;13.01;12.97;13.01;13.01;13.05;13.05;13.01;13.01;12.93;13.05;12.97;13.05;12.93;12.93;12.93;12.93;13.01
12.85;12.65;12.69;12.81;12.69;12.81;12.53;12.65;12.65;12.65;12.69;12.61;12.65;12.53;12.73;12.73;12.81;12.81;12.73;12.69;12.65;12.65;12.61;12.69;12.69;12.73;12.69;12.69;12.69;12.65;12.73;12.73;12.73;12.77;12.69;12.65;12.73;12.73;12.69;12.57;12.81;12.77;12.69;12.53;12.73;12.81;12.73;12.85;12.85;12.73;12.73;12.73;12.73;12.85;12.61;12.81;12.81;12.89;12.77;12.73;12.69;12.81;12.73;12.69;12.69;12.69;12.65;12.81;12.77;12.89;12.73;12.73;12.73;12.61;12.73;12.81;12.61;12.69;12.65;12.69;12.69;12.73;12.73;12.81;12.85;12.85;12.81;12.85;12.89;12.93;12.85;12.77;12.81;12.73;12.85;12.81;12.85;12.73;12.77;12.89;12.81;12.73;12.73;12.81;13.01;12.81;12.81;12.85;12.89;12.89;12.85;12.89;12.81;12.85;12.89;12.89;12.89;12.89;12.85;12.89;12.93;12.93;12.97;12.89;12.93;12.77;12.85;12.89;12.97;13.05;12.93;12.93;12.81;12.89;12.89;12.93;13.05;12.93;13.09;13.13;13.05;12.97;13.05;13.05;12.85;12.97;12.93;12.93;12.97;12.73;12.85;13.01;12.89;12.93;12.89;12.97;13.01;12.81;12.93;13.01;13.01;13.09;13.01;13.01;13.01;13.01;12.97;13.01;13.05;13.05;13.01;12.89;12.89;12.85;12.93;12.93;13.01;13.01;12.93;12.89;13.01;12.89;13.01;12.89;12.93;13.01;13.01;13.01;13.01;13.13;13.09;13.05;13.01;13.05;12.89;13.01;13.01;13.01;13.05;12.97;13.05;13.01;13.05;13.01;13.01;12.89;12.97;12.97;13.05;13.05;12.81;13.05;13.05;13.01;13.05;13.05;13.05;12.93;12.93;13.05;12.89;13.01;13.05;13.05;12.89;12.85;12.89;12.85;12.85;13.05;13.01;13.01;13.01;13.05;12.97;13.13;12.93;13.01;13.05;13.01;12.89;13.05;13.01;13.05;13.05;13.05;13.01;13.01;12.81;12.89;12.97;12.93;13.05;12.97;13.01;13.05;12.97;13.01;13.13;13.01;13.01;13.01;12.93;12.93;12.93;13.05;12.89;12.89;13.01;12.93;13.01;12.97;12.81;13.01;12.93;12.93;12.93;12.93;12.89;12.93;12.89;12.81;12.93;12.93;12.97;12.93;13.05;12.89;12.97;12.97;12.85;12.93;12.97;12.97;13.01;13.01;13.01;13.01;12.93;12.93;13.01;12.97;12.97;13.01;13.05;13.21;12.93;13.01;12.97;13.05;13.05;13.05;13.01;12.81;12.89;13.01;12.97;13.05;13.05;13.01;12.89;12.93;13.05;13.09;13.05;13.05;12.89;13.01;13.09;13.01;13.05;12.89;13.01;13.01;13.01;12.93
12.69;12.77;12.69;12.69;12.73;12.69;12.61;12.69;12.69;12.65;12.85;12.65;12.69;12.65;12.69;12.77;12.81;12.81;12.53;12.69;12.61;12.61;12.69;12.65;12.73;12.69;12.69;12.69;12.73;12.89;12.77;12.69;12.73;12.73;12.65;12.69;12.81;12.81;12.69;12.65;12.77;12.73;12.69;12.69;12.77;12.81;12.77;12.93;12.73;12.73;12.77;12.65;12.81;12.65;12.65;12.69;12.81;12.69;12.85;12.65;12.73;12.81;12.81;12.77;12.73;12.69;12.73;12.73;12.77;12.69;12.89;12.85;12.73;12.73;12.73;12.81;12.77;12.73;12.73;12.61;12.61;12.73;12.73;12.73;12.97;12.81;12.81;12.81;12.89;12.81;12.85;12.81;12.81;12.85;12.85;12.85;12.81;12.93;12.85;12.85;12.85;12.89;12.81;12.93;12.89;12.93;12.81;12.89;13.01;12.89;12.89;12.85;12.89;13.01;12.85;12.89;12.93;12.93;12.89;12.93;12.93;12.89;12.97;13.05;12.89;12.85;12.89;12.89;12.93;12.89;12.93;12.89;12.93;13.05;12.89;12.97;12.93;12.97;13.05;13.01;12.93;13.05;13.09;12.97;13.09;12.97;12.97;12.93;12.93;12.89;12.89;13.05;12.97;13.01;12.97;12.97;12.97;12.93;13.01;13.05;13.01;13.05;13.05;13.17;12.97;13.09;13.09;13.09;13.05;13.01;12.97;12.97;12.89;13.01;12.97;12.93;12.89;12.93;12.97;12.93;13.09;12.97;12.93;12.77;12.85;12.85;13.01;13.01;13.05;13.01;13.05;13.05;13.05;13.01;12.97;13.09;12.93;12.93;12.93;12.97;12.89;13.09;13.05;13.05;13.05;12.93;13.01;13.05;13.05;13.13;13.01;13.09;13.09;13.01;13.09;13.05;13.05;12.97;13.21;13.05;13.05;12.97;13.01;12.93;12.93;12.93;12.97;13.05;12.97;13.01;13.01;13.05;13.05;13.21;13.05;13.01;13.01;13.01;13.01;13.17;13.09;13.01;13.05;13.01;13.01;13.09;12.85;12.97;13.09;13.01;12.93;12.89;13.01;12.97;13.01;13.05;13.01;12.93;13.01;13.05;13.01;13.01;12.93;13.01;12.93;12.97;12.93;12.81;13.01;13.01;13.01;13.01;13.05;12.89;12.93;13.01;12.93;12.93;12.93;12.89;13.01;13.01;12.97;13.01;12.97;13.01;13.01;12.97;13.01;12.97;13.01;12.93;12.89;12.93;12.93;13.01;13.09;12.97;13.01;12.93;13.01;13.01;13.05;13.09;12.89;13.09;13.09;13.09;13.05;13.05;13.01;13.05;12.97;12.93;12.97;13.01;13.13;13.05;13.01;12.93;13.01;13.01;13.01;13.13;13.25;13.01;12.97;12.93;13.05;13.09;12.93;12.93;13.01;13.17;13.05;13.09
12.45;12.69;12.69;12.69;12.73;12.73;12.73;12.69;12.85;12.73;12.65;12.69;12.65;12.69;12.61;12.73;12.93;12.81;12.77;12.73;12.65;12.69;12.69;12.77;12.61;12.69;12.73;12.69;12.69;12.77;12.73;12.73;12.81;12.77;12.69;12.73;12.69;12.81;12.69;12.69;12.57;12.65;12.69;12.69;12.73;12.73;12.85;12.81;12.81;12.73;12.77;12.69;12.73;12.69;12.61;12.81;12.77;12.73;12.81;12.77;12.73;12.81;12.85;12.73;12.73;12.77;12.85;12.93;12.73;12.85;12.85;12.73;12.73;12.77;12.65;13.01;12.73;12.73;12.77;12.77;12.81;12.69;12.73;12.65;12.65;12.81;12.77;12.81;12.81;12.85;12.85;12.65;12.81;12.81;12.89;12.73;12.81;12.85;12.85;12.85;12.85;12.93;12.93;12.93;12.93;12.93;12.73;12.85;12.73;12.81;12.85;12.85;12.85;12.85;12.85;12.85;12.93;13.05;12.97;12.89;12.89;12.93;12.89;12.81;12.81;12.85;12.89;12.93;12.89;12.93;12.89;12.89;12.89;12.77;12.89;12.97;12.93;12.93;12.97;13.01;13.01;13.05;13.05;12.89;12.93;13.01;13.05;13.05;12.89;12.89;12.89;13.01;13.05;13.09;13.01;12.93;13.05;13.01;12.93;13.01;13.05;13.01;13.01;13.05;13.05;13.01;13.01;13.01;12.93;13.01;13.01;13.01;12.85;12.93;12.97;12.89;13.01;12.93;12.93;12.97;12.93;12.93;12.89;13.01;12.85;13.01;13.05;13.01;13.05;12.93;12.93;12.97;13.05;13.05;12.97;13.05;13.01;12.93;12.97;13.01;12.93;13.09;13.13;13.01;12.97;12.93;12.93;13.13;13.09;12.97;13.05;13.05;13.05;13.05;12.93;13.13;13.01;13.01;12.93;12.93;13.17;13.05;12.93;12.97;12.93;12.97;12.89;12.97;13.01;13.01;12.97;13.05;13.01;13.01;13.05;13.01;12.93;12.97;12.93;12.93;12.97;12.93;13.01;13.09;13.09;13.05;12.97;13.05;13.01;13.25;13.05;12.93;13.01;13.01;13.01;13.01;12.97;12.97;13.01;12.93;13.05;12.97;12.93;12.97;13.01;13.01;12.93;12.93;13.01;13.01;13.01;13.01;13.01;12.97;12.93;12.93;12.85;12.93;12.93;13.05;13.05;12.97;13.01;12.97;13.01;13.01;12.93;12.93;12.81;12.97;12.97;13.05;12.93;12.89;12.93;13.05;13.09;12.93;13.01;13.05;13.09;12.97;12.89;13.01;12.93;13.05;13.21;13.09;13.09;13.01;13.01;13.09;13.05;13.01;12.93;12.93;13.01;13.01;12.97;13.01;13.01;13.01;13.05;13.05;13.13;12.97;12.93;13.01;12.89;13.05;12.93;12.97;13.05;13.01;13.05;13.01
12.65;12.69;12.61;12.69;12.73;12.73;12.73;12.69;12.81;12.77;12.69;12.61;12.65;12.73;12.69;12.73;12.81;12.73;12.73;12.73;12.73;12.73;12.69;12.69;12.65;12.69;12.65;12.57;12.73;12.77;12.69;12.65;12.73;12.77;12.73;12.77;12.69;12.69;12.89;12.65;12.61;12.65;12.73;12.77;12.73;12.77;12.81;12.85;12.73;12.73;12.81;12.57;12.61;12.69;12.65;12.73;12.89;12.81;12.77;12.73;12.85;12.81;12.77;12.69;12.69;12.81;12.81;12.73;12.77;12.77;12.77;12.81;12.69;12.73;12.85;12.89;12.73;12.65;12.81;12.85;12.77;12.69;12.57;12.69;12.85;12.81;12.81;12.73;12.81;12.81;12.81;12.97;12.85;12.61;12.77;12.81;12.77;12.77;12.85;12.81;12.85;13.01;12.89;12.97;12.85;12.85;12.73;12.85;12.69;12.85;12.85;12.85;12.85;12.77;12.89;12.85;12.97;13.05;12.69;12.97;12.89;12.93;12.93;12.89;12.89;12.81;12.89;13.05;12.73;12.97;12.93;12.89;12.93;12.89;13.01;12.93;12.93;12.89;12.97;13.05;12.89;13.01;13.01;13.01;13.01;13.01;13.01;13.09;12.93;12.89;12.89;12.85;12.97;13.01;13.01;13.01;12.97;13.01;12.93;13.01;12.93;13.13;13.01;13.13;13.09;13.05;13.01;13.01;13.01;13.01;13.01;12.93;13.05;13.01;12.89;12.89;13.09;12.89;12.97;12.89;12.89;12.89;13.01;12.97;12.93;12.97;13.05;13.13;13.05;13.01;12.93;12.93;13.05;13.01;12.85;12.89;12.89;12.93;13.01;13.01;13.01;13.05;13.05;13.05;12.93;13.05;13.01;13.05;13.05;12.89;13.21;13.01;12.93;13.13;13.01;13.01;13.21;13.09;13.01;13.01;13.05;13.01;12.93;12.93;12.89;13.01;12.97;13.01;13.01;13.05;12.93;12.93;12.93;13.05;13.01;13.09;13.01;12.93;12.97;12.97;12.89;13.01;13.05;13.05;13.05;13.05;13.01;12.97;12.97;12.97;12.97;13.01;13.01;13.01;13.01;12.93;12.97;13.01;13.01;13.01;12.97;13.09;13.01;12.97;12.89;12.93;13.09;13.01;13.09;12.97;12.93;13.01;13.01;13.05;13.01;12.97;13.05;12.93;12.89;12.93;12.97;12.97;13.01;13.13;12.97;12.97;12.93;12.93;12.81;12.89;12.97;12.81;12.85;12.89;12.89;13.01;13.01;12.97;13.01;13.01;13.01;13.05;12.97;13.01;13.01;13.09;13.09;13.09;13.05;12.81;13.01;13.05;13.01;13.01;13.05;12.97;13.01;13.05;13.05;13.05;13.01;12.89;13.01;13.09;13.01;13.01;13.01;13.05;13.25;13.05;13.01;13.01;13.01;13.01;13.01;13.01
12.81;12.57;12.73;12.69;12.73;12.73;12.73;12.73;12.77;12.81;12.65;12.73;12.65;12.65;12.69;12.69;12.89;12.77;12.73;12.69;12.73;12.73;12.69;12.57;12.73;12.73;12.69;12.73;12.65;12.81;12.69;12.81;12.81;12.73;12.73;12.77;12.81;12.73;12.77;12.69;12.73;12.77;12.93;12.69;12.73;12.81;12.81;12.77;12.73;12.61;12.73;12.81;12.77;12.69;12.65;12.65;12.69;12.77;12.81;12.81;12.81;12.81;12.73;12.61;12.81;12.73;12.73;12.77;12.93;12.77;12.77;12.73;12.61;12.57;12.81;12.77;12.57;12.65;12.81;12.81;12.81;12.85;12.89;12.77;12.81;12.69;12.73;12.73;12.77;12.81;12.73;12.85;12.85;12.81;12.81;12.81;12.85;12.77;12.85;12.81;12.85;12.85;12.89;12.85;12.85;12.85;12.81;12.73;12.85;12.85;12.81;12.89;12.81;12.85;12.81;12.85;12.93;13.01;12.93;13.09;12.81;12.93;12.93;12.93;13.05;12.97;12.93;12.97;12.85;12.93;13.01;12.93;12.89;13.01;13.01;12.93;13.01;13.01;12.93;13.05;13.05;13.05;13.05;12.93;13.13;13.09;12.85;13.01;12.93;12.89;12.93;12.93;12.93;12.93;12.93;13.01;13.09;13.05;13.01;12.93;12.89;13.05;12.97;13.09;13.09;13.01;12.93;13.01;13.05;12.93;13.05;12.97;12.97;12.89;13.01;12.85;12.93;13.01;12.93;12.89;12.89;12.85;13.01;13.01;13.01;13.01;13.05;12.97;12.97;13.01;13.09;12.97;13.05;13.05;13.01;13.09;13.01;13.01;13.13;13.05;12.93;13.05;13.05;13.01;13.05;12.93;12.93;12.97;13.05;12.97;13.13;13.09;13.01;13.01;13.21;13.09;13.09;13.05;13.01;13.01;13.05;13.13;12.93;12.93;13.05;13.01;12.97;13.05;13.21;13.09;13.05;13.05;13.01;13.05;13.09;13.05;13.01;13.01;12.89;13.01;13.01;13.05;13.09;13.13;13.05;13.05;13.01;13.01;13.13;13.01;12.89;13.09;13.05;13.05;13.01;13.05;13.01;13.01;13.01;13.01;13.09;12.97;12.89;13.05;13.05;13.09;13.09;13.05;13.01;12.85;12.81;12.93;12.85;13.05;13.01;13.05;12.81;12.93;12.85;12.89;13.01;13.01;13.01;13.01;12.97;12.97;13.01;12.93;12.85;12.93;13.01;12.97;13.05;13.01;12.93;13.09;13.01;12.93;12.97;12.93;13.01;12.93;13.05;13.01;13.09;13.09;13.05;13.05;13.09;13.01;13.09;12.97;13.09;13.05;13.01;13.01;13.13;13.09;12.97;13.01;13.05;13.01;13.01;13.05;13.25;13.05;13.05;13.05;12.97;13.13;13.01;13.05;13.05;13.01;13.01;12.89
12.65;12.77;12.73;12.73;12.73;12.73;12.69;12.85;12.73;12.73;12.73;12.73;12.61;12.69;12.77;12.81;12.77;12.85;12.77;12.73;12.69;12.77;12.69;12.73;12.73;12.73;12.73;12.73;12.77;12.77;12.77;12.89;12.81;12.81;12.81;12.81;12.73;12.73;12.81;12.65;12.85;12.81;12.73;12.81;12.69;12.73;12.81;12.73;12.81;12.85;12.85;12.89;12.77;12.73;12.81;12.81;12.73;12.81;12.81;12.77;12.81;12.81;12.81;12.73;12.73;12.73;12.69;12.81;12.77;12.77;12.81;12.73;12.69;12.77;12.89;12.89;12.77;12.73;12.81;12.81;12.85;12.65;12.81;12.81;12.81;12.81;12.89;13.01;12.85;12.73;12.77;12.93;12.93;12.81;12.97;12.81;12.85;12.85;12.81;12.85;12.89;12.85;12.85;12.85;13.01;12.93;12.93;12.85;12.93;12.93;12.89;13.01;12.85;12.89;12.89;12.81;13.01;13.01;12.89;12.93;12.93;12.89;12.97;12.93;13.01;12.81;12.93;13.01;12.97;13.01;13.01;12.97;13.01;13.05;12.89;12.93;13.13;13.05;13.01;13.01;13.01;13.09;13.13;13.09;13.09;13.09;13.01;12.93;13.13;12.81;12.89;12.97;12.93;12.97;12.93;13.05;13.05;12.93;13.01;13.01;13.01;13.01;13.09;13.05;13.09;13.01;13.09;13.09;13.05;13.05;13.01;13.05;13.01;12.85;13.01;12.97;13.05;12.93;13.01;12.93;13.01;12.93;13.01;13.01;13.05;13.01;13.01;13.05;13.01;13.09;13.01;13.05;13.09;13.09;13.05;13.05;13.05;13.09;13.09;13.05;13.09;13.05;13.05;12.97;13.01;12.93;12.93;13.05;13.09;13.05;13.13;13.21;13.05;13.01;13.01;13.05;13.05;13.09;13.05;13.09;13.13;13.09;12.89;12.93;12.97;12.97;12.93;13.05;13.05;13.05;13.13;13.05;13.09;13.05;13.09;13.05;13.05;13.05;13.13;13.13;13.09;13.01;13.05;13.09;13.05;13.05;13.01;13.13;13.09;13.05;13.05;13.05;13.05;13.09;13.09;13.05;13.05;12.85;13.09;13.05;12.85;13.09;12.89;13.09;13.09;12.97;13.01;13.01;12.97;13.01;12.81;13.01;13.01;13.05;13.05;13.13;13.01;12.97;13.01;13.01;13.05;13.01;13.01;12.89;13.01;13.01;13.01;12.93;13.01;12.93;12.97;13.05;13.09;13.01;13.01;13.05;13.05;13.01;12.93;12.97;13.05;13.01;13.05;13.05;13.01;13.17;12.93;13.13;13.05;13.13;13.09;12.89;13.01;13.09;13.05;13.09;13.01;13.09;13.09;13.01;13.05;13.05;13.05;13.09;13.09;13.09;13.05;13.01;13.09;12.97;13.05;13.09;13.01;13.05;13.01;13.05
12.73;12.73;12.73;12.73;12.73;12.81;12.57;12.73;12.69;12.69;12.77;12.73;12.73;12.85;12.73;12.77;12.81;12.81;12.89;12.81;12.81;12.73;12.73;12.65;12.73;12.65;12.81;12.89;12.73;12.81;12.73;12.81;12.85;12.81;12.73;12.85;12.77;12.73;12.73;12.69;12.77;12.69;12.89;12.81;12.77;12.85;12.81;12.81;12.69;12.73;12.81;12.89;12.77;12.81;12.77;12.77;12.81;12.89;12.73;12.81;12.77;12.81;12.77;12.85;12.77;12.93;12.85;12.89;12.81;12.81;12.81;12.81;12.85;12.81;12.89;12.89;12.85;12.89;12.85;12.81;12.85;12.93;12.81;12.85;12.85;12.85;12.81;12.89;12.81;12.81;12.85;12.89;12.85;12.85;12.85;12.85;12.85;12.89;12.89;12.89;12.85;12.73;12.85;12.89;12.93;13.01;12.85;12.93;12.93;12.93;13.09;12.89;12.89;12.89;12.89;12.93;12.85;13.01;13.05;12.93;13.01;12.93;12.93;12.97;13.13;13.13;13.05;13.01;12.97;12.93;13.01;12.97;13.05;13.09;13.01;12.93;12.89;13.05;13.05;13.01;13.01;13.05;13.13;13.01;13.09;12.93;13.09;13.01;12.93;12.93;12.89;12.93;13.01;13.05;13.01;13.01;13.09;13.05;13.01;13.01;13.01;13.01;12.89;13.05;13.05;13.05;13.01;13.13;13.05;13.01;13.21;13.09;13.01;13.05;13.05;13.05;13.01;12.93;13.09;12.97;12.93;13.05;12.93;12.93;13.05;13.01;13.01;13.05;12.93;13.09;13.05;13.09;13.13;13.09;13.05;13.13;13.17;13.09;13.09;13.09;13.21;13.05;13.21;13.21;13.13;13.01;13.09;13.21;13.09;13.13;13.13;13.13;13.09;13.05;13.01;13.01;13.05;13.13;13.05;13.09;13.13;13.09;13.05;13.01;12.93;13.01;13.01;13.01;13.01;12.97;13.09;12.97;12.93;13.05;13.05;13.09;13.09;13.05;13.09;13.05;13.21;13.09;12.97;13.13;13.05;13.05;13.05;13.17;13.05;13.05;13.05;13.05;13.13;13.21;13.13;13.05;12.89;13.09;13.01;13.01;13.05;13.01;13.05;13.09;13.01;12.93;13.01;12.93;13.01;12.93;13.09;13.05;13.05;13.05;13.13;13.09;13.01;13.01;12.97;13.01;12.93;12.97;13.01;13.01;13.13;12.81;13.05;13.05;13.17;13.01;13.01;12.93;13.01;13.05;13.09;13.05;13.01;13.01;13.01;13.09;13.09;13.09;12.97;13.05;13.01;13.13;13.09;13.17;13.13;13.13;13.09;13.05;13.05;13.13;13.17;13.09;13.09;13.05;13.09;13.09;13.13;13.09;13.13;13.09;13.09;13.09;13.05;13.01;13.09;13.05;13.05;13.05;13.09;13.05;13.09;13.01
12.65;12.65;12.69;12.85;12.69;12.73;12.65;12.81;12.69;12.57;12.65;12.65;12.53;12.65;12.73;12.69;12.81;12.73;12.73;12.61;12.65;12.81;12.69;12.73;12.73;12.73;12.73;12.69;12.65;12.81;12.69;12.73;12.69;12.69;12.69;12.61;12.77;12.73;12.77;12.77;12.73;12.73;12.81;12.73;12.81;12.81;12.85;12.93;12.73;12.81;12.89;12.89;12.97;12.89;12.77;12.73;12.85;12.73;12.89;12.77;12.77;12.77;12.73;12.73;12.81;12.77;12.65;12.81;12.81;12.81;12.81;12.81;12.81;12.81;12.81;12.81;12.81;12.89;12.81;12.81;12.89;12.73;12.81;12.85;12.85;12.85;12.85;12.81;12.85;12.85;12.85;12.85;12.85;12.81;12.85;12.81;12.89;12.89;12.89;12.89;12.77;12.93;12.85;12.89;12.85;12.85;12.85;12.85;12.85;12.89;12.85;12.89;12.89;12.89;12.73;12.89;12.93;12.93;12.89;12.93;13.01;13.01;13.01;13.01;13.09;13.05;13.01;13.01;12.93;12.93;12.93;13.01;12.97;12.93;12.89;13.01;13.01;13.05;12.97;13.09;13.01;13.05;13.05;13.05;13.09;13.21;13.01;13.01;12.89;12.89;12.85;13.01;13.01;13.05;13.01;12.97;13.09;12.93;13.13;13.05;13.05;13.13;13.17;13.05;13.09;13.05;12.97;13.05;13.05;13.05;13.05;13.05;13.17;13.01;13.21;13.05;13.01;13.01;13.05;13.05;13.01;13.01;13.01;13.01;12.97;13.01;13.21;13.09;13.09;13.09;13.01;13.05;13.09;13.13;13.01;13.13;13.13;13.05;13.01;13.09;13.09;13.05;12.93;13.05;13.05;12.97;13.05;13.09;13.13;13.13;13.09;13.25;13.13;13.13;13.05;13.05;13.09;13.01;13.05;13.09;13.09;13.09;13.09;13.05;13.01;13.01;12.93;13.01;12.93;13.01;12.89;13.05;13.13;12.97;12.97;13.09;13.05;13.05;13.01;13.09;13.09;13.09;13.05;13.05;13.09;13.05;13.05;13.05;12.93;13.05;13.09;13.13;13.21;13.17;13.13;13.05;12.93;13.09;13.09;13.05;13.09;13.05;13.09;13.05;13.13;12.93;12.97;13.01;13.01;13.01;12.97;13.01;12.85;13.05;13.05;13.01;12.97;13.05;12.97;12.89;12.93;12.97;13.05;12.93;13.05;13.05;13.09;12.97;13.05;13.09;13.01;13.01;13.05;13.09;13.17;13.13;13.09;13.05;13.09;13.13;13.05;13.01;12.89;13.01;13.01;13.09;13.05;13.05;13.13;13.13;13.09;13.05;13.05;12.97;13.09;13.09;13.09;13.09;13.09;13.09;13.13;13.25;13.09;13.09;13.09;13.05;12.89;13.13;13.13;13.05;13.13;13.05;13.09;13.13;13.05;13.01
12.65;12.65;12.69;12.69;12.65;12.61;12.65;12.81;12.61;12.65;12.65;12.57;12.65;12.77;12.73;12.81;12.73;12.73;12.77;12.81;12.65;12.69;12.69;12.73;12.73;12.81;12.73;12.69;12.73;12.73;12.77;12.85;12.81;12.77;12.69;12.85;12.69;12.73;12.77;12.73;12.77;12.73;12.73;12.85;12.81;12.77;12.85;12.89;12.89;12.73;12.93;12.89;12.89;12.81;12.65;12.73;12.81;12.73;12.81;12.89;12.81;12.77;12.77;12.77;12.65;12.77;12.73;12.81;12.81;12.81;12.81;12.81;12.77;12.85;12.77;12.85;12.89;12.85;12.73;12.81;12.69;12.85;12.65;12.81;12.81;12.85;12.85;12.85;12.89;12.89;12.89;12.89;12.81;12.89;13.05;12.89;12.89;12.93;12.93;12.89;12.73;12.93;12.89;12.89;12.93;12.81;12.77;12.85;12.85;12.89;12.81;12.81;12.89;12.89;13.05;12.85;12.93;12.89;12.89;12.97;12.97;13.01;12.89;12.93;13.01;13.01;12.97;13.05;12.89;12.93;12.97;12.97;12.97;12.97;12.93;12.93;13.01;13.13;13.05;12.93;13.01;13.05;13.05;13.05;13.01;13.13;13.01;12.97;12.97;12.89;12.97;13.01;13.05;13.05;13.01;13.17;13.05;13.05;13.09;13.01;13.05;13.13;13.09;13.09;13.05;13.01;13.05;13.05;13.05;13.01;13.05;13.05;13.01;13.01;13.01;13.01;13.09;13.01;13.05;13.01;13.05;13.05;13.05;12.93;13.01;13.09;13.09;13.05;13.05;13.13;12.93;12.97;13.09;13.09;13.13;12.93;13.09;13.09;12.97;13.17;13.09;13.09;13.09;13.05;12.97;12.97;13.05;13.13;13.13;13.13;13.09;13.09;13.13;13.13;13.09;13.09;13.13;13.13;13.09;13.01;13.05;13.05;13.09;13.09;12.93;12.97;12.89;13.05;13.01;13.09;13.01;13.05;13.05;13.01;12.97;13.05;13.13;13.25;13.05;13.09;13.09;13.13;13.13;13.05;13.09;13.05;13.05;13.13;13.05;13.09;13.09;13.09;13.09;13.25;13.09;12.89;13.05;13.05;13.09;13.09;12.97;13.05;13.01;13.01;13.01;13.01;13.01;13.05;13.01;12.93;12.97;13.13;13.01;13.09;13.09;13.05;13.05;12.97;13.05;12.93;12.97;13.05;13.13;13.09;13.09;13.09;13.09;13.05;13.01;13.09;13.01;13.01;13.01;13.05;13.01;13.13;13.05;13.05;13.05;12.97;12.89;13.17;13.09;13.05;13.09;13.05;13.17;13.05;13.21;13.09;13.05;13.01;13.29;13.01;13.01;13.09;13.09;13.09;13.21;13.01;13.05;13.13;13.09;13.09;13.05;13.05;13.09;13.13;13.13;13.21;13.01;13.09;13.13;13.01;13.05;13.01
12.61;12.61;12.65;12.61;12.61;12.65;12.65;12.61;12.61;12.61;12.61;12.61;12.61;12.61;12.61;12.73;12.69;12.65;12.73;12.69;12.61;12.61;12.65;12.81;12.69;12.73;12.73;12.81;12.77;12.81;12.77;12.61;12.81;12.69;12.77;12.65;12.73;12.81;12.73;12.77;12.85;12.77;12.81;12.81;12.81;12.81;12.81;12.81;12.81;12.81;12.85;12.97;12.89;12.89;12.77;12.81;12.77;12.81;12.81;12.93;12.85;12.85;12.85;12.81;12.77;12.77;12.73;12.77;12.81;12.77;12.81;12.73;12.81;12.81;12.81;12.85;12.81;12.81;12.77;12.69;12.73;12.85;12.81;12.81;12.81;12.85;12.81;12.85;12.93;12.93;12.89;12.85;12.85;12.73;12.89;12.77;12.81;13.01;12.97;12.97;12.89;12.85;12.93;12.93;12.93;12.89;12.69;12.85;12.89;12.93;12.81;12.81;12.81;12.89;12.89;12.89;12.93;12.89;12.89;12.81;12.97;12.93;12.97;12.93;13.01;13.01;12.97;13.05;13.01;13.05;12.97;12.93;13.01;12.93;12.93;12.93;12.93;13.05;13.01;13.05;13.01;12.97;12.97;13.01;13.01;13.09;13.05;13.05;12.93;12.93;13.05;12.93;13.01;13.05;13.05;13.05;13.01;13.01;13.09;12.93;13.01;13.01;13.05;13.09;12.97;13.21;13.05;13.17;13.05;13.01;13.05;13.09;13.05;12.93;12.93;12.89;13.01;12.97;13.01;13.01;13.01;13.01;13.01;13.01;13.01;13.01;12.97;13.05;13.09;13.05;12.97;13.09;13.01;13.05;13.01;13.05;13.01;13.01;13.01;13.05;13.09;13.05;13.09;13.01;13.09;12.97;13.05;12.97;13.21;13.13;13.09;13.09;13.09;13.13;13.17;13.09;13.13;13.13;13.05;13.13;13.09;13.05;13.05;13.05;13.01;12.93;13.09;13.05;13.05;13.09;13.01;13.01;13.05;13.01;12.89;13.05;13.09;13.09;13.09;13.09;13.05;13.21;13.21;13.13;13.05;13.09;13.09;13.09;13.01;13.05;13.05;13.13;13.05;13.01;13.09;13.09;13.05;13.09;13.09;13.05;13.13;12.93;13.09;12.93;12.85;12.97;13.05;13.05;13.05;13.01;13.05;13.05;13.09;13.05;13.05;13.05;13.05;13.05;13.01;13.01;12.93;13.01;13.05;13.13;13.17;13.05;12.97;13.05;13.01;13.17;13.13;13.09;13.05;13.13;13.09;13.09;13.09;13.05;12.85;13.09;13.21;13.13;13.09;12.93;13.05;13.09;13.09;13.21;13.17;13.13;13.05;13.05;13.05;13.21;13.01;13.05;13.09;13.05;13.05;13.01;13.05;13.13;13.13;13.09;13.09;13.09;13.09;13.05;13.13;13.09;13.09;13.01;13.05;12.85;13.05;13.01
12.45;12.61;12.57;12.41;12.49;12.53;12.57;12.53;12.57;12.61;12.61;12.57;12.53;12.57;12.57;12.57;12.73;12.61;12.65;12.61;12.61;12.61;12.65;12.65;12.61;12.65;12.69;12.73;12.81;12.77;12.69;12.85;12.65;12.57;12.61;12.77;12.69;12.69;12.73;12.73;12.81;12.85;12.81;12.81;12.81;12.77;12.73;12.81;12.73;12.73;12.77;12.85;12.73;12.93;12.93;12.81;12.81;12.81;12.81;12.81;12.69;12.81;12.85;12.77;12.89;12.73;12.73;12.69;12.73;12.81;12.85;12.89;12.81;12.85;12.81;12.85;12.81;12.69;12.73;12.77;12.81;12.77;12.89;12.85;12.81;12.81;12.85;12.73;12.97;12.93;12.93;12.85;12.97;12.77;12.89;12.81;12.89;12.85;12.89;12.73;12.89;12.85;12.85;12.85;12.81;12.89;12.69;12.85;12.85;12.73;12.77;12.77;12.81;12.85;12.61;12.73;12.97;12.93;12.85;12.89;12.81;12.93;13.09;12.89;13.05;12.97;12.85;12.97;12.89;13.09;13.17;13.01;12.97;12.89;12.97;13.09;13.13;12.97;12.93;12.93;12.93;12.97;13.21;13.05;13.13;13.05;13.05;13.09;12.93;12.93;12.89;12.93;13.01;12.93;12.93;13.01;13.01;13.13;13.01;13.01;12.97;13.01;13.01;13.09;12.97;13.05;13.09;13.05;13.05;13.01;13.01;13.09;13.01;12.89;12.85;12.89;12.89;12.89;12.89;12.89;13.05;13.01;13.01;13.05;13.01;13.01;13.01;13.09;13.05;13.05;13.01;12.93;13.13;12.93;13.09;12.97;13.01;13.01;13.05;13.05;13.05;13.05;13.01;13.01;13.09;13.01;12.93;13.09;13.01;13.05;13.05;13.13;13.13;13.09;13.09;13.13;13.25;13.05;13.09;13.13;13.09;13.01;13.05;13.05;13.05;13.09;13.09;13.25;13.01;13.01;13.13;13.09;13.01;13.01;13.01;13.09;13.01;13.05;13.09;13.05;13.05;13.13;13.17;13.05;13.13;13.09;13.09;13.05;12.97;13.09;13.05;13.01;13.05;13.05;13.05;13.05;13.05;13.09;13.13;13.09;13.01;12.97;13.05;13.01;13.05;12.89;13.01;13.01;13.01;13.01;13.05;13.01;13.05;13.13;13.09;13.05;13.05;13.05;13.13;13.01;13.13;13.05;12.93;13.13;12.97;13.05;12.97;12.93;13.01;13.09;13.13;13.01;13.09;13.09;13.05;13.13;13.13;13.09;13.13;13.09;13.21;13.13;13.09;13.13;13.05;13.13;13.21;13.13;13.21;13.13;13.09;13.01;13.13;13.13;13.09;13.01;13.05;13.13;13.29;13.09;13.05;13.09;13.13;13.17;13.09;13.09;13.13;13.01;13.09;13.13;13.13;13.05;12.93;13.01;12.93;12.97
12.41;12.37;12.53;12.45;12.49;12.49;12.49;12.49;12.45;12.53;12.49;12.45;12.45;12.33;12.45;12.33;12.65;12.49;12.53;12.53;12.53;12.69;12.53;12.61;12.53;12.53;12.57;12.61;12.61;12.69;12.49;12.45;12.61;12.57;12.61;12.81;12.69;12.61;12.65;12.73;12.69;12.81;12.65;12.85;12.81;12.69;12.65;12.65;12.65;12.77;12.73;12.77;12.69;12.73;12.69;12.69;12.89;12.81;12.81;12.81;12.81;12.85;12.81;12.77;12.73;12.73;12.69;12.65;12.85;12.73;12.81;12.81;12.81;12.81;12.81;12.89;12.69;12.69;12.73;12.77;12.73;12.81;12.69;12.81;12.81;12.97;12.81;12.89;12.89;12.93;12.85;12.89;12.85;12.65;12.89;12.89;12.85;12.85;12.85;12.69;12.73;12.81;12.81;12.81;12.61;12.73;12.81;12.81;12.81;12.81;12.73;12.85;12.85;12.85;12.73;12.81;12.93;12.89;12.89;12.81;12.77;12.97;12.89;12.89;12.93;12.93;12.89;12.69;12.97;12.89;13.01;12.97;13.05;12.73;12.85;12.77;12.89;12.97;12.93;12.81;12.97;12.89;13.13;13.01;13.05;13.05;13.01;12.73;12.89;12.93;12.69;12.81;12.93;13.05;13.01;13.01;13.09;13.01;12.85;13.01;13.01;12.97;13.01;12.97;12.97;13.05;13.05;13.13;13.01;12.93;12.89;12.93;12.93;12.89;12.73;12.89;12.89;12.93;12.81;12.85;12.93;12.93;13.01;13.01;13.01;12.93;13.05;13.09;13.09;12.97;13.05;13.01;12.77;12.93;12.93;13.13;13.01;13.01;13.05;13.01;12.97;12.97;12.97;12.97;12.89;12.57;12.93;12.93;13.01;13.05;12.93;13.05;13.21;13.05;13.05;12.97;13.05;13.01;13.05;13.01;13.05;12.73;12.93;12.97;12.97;12.85;13.01;12.93;13.05;12.97;13.01;13.01;13.01;13.09;13.05;12.89;13.05;13.05;12.93;13.21;13.13;13.01;13.13;13.05;13.01;13.13;13.05;13.09;13.01;13.05;13.05;13.09;13.13;13.17;13.01;13.05;13.09;13.09;13.13;13.13;13.09;13.13;12.89;12.97;13.09;13.09;13.01;13.01;12.97;12.93;13.01;13.05;12.97;13.05;13.09;13.09;13.05;12.81;13.05;13.01;12.97;13.09;13.17;13.09;12.97;13.01;12.93;13.01;12.89;13.09;13.09;13.01;13.01;13.05;13.09;13.09;13.05;13.13;13.13;13.09;13.01;13.05;13.09;13.13;12.97;13.17;13.21;13.21;13.17;13.09;13.13;13.13;13.25;12.97;13.01;12.97;13.01;13.13;13.05;13.05;13.17;13.09;13.05;13.05;13.09;13.05;12.93;13.05;13.09;13.13;13.09;13.13;13.01;12.93;12.93;12.85
12.49;12.53;12.49;12.53;12.49;12.49;12.45;12.57;12.53;12.53;12.53;12.53;12.33;12.45;12.45;12.49;12.57;12.45;12.53;12.49;12.45;12.41;12.61;12.57;12.53;12.57;12.53;12.49;12.53;12.53;12.49;12.61;12.57;12.61;12.53;12.69;12.61;12.61;12.61;12.65;12.65;12.69;12.65;12.65;12.65;12.69;12.69;12.57;12.61;12.69;12.73;12.73;12.61;12.65;12.69;12.73;12.81;12.73;12.77;12.61;12.73;12.77;12.81;12.65;12.65;12.69;12.69;12.73;12.69;12.73;12.73;12.69;12.85;12.85;12.85;12.85;12.81;12.73;12.69;12.69;12.81;12.85;12.85;12.85;12.89;12.81;12.73;12.89;12.89;12.85;12.85;12.85;12.85;12.81;12.89;12.93;12.81;12.77;12.81;12.69;12.69;12.73;12.81;12.77;12.77;12.61;12.73;12.81;12.81;12.85;13.01;12.85;12.85;12.89;12.65;12.81;12.85;12.89;12.81;12.69;12.81;12.85;13.01;12.81;12.81;12.93;12.89;12.89;12.93;12.97;12.93;12.93;12.89;12.93;12.85;12.81;12.93;12.77;12.93;12.93;12.93;13.01;13.05;12.93;12.93;13.01;12.89;12.85;12.81;12.85;12.81;12.89;12.85;12.97;12.89;13.01;13.01;13.13;12.93;13.05;13.01;13.09;13.01;12.97;13.01;13.01;13.05;12.97;13.01;13.09;12.89;12.81;12.97;12.89;12.93;12.93;12.93;13.05;12.89;12.89;12.85;12.97;12.97;12.85;12.89;12.93;13.05;13.01;13.01;13.09;12.97;12.89;12.93;13.25;13.13;13.09;13.01;13.01;13.01;13.01;12.93;12.93;12.97;13.01;12.93;12.69;12.93;13.01;13.01;12.97;12.93;12.93;13.17;13.17;12.97;12.93;13.01;12.97;13.01;12.93;13.05;13.09;13.09;12.97;13.05;13.05;13.05;13.01;13.01;13.01;13.05;13.05;13.05;13.13;13.05;13.05;13.17;13.21;13.13;13.13;13.13;13.05;13.09;13.13;13.05;13.09;12.93;13.05;13.01;13.09;13.21;13.05;13.05;13.01;13.01;13.01;13.01;13.01;12.97;13.05;13.09;13.17;13.05;13.09;13.25;13.09;13.01;13.01;13.05;13.09;13.05;13.09;12.97;13.09;13.05;12.93;12.89;12.93;13.01;12.93;12.89;13.01;13.05;13.05;12.93;12.85;13.01;12.93;13.01;13.01;13.05;12.81;13.01;13.09;13.13;13.09;13.17;13.01;13.13;13.09;13.09;13.09;13.13;13.01;13.05;13.09;13.13;13.05;13.13;13.13;13.09;13.13;13.13;13.09;13.01;13.01;13.01;13.05;13.09;13.25;13.17;13.09;13.25;13.09;12.93;13.09;12.93;13.29;13.13;13.25;13.09;13.05;13.01;12.97;13.01;12.93
12.53;12.49;12.49;12.49;12.45;12.45;12.25;12.49;12.49;12.53;12.53;12.53;12.45;12.53;12.61;12.53;12.49;12.61;12.49;12.53;12.45;12.45;12.61;12.53;12.57;12.57;12.53;12.49;12.53;12.53;12.45;12.53;12.61;12.61;12.61;12.61;12.57;12.61;12.53;12.53;12.53;12.49;12.61;12.61;12.49;12.61;12.61;12.61;12.61;12.69;12.61;12.61;12.61;12.53;12.65;12.69;12.65;12.73;12.65;12.65;12.85;12.69;12.61;12.61;12.65;12.65;12.65;12.65;12.65;12.65;12.73;12.65;12.65;12.65;12.93;12.81;12.85;12.69;12.65;12.69;12.73;12.85;12.85;12.85;12.81;12.73;12.73;12.81;12.85;12.85;12.77;12.89;12.81;12.81;12.89;12.89;12.77;12.73;12.77;12.69;12.69;12.77;12.73;12.69;12.69;12.73;12.73;12.85;12.77;12.81;12.81;12.73;12.73;12.85;12.81;12.73;12.81;12.93;12.93;12.81;12.85;12.85;12.89;12.73;12.85;12.85;12.77;13.05;12.85;12.93;12.93;12.89;12.97;12.81;12.81;12.77;12.85;12.73;12.85;12.81;12.97;12.93;12.97;12.93;12.93;13.05;12.81;12.89;12.81;12.85;12.85;12.85;13.05;12.89;13.01;12.93;12.89;13.09;13.09;12.93;12.93;13.01;12.97;13.01;13.01;12.97;13.01;12.97;12.89;12.89;12.93;12.97;12.93;12.93;12.89;12.97;12.97;12.85;12.93;12.93;13.01;12.93;13.05;12.93;12.93;12.93;12.85;12.97;13.13;13.01;13.09;13.01;13.01;13.05;13.09;13.01;13.01;13.01;13.01;12.89;13.05;12.89;13.01;12.89;12.93;12.89;13.01;12.97;12.89;13.01;12.89;13.09;13.13;13.09;13.05;13.01;13.01;12.93;12.97;12.97;13.01;13.01;13.01;12.97;13.05;13.05;13.09;13.05;13.05;13.05;12.97;13.05;13.13;13.09;13.09;13.09;13.09;13.25;13.09;13.05;13.13;12.97;13.21;13.09;13.25;13.09;12.93;13.05;13.05;13.01;13.13;13.05;13.05;13.05;13.05;13.01;13.01;13.01;13.01;13.09;13.05;13.13;13.05;13.05;12.97;13.17;13.09;13.13;13.33;13.05;13.13;13.13;13.09;13.13;13.17;12.89;12.93;13.01;12.89;13.01;13.05;13.13;13.09;13.09;12.93;12.89;13.01;12.93;12.93;13.01;13.01;13.05;13.21;13.13;13.01;13.17;13.21;13.01;13.01;12.93;13.09;13.09;13.01;13.09;13.05;13.13;13.05;13.09;13.09;13.13;13.17;13.13;13.09;13.13;13.05;13.05;13.01;13.09;13.09;13.13;13.13;13.17;13.21;13.21;13.09;13.09;13.09;13.33;13.13;13.09;13.17;12.89;13.05;13.13;13.05;13.09
12.49;12.49;12.61;12.49;12.61;12.49;12.45;12.45;12.45;12.29;12.49;12.37;12.57;12.29;12.49;12.53;12.57;12.33;12.53;12.49;12.33;12.33;12.33;12.57;12.61;12.61;12.37;12.41;12.53;12.41;12.37;12.45;12.49;12.61;12.61;12.49;12.49;12.53;12.53;12.45;12.57;12.45;12.57;12.53;12.45;12.57;12.69;12.49;12.61;12.57;12.61;12.61;12.53;12.57;12.65;12.25;12.61;12.69;12.45;12.65;12.65;12.53;12.65;12.61;12.45;12.65;12.61;12.49;12.53;12.61;12.53;12.53;12.45;12.65;12.65;12.73;12.65;12.65;12.61;12.65;12.69;12.65;12.65;12.73;12.73;12.69;12.65;12.77;12.81;12.81;12.73;12.77;12.77;12.69;12.73;12.73;12.77;12.69;12.65;12.65;12.69;12.69;12.69;12.69;12.69;12.69;12.73;12.81;12.77;12.69;12.65;12.85;12.77;12.65;12.73;12.81;12.89;13.01;12.65;12.81;12.81;12.65;12.89;12.73;12.69;12.81;12.85;12.93;12.89;12.89;12.93;12.69;12.81;12.69;12.65;12.89;12.89;12.73;12.77;12.85;12.89;12.73;12.89;12.85;12.85;12.85;12.73;12.73;12.77;12.73;12.81;12.85;12.85;12.73;13.01;12.85;12.97;12.81;12.93;12.89;12.93;12.97;12.97;12.93;12.89;12.93;13.01;12.89;12.93;12.73;12.85;12.85;12.89;12.93;12.85;12.93;13.05;12.93;12.89;12.93;12.93;12.85;12.97;12.85;12.93;12.93;12.77;12.81;13.01;13.01;12.93;13.01;13.09;13.05;13.01;13.05;13.01;13.01;12.97;12.93;12.93;12.81;13.01;12.93;12.93;12.93;13.01;13.01;13.09;12.77;12.93;13.01;13.01;12.97;12.93;12.85;13.01;12.93;12.93;12.93;12.93;12.81;12.93;13.01;13.01;12.93;12.93;13.01;13.01;13.01;12.93;12.89;13.05;13.09;13.01;13.05;13.17;13.09;13.09;13.01;13.13;12.93;13.09;13.17;13.01;12.93;13.05;12.93;13.01;13.09;12.89;12.97;13.01;12.85;12.97;13.01;13.01;12.93;12.97;12.93;12.93;13.01;13.05;12.97;13.01;13.09;13.09;13.01;13.21;13.01;12.93;12.97;12.81;13.09;13.05;12.93;12.93;12.93;12.93;12.89;12.97;13.05;13.09;12.93;12.85;12.97;13.01;12.97;13.01;13.01;13.01;13.01;12.85;12.89;13.09;13.09;13.09;13.09;13.05;13.05;13.09;13.05;13.01;13.01;13.01;13.01;12.97;13.05;13.21;13.09;13.09;13.05;13.09;13.09;13.05;13.09;13.09;13.09;13.09;13.01;13.05;12.93;13.09;13.17;13.05;13.05;13.09;13.05;13.05;13.09;13.01;13.01;13.01;13.09;13.09;13.05
12.49;12.45;12.49;12.49;12.61;12.29;12.45;12.37;12.49;12.45;12.37;12.37;12.41;12.37;12.45;12.49;12.57;12.53;12.49;12.49;12.49;12.45;12.53;12.57;12.53;12.53;12.45;12.45;12.37;12.49;12.53;12.65;12.53;12.53;12.65;12.41;12.49;12.53;12.41;12.57;12.49;12.53;12.53;12.45;12.49;12.45;12.65;12.61;12.53;12.41;12.61;12.61;12.57;12.53;12.53;12.53;12.61;12.61;12.69;12.61;12.53;12.65;12.57;12.53;12.53;12.61;12.65;12.49;12.53;12.53;12.49;12.37;12.49;12.61;12.65;12.69;12.57;12.57;12.49;12.65;12.61;12.61;12.49;12.77;12.73;12.53;12.53;12.73;12.73;12.81;12.65;12.73;12.65;12.73;12.69;12.61;12.61;12.65;12.69;12.69;12.69;12.69;12.73;12.69;12.65;12.65;12.69;12.73;12.81;12.69;12.65;12.65;12.73;12.65;12.65;12.85;12.89;12.89;12.81;12.81;12.89;12.93;12.81;12.73;12.69;12.81;12.73;12.85;12.89;12.85;12.85;12.93;12.81;12.73;12.77;12.89;12.85;12.85;12.85;12.77;12.89;12.89;12.85;12.85;12.85;12.69;12.81;12.81;12.81;12.81;12.77;12.81;12.81;12.81;12.85;12.85;12.85;12.93;12.93;12.93;12.89;12.89;12.89;12.93;12.77;13.01;12.89;12.93;13.09;12.93;12.93;12.93;12.93;12.89;12.89;12.89;13.05;12.93;12.89;12.73;12.97;12.81;12.81;12.77;12.89;12.89;12.89;12.89;12.85;13.01;13.01;13.01;13.05;13.09;13.01;13.01;13.01;13.01;13.05;12.85;12.93;12.93;13.01;12.89;12.93;12.93;12.93;13.05;12.97;13.01;13.05;12.93;13.01;12.97;12.93;12.97;12.93;13.01;12.93;12.93;12.93;12.93;13.01;13.09;12.89;12.85;12.89;13.05;13.01;12.97;12.93;13.01;13.05;13.01;13.01;13.01;12.73;13.01;13.01;13.05;13.01;13.09;13.09;13.05;12.97;12.97;12.85;13.05;13.01;13.09;13.01;13.05;13.01;12.93;12.89;13.01;12.93;13.01;13.01;13.17;13.05;13.01;13.01;13.01;12.97;12.85;12.93;13.05;13.01;13.01;12.93;12.93;12.81;12.89;13.05;13.13;13.05;12.89;12.93;12.93;12.93;12.85;13.01;12.93;13.01;13.01;13.01;13.01;13.01;12.97;12.93;12.93;12.81;12.81;12.89;13.09;13.09;13.05;13.01;13.05;13.09;13.01;12.97;12.89;13.05;13.01;13.05;13.13;13.05;13.05;13.05;13.05;13.05;13.05;13.05;13.05;13.25;13.09;13.05;13.05;13.01;13.05;13.05;13.05;13.01;12.93;13.09;13.01;13.01;12.85;13.01;13.05;13.05;13.05;13.17;13.01
12.53;12.45;12.49;12.53;12.53;12.49;12.65;12.57;12.49;12.49;12.45;12.37;12.53;12.49;12.45;12.57;12.61;12.53;12.65;12.53;12.49;12.53;12.49;12.57;12.61;12.53;12.49;12.57;12.45;12.53;12.65;12.53;12.65;12.65;12.53;12.45;12.61;12.53;12.53;12.53;12.53;12.53;12.49;12.61;12.53;12.57;12.61;12.69;12.61;12.61;12.73;12.61;12.53;12.57;12.57;12.61;12.61;12.65;12.65;12.85;12.61;12.69;12.57;12.61;12.57;12.57;12.69;12.69;12.41;12.49;12.61;12.57;12.49;12.53;12.61;12.65;12.57;12.53;12.49;12.65;12.61;12.65;12.73;12.53;12.61;12.61;12.49;12.69;12.73;12.69;12.73;12.81;12.73;12.65;12.69;12.73;12.77;12.69;12.85;12.69;12.69;12.69;12.69;12.69;12.81;12.65;12.65;12.77;12.61;12.69;12.65;12.73;12.81;12.69;12.73;12.73;12.85;12.85;12.85;12.81;12.81;12.73;12.77;12.73;13.05;12.93;12.85;12.89;12.73;12.73;13.05;12.81;12.81;12.73;12.73;12.85;12.89;12.85;12.85;12.89;12.89;12.85;13.05;12.85;12.81;12.85;12.85;12.81;12.61;12.81;12.89;12.89;12.85;12.85;12.85;12.89;12.85;12.89;12.89;12.93;12.89;12.89;12.89;12.85;12.85;12.89;13.01;13.05;13.05;12.97;13.01;12.93;12.89;13.01;12.89;12.85;12.81;12.93;12.93;12.97;13.05;12.89;12.97;12.73;12.81;12.89;12.93;12.89;12.89;13.01;13.17;13.01;13.01;12.97;13.05;13.05;13.01;13.05;13.09;12.97;12.93;12.93;12.97;12.77;12.93;12.93;13.01;12.97;12.97;12.93;12.81;13.09;13.21;13.01;13.01;12.97;12.97;12.89;12.97;13.01;13.01;12.97;12.97;13.01;12.97;12.93;13.13;13.09;13.01;13.01;12.93;12.93;13.01;13.01;13.01;13.01;13.01;13.01;13.01;12.93;13.21;12.93;13.05;12.97;12.97;12.93;12.97;13.05;13.09;13.09;13.05;13.01;13.05;13.01;13.01;13.01;12.97;12.97;13.05;12.97;13.05;13.17;13.01;13.05;13.09;13.17;12.97;12.97;12.97;12.97;13.09;13.01;13.05;13.09;13.09;13.21;13.13;12.97;12.93;12.97;12.89;12.93;13.13;13.05;13.05;13.05;13.09;13.05;13.01;13.01;13.01;13.01;13.01;12.81;13.13;13.13;13.09;12.93;13.09;13.01;13.05;13.05;13.09;12.93;12.97;13.09;13.09;13.25;13.09;13.05;13.05;13.01;13.05;13.01;13.01;13.09;13.01;13.09;13.05;13.13;13.01;13.05;13.01;13.05;13.01;13.05;13.01;13.01;12.97;13.09;13.09;13.09;13.05;13.01;13.09;13.13
12.45;12.49;12.45;12.49;12.53;12.49;12.33;12.49;12.49;12.49;12.45;12.49;12.49;12.53;12.49;12.53;12.61;12.61;12.61;12.49;12.53;12.57;12.53;12.49;12.53;12.53;12.41;12.49;12.49;12.49;12.69;12.65;12.61;12.61;12.45;12.53;12.61;12.45;12.49;12.53;12.65;12.61;12.65;12.61;12.61;12.69;12.61;12.65;12.77;12.61;12.65;12.69;12.45;12.53;12.53;12.53;12.57;12.57;12.85;12.73;12.53;12.61;12.61;12.45;12.53;12.53;12.65;12.45;12.53;12.45;12.61;12.57;12.61;12.77;12.57;12.57;12.65;12.61;12.61;12.61;12.65;12.61;12.57;12.65;12.65;12.65;12.61;12.65;12.49;12.69;12.65;12.61;12.73;12.73;12.49;12.61;12.65;12.73;12.69;12.69;12.69;12.65;12.57;12.73;12.65;12.73;12.69;12.77;12.61;12.61;12.65;12.61;12.77;12.77;12.69;12.85;12.81;12.77;12.77;12.89;12.73;12.73;12.77;12.81;12.89;12.73;12.89;12.81;12.73;12.73;12.85;12.85;12.89;12.81;12.81;12.69;12.81;12.85;12.85;12.89;12.89;12.89;12.81;12.81;12.81;12.73;12.89;12.97;12.81;12.81;12.89;12.93;12.93;12.89;12.85;12.89;12.85;12.89;12.81;12.89;12.89;12.89;12.81;12.89;12.85;12.89;12.93;12.97;13.01;12.93;12.93;12.85;12.85;12.97;12.85;12.77;12.77;12.89;12.89;12.89;12.93;12.81;12.89;12.89;12.85;12.81;12.93;13.01;13.01;12.85;13.01;12.85;12.85;12.85;12.97;12.97;13.01;13.01;12.97;12.89;12.93;12.93;12.93;12.93;13.01;12.93;12.93;12.85;13.01;12.93;12.93;13.01;12.93;13.05;13.05;12.93;12.93;12.93;13.01;13.01;13.01;13.01;13.01;12.97;12.97;13.01;12.97;12.93;13.01;12.97;12.85;12.89;13.05;13.01;13.01;12.93;13.05;12.97;12.93;12.89;12.89;12.93;13.01;13.01;12.81;13.01;12.93;13.01;13.09;13.09;12.97;13.05;13.09;13.01;13.01;13.09;13.05;13.05;13.05;13.05;12.93;12.97;12.89;13.01;13.05;12.97;13.01;12.97;12.93;13.01;13.01;13.05;13.01;13.05;13.09;13.09;12.93;12.97;12.97;12.97;12.85;12.93;12.97;13.05;13.01;13.05;13.05;13.05;13.05;13.01;13.05;13.05;13.01;12.89;13.13;13.17;13.05;12.93;12.93;12.89;13.09;13.05;13.05;13.09;12.97;13.05;13.05;13.09;13.05;13.05;13.05;13.01;12.89;12.89;12.93;12.93;13.13;13.05;13.05;13.01;12.89;12.89;12.93;12.93;12.89;12.93;13.01;13.01;13.01;13.01;13.05;13.09;13.01;13.01;13.05;12.93
12.45;12.49;12.45;12.53;12.49;12.53;12.49;12.45;12.49;12.49;12.49;12.49;12.45;12.49;12.49;12.37;12.53;12.57;12.61;12.49;12.53;12.53;12.61;12.57;12.69;12.57;12.53;12.49;12.61;12.53;12.57;12.53;12.61;12.61;12.61;12.49;12.57;12.65;12.53;12.53;12.65;12.61;12.65;12.65;12.61;12.65;12.65;12.69;12.65;12.61;12.73;12.65;12.61;12.53;12.57;12.61;12.53;12.61;12.69;12.65;12.49;12.61;12.57;12.53;12.57;12.61;12.57;12.53;12.57;12.53;12.61;12.57;12.53;12.61;12.61;12.65;12.61;12.65;12.65;12.61;12.73;12.61;12.45;12.69;12.65;12.65;12.73;12.65;12.61;12.73;12.65;12.53;12.73;12.65;12.65;12.65;12.73;12.81;12.69;12.65;12.57;12.61;12.73;12.73;12.65;12.73;12.65;12.57;12.61;12.65;12.69;12.61;12.69;12.69;12.73;12.73;12.85;12.73;12.65;12.85;12.73;12.73;12.61;12.73;12.69;12.73;12.69;12.69;12.77;12.65;12.73;12.65;12.77;12.89;12.73;12.77;12.85;12.81;12.81;13.01;12.89;12.81;12.81;12.81;12.81;12.81;12.93;12.81;12.81;12.81;12.81;12.85;12.85;12.89;12.85;12.81;12.89;12.89;12.89;12.89;12.89;12.89;12.89;12.85;12.89;12.85;12.93;12.97;13.05;13.01;12.93;12.93;12.97;13.05;12.85;12.81;12.81;12.97;12.89;12.85;12.89;12.93;12.89;12.85;12.85;12.81;12.89;12.93;13.05;12.93;12.93;12.89;12.93;12.93;12.89;12.93;13.01;13.01;13.01;12.89;12.89;12.89;12.93;12.93;12.93;12.89;13.01;12.93;12.85;12.89;12.97;13.01;13.01;13.01;13.01;13.01;12.93;13.13;12.97;13.01;13.01;12.97;12.89;12.93;13.01;13.01;12.97;12.97;12.97;12.97;12.89;13.01;12.93;13.05;13.05;13.05;13.01;12.93;12.97;12.85;12.89;12.93;13.01;13.01;12.93;12.97;12.85;13.05;13.01;13.05;13.13;13.09;13.05;13.05;12.93;13.05;13.01;13.05;13.05;13.09;13.01;13.01;12.97;13.01;13.01;12.93;13.05;12.89;12.93;12.97;13.09;13.01;13.01;13.01;12.97;13.01;12.93;12.93;13.01;13.05;12.93;12.89;13.01;12.93;13.01;13.01;13.01;13.05;12.93;13.17;13.05;13.05;12.93;13.05;13.01;13.05;13.01;12.93;13.01;13.01;13.09;13.05;13.09;13.05;13.21;13.05;13.17;13.09;13.09;13.13;13.13;12.89;12.93;13.05;13.05;12.97;12.85;13.05;13.05;13.01;12.89;12.93;12.97;12.89;12.93;12.97;13.05;13.05;13.01;13.09;13.01;13.05;13.05;13.05;12.93;13.09
12.53;12.45;12.45;12.53;12.57;12.61;12.49;12.45;12.49;12.49;12.49;12.49;12.49;12.49;12.49;12.69;12.53;12.49;12.53;12.49;12.49;12.57;12.53;12.65;12.57;12.53;12.49;12.61;12.53;12.45;12.53;12.69;12.69;12.65;12.53;12.45;12.53;12.65;12.57;12.61;12.65;12.85;12.73;12.69;12.65;12.65;12.65;12.61;12.61;12.61;12.73;12.65;12.57;12.61;12.45;12.65;12.85;12.61;12.61;12.65;12.61;12.61;12.53;12.61;12.53;12.61;12.61;12.33;12.49;12.49;12.57;12.53;12.61;12.61;12.53;12.65;12.73;12.65;12.61;12.65;12.57;12.41;12.65;12.61;12.69;12.65;12.65;12.61;12.65;12.65;12.57;12.61;12.69;12.65;12.65;12.65;12.73;12.73;12.69;12.61;12.69;12.65;12.73;12.73;12.73;12.73;12.69;12.57;12.73;12.65;12.73;12.57;12.73;12.89;12.73;12.73;12.81;12.81;12.69;12.69;12.73;12.69;12.69;12.73;12.69;12.73;12.73;12.77;12.73;12.85;12.69;12.89;12.73;12.69;12.73;12.73;12.85;12.73;12.85;12.89;12.73;12.81;12.73;12.89;12.85;12.85;12.73;12.81;12.89;12.81;12.85;12.85;12.81;12.97;12.93;13.05;12.89;12.89;12.93;12.93;12.81;12.89;12.89;12.89;12.89;12.89;12.93;12.97;12.85;12.89;12.93;13.01;13.01;12.97;13.01;12.89;12.85;12.93;12.89;12.81;12.89;12.89;12.89;12.85;12.85;13.01;12.97;12.93;12.97;12.89;12.85;12.89;12.93;12.89;12.93;12.89;13.13;12.97;13.01;13.09;12.85;12.81;12.89;12.81;12.93;12.89;12.89;12.85;12.81;12.85;12.89;13.13;12.93;12.93;13.01;12.93;12.93;12.93;13.05;13.01;13.01;12.97;13.01;12.93;13.01;13.01;13.01;12.93;13.01;12.97;12.93;13.01;13.13;13.01;13.01;13.05;13.01;12.93;12.93;12.93;12.93;12.73;13.05;12.97;13.01;12.93;12.89;13.01;13.01;13.05;13.05;12.97;13.05;12.93;12.97;13.01;13.09;13.05;13.01;13.01;13.05;13.01;13.01;13.09;13.13;13.09;12.97;13.01;13.05;13.05;12.97;12.93;12.93;13.21;12.97;12.93;13.01;13.01;13.01;13.01;12.89;12.97;13.09;12.93;13.01;13.05;13.01;13.01;12.97;12.97;13.09;13.09;13.13;12.89;13.05;13.01;12.89;12.97;12.97;13.01;13.25;13.09;13.05;13.05;13.09;13.05;13.09;13.05;13.09;13.09;13.21;13.05;13.01;13.05;13.05;12.97;12.97;13.09;13.05;13.01;13.01;13.01;13.01;13.05;12.97;12.93;13.17;13.09;13.09;13.01;13.01;13.01;12.97;12.93;12.97;13.01
12.49;12.49;12.57;12.53;12.65;12.53;12.49;12.45;12.49;12.49;12.53;12.49;12.49;12.49;12.49;12.57;12.53;12.49;12.53;12.45;12.53;12.53;12.57;12.61;12.53;12.53;12.53;12.45;12.49;12.49;12.61;12.57;12.53;12.65;12.49;12.53;12.53;12.57;12.53;12.61;12.61;12.65;12.69;12.69;12.73;12.65;12.65;12.65;12.45;12.69;12.61;12.69;12.65;12.61;12.57;12.57;12.73;12.57;12.61;12.57;12.57;12.57;12.53;12.61;12.53;12.53;12.57;12.61;12.49;12.53;12.61;12.65;12.57;12.53;12.61;12.57;12.65;12.69;12.61;12.65;12.81;12.45;12.61;12.57;12.73;12.65;12.65;12.53;12.65;12.69;12.69;12.53;12.57;12.61;12.65;12.69;12.65;12.73;12.69;12.65;12.57;12.53;12.61;12.85;12.69;12.65;12.57;12.65;12.53;12.65;12.69;12.69;12.65;12.81;12.57;12.69;12.69;12.69;12.69;12.73;12.69;12.73;12.61;12.73;12.73;12.73;12.89;12.81;12.73;12.73;12.65;12.69;12.73;12.65;12.65;12.73;12.69;12.81;12.81;12.81;12.77;12.77;12.77;12.85;12.81;12.73;12.73;12.81;12.89;12.85;12.81;12.85;13.01;12.89;12.89;12.81;12.77;12.89;12.89;12.77;12.85;12.93;12.93;12.93;12.89;12.93;12.81;12.85;12.89;12.85;12.89;12.93;12.89;12.89;12.77;12.65;12.97;12.89;12.81;12.85;12.85;12.85;12.81;12.81;12.89;12.93;12.97;12.85;12.93;12.89;12.85;12.85;12.89;12.89;12.85;12.93;12.93;12.85;12.89;12.89;12.93;13.01;12.89;12.89;12.93;12.93;12.89;12.73;12.81;12.85;12.89;12.93;13.01;12.81;12.89;12.93;12.93;12.93;12.85;12.93;13.01;13.01;13.09;13.01;13.01;12.97;13.01;12.93;12.89;12.97;12.89;12.89;12.93;13.01;13.01;13.09;12.93;12.89;12.93;12.97;12.89;12.81;13.05;12.97;12.89;12.93;12.89;12.93;12.85;12.93;12.89;12.93;13.05;13.05;12.93;12.89;12.81;12.97;12.89;13.05;13.05;12.97;13.01;13.01;13.05;13.05;12.93;13.01;12.93;12.97;12.89;13.05;13.09;13.13;12.89;13.01;13.01;13.01;12.97;12.97;12.93;12.89;12.93;12.85;13.01;12.97;12.93;13.01;12.81;13.05;12.93;13.01;13.01;13.05;12.85;13.05;13.01;13.01;12.89;13.05;13.01;13.09;13.01;12.85;13.09;13.05;12.93;13.01;13.01;13.09;13.17;13.05;13.13;12.97;13.01;12.93;13.01;13.05;12.97;13.01;13.01;13.05;13.01;12.93;13.05;13.01;12.85;13.05;13.09;13.05;12.93;13.01;12.93;12.97;12.97;13.01
12.49;12.49;12.53;12.53;12.57;12.45;12.45;12.45;12.45;12.33;12.45;12.49;12.45;12.45;12.45;12.57;12.61;12.65;12.45;12.53;12.53;12.53;12.53;12.53;12.53;12.49;12.53;12.45;12.41;12.57;12.65;12.61;12.57;12.49;12.61;12.53;12.49;12.45;12.49;12.53;12.53;12.57;12.65;12.57;12.53;12.61;12.61;12.61;12.49;12.49;12.69;12.65;12.57;12.61;12.53;12.57;12.53;12.53;12.61;12.45;12.61;12.45;12.69;12.53;12.57;12.61;12.61;12.57;12.45;12.49;12.53;12.53;12.33;12.53;12.57;12.61;12.53;12.61;12.61;12.65;12.61;12.53;12.41;12.61;12.57;12.65;12.61;12.61;12.61;12.65;12.65;12.65;12.69;12.61;12.53;12.81;12.81;12.73;12.69;12.65;12.57;12.57;12.69;12.65;12.69;12.81;12.65;12.53;12.61;12.65;12.69;12.69;12.69;12.65;12.65;12.69;12.69;12.69;12.65;12.65;12.81;12.69;12.73;12.69;12.73;12.69;12.57;12.81;12.69;12.65;12.69;12.65;12.65;12.61;12.65;12.69;12.73;12.81;12.73;12.73;12.81;12.77;12.93;12.81;12.77;12.89;12.81;12.73;12.81;12.77;12.81;12.89;12.89;12.85;12.81;12.73;12.81;12.81;12.85;12.85;12.89;12.89;12.89;13.05;12.89;12.89;12.89;12.89;12.85;12.77;12.93;12.89;12.85;12.81;12.81;12.81;12.81;12.89;12.81;12.81;12.97;12.81;12.85;12.73;12.81;12.81;12.81;12.65;12.81;12.89;12.89;12.89;12.93;12.89;12.85;12.89;12.93;12.89;12.89;12.93;12.93;12.89;12.81;12.89;12.93;12.93;12.85;12.85;12.85;12.85;12.89;12.93;12.93;12.93;12.93;12.89;12.89;12.89;12.77;12.93;12.97;13.01;13.01;12.89;12.89;12.93;12.93;12.89;12.89;12.89;12.77;12.89;12.93;12.97;12.85;13.05;13.09;12.85;12.93;12.93;12.93;12.85;12.93;13.01;12.97;12.93;12.85;12.93;12.97;12.93;12.89;12.89;13.01;13.05;13.01;12.93;12.93;13.01;13.05;13.05;12.93;12.89;12.89;12.93;13.01;12.93;12.97;12.93;12.93;13.01;13.01;13.01;13.01;12.97;13.01;13.01;12.97;13.01;12.93;12.93;12.93;13.05;12.93;12.93;12.93;12.93;12.97;12.97;12.93;13.09;13.01;12.97;12.93;12.89;12.97;13.01;12.97;12.81;12.77;12.89;13.21;13.01;13.01;13.01;13.05;12.97;13.01;13.05;12.93;13.09;13.01;12.93;13.01;13.05;12.89;12.85;12.89;13.01;12.97;12.97;13.05;13.01;13.01;12.93;13.09;13.05;13.01;13.05;13.05;13.05;12.93;12.89;12.97;12.93;12.93;13.01
12.49;12.45;12.53;12.53;12.53;12.45;12.25;12.45;12.45;12.45;12.65;12.53;12.45;12.49;12.53;12.57;12.57;12.49;12.45;12.53;12.45;12.49;12.45;12.49;12.49;12.45;12.53;12.37;12.45;12.37;12.45;12.61;12.57;12.61;12.61;12.53;12.53;12.49;12.49;12.53;12.49;12.53;12.65;12.53;12.53;12.57;12.61;12.49;12.49;12.41;12.61;12.57;12.53;12.57;12.65;12.49;12.53;12.49;12.61;12.61;12.61;12.61;12.65;12.73;12.65;12.49;12.53;12.61;12.49;12.53;12.61;12.57;12.53;12.61;12.57;12.57;12.53;12.49;12.61;12.61;12.69;12.53;12.53;12.57;12.65;12.57;12.57;12.65;12.57;12.61;12.65;12.61;12.61;12.61;12.53;12.53;12.61;12.77;12.65;12.53;12.57;12.61;12.49;12.73;12.69;12.61;12.61;12.49;12.61;12.61;12.69;12.69;12.69;12.65;12.65;12.65;12.65;12.65;12.37;12.65;12.69;12.77;12.69;12.73;12.73;12.81;12.73;12.81;12.73;12.69;12.65;12.65;12.61;12.61;12.69;12.65;12.73;12.53;12.69;12.89;12.81;12.61;12.81;12.85;12.69;12.69;12.73;12.81;12.73;12.85;12.77;12.85;12.93;12.85;12.81;12.81;12.89;12.81;12.85;12.89;12.89;12.93;13.01;12.89;12.85;12.85;12.81;12.89;12.89;12.73;12.89;12.77;12.69;12.69;12.81;12.89;12.81;12.85;12.85;12.81;12.81;12.85;12.81;12.81;12.85;12.81;12.85;12.69;12.81;12.81;12.89;12.89;12.85;12.85;13.01;12.85;12.93;12.89;12.89;12.89;12.89;12.85;12.89;12.89;13.05;12.77;12.81;12.93;12.93;12.89;12.89;12.89;12.93;12.93;12.89;12.85;12.89;12.81;12.93;12.89;12.93;12.89;12.93;12.89;12.85;12.89;12.93;12.89;12.89;12.93;12.81;12.93;12.93;12.89;12.77;12.93;13.05;12.93;13.01;12.93;12.81;12.73;12.89;13.01;12.97;12.97;12.93;12.93;12.93;12.93;12.89;12.93;13.01;13.09;13.05;13.01;12.93;12.89;12.93;13.21;12.85;12.89;12.93;12.89;12.97;12.93;12.97;12.97;12.97;12.97;13.01;12.93;12.97;13.05;12.89;12.97;12.93;13.01;12.93;12.85;13.01;12.93;12.93;12.93;12.89;12.89;12.85;12.89;12.97;12.89;12.93;12.97;12.93;12.93;12.93;12.93;12.89;12.89;12.93;12.93;12.89;13.01;12.93;12.93;12.93;13.01;13.01;13.01;13.05;13.13;13.09;13.05;13.09;13.05;12.97;12.89;12.89;13.01;13.21;12.93;12.81;13.01;13.05;13.13;13.09;12.97;13.05;13.05;13.05;13.01;12.93;12.89;13.01;12.81;12.89;13.05
12.49;12.49;12.41;12.53;12.49;12.49;12.49;12.45;12.49;12.45;12.53;12.53;12.37;12.41;12.45;12.53;12.49;12.45;12.25;12.57;12.57;12.53;12.45;12.49;12.49;12.45;12.33;12.41;12.45;12.41;12.53;12.57;12.65;12.57;12.53;12.53;12.65;12.49;12.49;12.53;12.49;12.41;12.49;12.53;12.61;12.53;12.53;12.49;12.49;12.49;12.61;12.57;12.61;12.61;12.45;12.45;12.53;12.37;12.65;12.53;12.69;12.65;12.69;12.53;12.53;12.57;12.57;12.57;12.65;12.61;12.61;12.73;12.53;12.61;12.65;12.73;12.61;12.53;12.37;12.53;12.53;12.57;12.53;12.49;12.41;12.61;12.49;12.61;12.61;12.65;12.65;12.61;12.65;12.61;12.65;12.65;12.53;12.65;12.65;12.61;12.53;12.69;12.61;12.61;12.61;12.61;12.57;12.61;12.61;12.49;12.57;12.65;12.65;12.61;12.57;12.53;12.61;12.69;12.61;12.65;12.49;12.49;12.69;12.69;12.69;12.77;12.73;12.73;12.73;12.69;12.69;12.81;12.65;12.65;12.65;12.61;12.61;12.57;12.65;12.73;12.73;12.81;12.89;12.81;12.57;12.77;12.65;12.69;12.69;12.77;12.77;12.81;12.81;12.73;12.93;12.81;12.81;12.85;12.77;12.93;12.89;12.85;12.93;12.89;12.85;12.89;12.69;13.05;12.81;12.85;12.89;12.81;12.89;12.73;12.77;12.85;12.89;12.85;12.85;12.69;12.85;12.85;12.89;12.89;12.85;12.85;12.69;12.69;12.89;12.85;12.85;12.81;12.81;12.89;12.93;12.89;12.89;12.89;12.85;12.89;12.89;12.85;12.85;12.85;12.89;12.85;12.89;12.89;12.89;12.85;12.89;12.93;12.89;12.89;13.05;12.93;12.85;12.65;12.89;12.93;12.93;12.89;12.89;12.77;12.93;12.93;12.93;12.89;12.89;12.89;12.73;12.77;12.93;12.97;12.81;12.81;12.93;12.93;12.97;12.89;12.89;12.73;12.85;13.01;12.85;12.97;13.01;12.97;12.93;12.89;12.81;13.01;13.01;13.01;12.93;12.93;13.01;12.97;12.93;13.01;12.89;13.05;12.89;12.89;12.73;13.01;13.01;12.89;13.05;12.89;13.01;13.01;13.01;12.85;12.93;12.93;13.01;13.01;12.93;13.01;12.97;13.01;13.01;13.01;13.01;12.93;12.97;12.89;12.97;12.81;12.85;12.89;12.89;12.89;12.89;12.89;12.97;12.93;12.93;13.01;12.97;13.01;13.05;12.89;12.89;12.85;13.01;13.01;13.01;13.05;12.97;13.01;13.01;13.01;12.81;12.93;12.89;12.93;13.01;12.97;12.97;12.89;13.13;13.05;13.13;12.93;12.97;13.05;13.01;12.97;13.01;13.01;13.09;12.89;12.85;12.89
12.49;12.65;12.49;12.53;12.53;12.53;12.45;12.49;12.53;12.53;12.45;12.49;12.49;12.33;12.45;12.61;12.61;12.49;12.57;12.65;12.61;12.53;12.25;12.57;12.49;12.49;12.53;12.49;12.49;12.49;12.57;12.57;12.57;12.69;12.53;12.53;12.61;12.37;12.69;12.57;12.61;12.53;12.53;12.45;12.53;12.69;12.49;12.57;12.49;12.61;12.61;12.65;12.65;12.61;12.45;12.49;12.57;12.61;12.49;12.45;12.61;12.61;12.61;12.53;12.53;12.53;12.53;12.49;12.61;12.61;12.65;12.57;12.53;12.61;12.61;12.65;12.61;12.61;12.53;12.61;12.61;12.65;12.49;12.57;12.65;12.65;12.69;12.65;12.69;12.53;12.69;12.53;12.61;12.65;12.65;12.65;12.65;12.61;12.57;12.65;12.65;12.61;12.69;12.65;12.65;12.61;12.65;12.57;12.73;12.53;12.65;12.57;12.61;12.61;12.57;12.57;12.69;12.65;12.57;12.73;12.61;12.61;12.69;12.69;12.77;12.69;12.73;12.73;12.73;12.69;12.73;12.69;12.69;12.65;12.65;12.69;12.65;12.61;12.65;12.73;12.81;12.85;12.69;12.73;12.77;12.77;12.77;12.73;12.73;12.73;12.61;12.81;12.89;12.93;12.85;12.89;12.85;12.89;12.93;12.93;12.89;12.89;12.85;12.85;12.89;13.01;12.81;12.85;12.89;12.93;12.89;12.81;12.77;12.89;12.85;12.85;12.89;12.85;12.85;12.81;12.81;12.85;12.89;12.89;12.81;12.81;12.85;12.81;12.85;12.85;12.81;12.81;12.89;12.93;12.89;12.89;12.89;12.85;13.05;12.89;12.93;12.93;12.89;12.89;12.85;12.89;12.89;12.89;12.89;12.89;12.93;13.01;12.89;12.93;13.09;12.85;12.85;12.81;12.93;13.01;13.05;12.89;12.93;12.89;12.93;12.97;12.85;12.93;12.89;12.85;12.85;12.93;12.89;12.93;12.85;12.85;12.93;12.93;12.93;12.89;12.93;12.97;12.93;12.97;13.01;12.93;12.89;13.13;12.89;12.93;12.73;12.73;12.85;12.97;12.93;13.01;12.97;13.01;13.01;13.01;12.85;12.93;13.01;12.89;12.89;13.01;13.01;13.05;12.89;12.93;12.93;13.01;12.93;12.93;13.09;13.01;13.05;13.05;13.01;13.01;13.05;13.01;13.01;13.09;13.05;13.01;13.01;13.01;13.01;12.93;12.85;12.89;12.89;12.93;13.01;13.25;13.09;12.93;13.05;13.01;13.09;13.01;13.01;13.01;12.93;13.05;13.05;13.09;12.89;12.97;12.89;13.01;12.97;12.97;13.09;12.97;12.97;13.09;13.09;13.01;12.97;13.05;13.21;13.01;13.25;13.01;13.05;13.09;13.13;13.01;13.01;13.09;13.09;13.09;12.93;12.97
12.53;12.53;12.53;12.53;12.53;12.69;12.45;12.53;12.53;12.57;12.41;12.45;12.49;12.49;12.45;12.61;12.53;12.61;12.53;12.45;12.49;12.49;12.49;12.53;12.53;12.49;12.49;12.53;12.53;12.53;12.57;12.61;12.65;12.49;12.45;12.49;12.61;12.69;12.65;12.61;12.45;12.57;12.73;12.65;12.49;12.49;12.53;12.61;12.57;12.61;12.69;12.61;12.65;12.53;12.73;12.61;12.49;12.61;12.57;12.49;12.61;12.53;12.45;12.49;12.53;12.53;12.61;12.53;12.61;12.73;12.61;12.49;12.57;12.57;12.57;12.65;12.57;12.61;12.37;12.57;12.65;12.53;12.57;12.61;12.69;12.41;12.57;12.73;12.65;12.65;12.69;12.61;12.61;12.69;12.69;12.45;12.61;12.57;12.61;12.65;12.81;12.69;12.69;12.65;12.65;12.65;12.61;12.53;12.61;12.61;12.61;12.69;12.65;12.61;12.61;12.61;12.61;12.73;12.69;12.69;12.73;12.65;12.77;12.73;12.69;12.73;12.77;12.77;12.69;12.73;12.53;12.65;12.69;12.69;12.69;12.69;12.65;12.61;12.61;12.69;12.81;12.85;12.81;12.73;12.73;12.77;12.73;12.69;12.69;12.81;12.73;12.85;12.89;12.93;12.85;12.85;12.85;12.77;12.73;12.85;12.93;12.85;12.85;12.89;12.93;12.89;12.85;12.85;13.05;12.89;12.93;12.89;12.81;12.85;12.65;12.85;12.81;12.81;12.81;12.81;12.81;12.77;12.85;12.85;12.73;12.93;12.73;12.85;13.05;12.81;12.85;12.77;12.97;12.85;12.81;12.89;12.89;12.93;12.89;12.69;12.93;12.97;12.85;12.89;12.93;13.05;13.01;12.89;12.93;12.89;12.85;12.93;12.97;12.93;12.93;12.89;12.85;12.93;12.85;13.05;12.97;12.89;12.85;13.01;12.93;12.93;12.89;12.93;12.85;12.85;12.89;12.81;12.93;12.93;12.85;12.93;12.93;12.89;12.89;12.93;12.93;13.01;13.05;13.01;13.01;12.89;12.89;12.93;12.89;12.89;12.77;12.81;12.93;12.89;12.93;12.97;12.93;12.93;13.01;12.97;12.85;12.89;13.09;12.85;12.89;12.85;12.97;12.97;12.85;12.89;12.89;13.01;13.01;13.21;13.09;13.13;13.05;13.05;12.97;13.05;13.05;13.01;12.97;13.05;13.09;13.01;13.01;12.93;12.85;12.97;12.97;12.97;13.01;12.85;12.93;13.05;13.21;13.05;13.01;12.85;13.05;13.05;13.09;13.01;13.01;13.05;13.05;13.01;13.05;12.97;12.97;13.01;13.01;13.01;12.97;12.93;12.93;13.05;13.09;13.05;13.01;13.09;13.05;13.05;13.01;13.05;13.09;13.05;13.05;13.01;13.09;13.21;12.85;13.17;13.05;12.97
12.53;12.37;12.49;12.37;12.53;12.49;12.45;12.45;12.57;12.45;12.61;12.49;12.61;12.61;12.33;12.49;12.61;12.65;12.49;12.45;12.49;12.49;12.49;12.49;12.45;12.45;12.45;12.49;12.53;12.53;12.57;12.53;12.61;12.45;12.41;12.57;12.61;12.53;12.53;12.53;12.53;12.57;12.49;12.65;12.53;12.61;12.53;12.69;12.57;12.57;12.65;12.57;12.53;12.57;12.61;12.53;12.61;12.45;12.53;12.53;12.53;12.53;12.49;12.49;12.41;12.57;12.45;12.57;12.49;12.53;12.61;12.57;12.53;12.45;12.29;12.61;12.49;12.49;12.53;12.69;12.65;12.45;12.49;12.53;12.49;12.69;12.61;12.61;12.65;12.53;12.61;12.61;12.57;12.61;12.65;12.69;12.85;12.49;12.61;12.45;12.65;12.53;12.57;12.65;12.65;12.61;12.49;12.53;12.61;12.53;12.65;12.65;12.61;12.57;12.57;12.57;12.61;12.65;12.69;12.69;12.73;12.53;12.69;12.73;12.73;12.45;12.73;12.69;12.65;12.73;12.73;12.53;12.53;12.57;12.65;12.57;12.61;12.61;12.57;12.65;12.73;12.65;12.73;12.77;12.73;12.73;12.73;12.73;12.73;12.73;12.77;12.77;12.89;12.89;12.69;12.69;12.73;12.85;12.81;12.77;12.81;12.73;12.73;12.85;12.93;12.85;12.93;12.93;12.93;12.85;12.85;12.89;12.81;12.73;12.73;12.73;12.81;12.81;12.81;12.77;12.73;12.81;12.69;12.73;12.73;12.69;12.93;12.85;12.81;12.81;12.81;12.89;12.81;12.89;12.81;12.89;12.93;12.89;12.85;12.85;12.89;12.81;12.93;12.85;12.81;12.85;12.93;12.85;12.85;12.85;12.93;12.89;12.97;12.89;12.89;12.97;12.89;12.73;12.85;12.81;12.93;12.77;12.85;12.97;12.89;12.85;12.81;12.77;12.81;12.85;12.85;12.89;12.81;12.85;12.85;12.89;12.81;12.89;12.85;12.89;12.89;12.93;12.97;12.93;12.93;12.93;12.89;12.81;12.89;13.13;12.73;12.85;12.93;12.93;12.93;12.85;12.81;12.81;12.81;12.81;12.93;12.85;12.93;12.73;12.85;12.81;12.85;12.81;12.85;12.73;12.89;12.73;13.05;12.97;12.93;13.01;12.89;13.01;13.01;12.93;12.97;13.05;12.89;13.05;13.01;13.01;12.93;12.97;12.93;13.01;12.93;13.01;13.05;12.93;13.01;13.05;13.09;12.93;12.81;13.01;13.05;13.05;13.05;13.01;12.89;13.01;13.01;12.93;13.01;12.97;13.01;12.93;13.01;13.01;12.93;12.89;12.97;12.93;12.97;13.05;13.05;13.13;13.01;12.89;12.89;12.93;13.01;13.09;13.01;13.05;13.01;13.01;13.01;13.01;13.01;12.93
12.45;12.49;12.41;12.49;12.61;12.45;12.37;12.57;12.45;12.49;12.49;12.61;12.65;12.49;12.41;12.49;12.53;12.49;12.53;12.49;12.49;12.49;12.49;12.49;12.61;12.53;12.37;12.53;12.53;12.53;12.53;12.53;12.45;12.45;12.45;12.45;12.61;12.45;12.65;12.61;12.53;12.49;12.41;12.49;12.61;12.73;12.53;12.65;12.45;12.61;12.57;12.53;12.53;12.53;12.57;12.49;12.61;12.49;12.57;12.49;12.61;12.45;12.41;12.57;12.45;12.57;12.61;12.61;12.65;12.65;12.61;12.49;12.57;12.65;12.65;12.53;12.61;12.77;12.65;12.65;12.53;12.61;12.61;12.53;12.61;12.53;12.53;12.61;12.57;12.45;12.53;12.49;12.57;12.65;12.65;12.69;12.77;12.61;12.53;12.65;12.69;12.65;12.53;12.65;12.65;12.69;12.65;12.61;12.61;12.61;12.73;12.65;12.61;12.53;12.61;12.61;12.61;12.65;12.69;12.69;12.65;12.69;12.81;12.65;12.85;12.53;12.53;12.65;12.69;12.61;12.65;12.61;12.61;12.65;12.65;12.65;12.65;12.61;12.61;12.69;12.69;12.69;12.89;12.65;12.69;12.73;12.73;12.73;12.81;12.65;12.69;12.73;12.85;12.73;12.69;12.77;12.69;12.85;12.85;12.85;12.77;12.73;12.81;12.89;12.85;12.69;12.85;13.01;12.85;12.85;12.85;12.85;12.85;12.81;12.73;12.73;12.81;12.81;12.81;12.81;12.69;12.81;12.81;12.81;12.81;12.81;12.85;12.85;12.77;12.77;12.73;12.85;12.93;12.85;12.89;12.89;13.13;13.01;12.85;12.65;12.89;12.89;12.89;12.89;12.85;12.89;12.93;12.89;12.81;12.89;12.89;13.01;12.93;12.93;13.05;13.01;12.97;12.73;12.85;12.93;12.81;12.89;13.01;12.93;12.93;12.89;12.81;12.77;12.81;12.89;12.81;12.81;12.93;13.01;12.93;12.89;12.85;12.85;12.85;12.89;12.85;12.93;13.05;12.97;12.89;13.01;12.93;12.89;12.89;12.89;12.85;12.89;12.89;12.89;12.97;12.81;12.81;12.85;12.93;13.01;12.89;12.89;12.81;12.81;12.81;12.85;12.89;12.85;12.85;12.85;12.69;12.93;12.85;12.93;12.89;12.89;12.89;12.97;12.93;12.93;13.09;12.93;13.01;13.05;13.09;13.05;13.01;12.93;13.01;12.93;13.01;13.01;12.93;13.01;13.05;13.13;13.01;12.97;13.05;12.93;12.89;13.21;13.01;12.93;13.01;13.05;13.01;12.93;12.93;12.85;12.89;12.97;12.93;13.01;12.85;12.89;12.93;12.97;12.89;13.01;13.01;13.01;13.01;12.93;12.97;13.01;13.21;13.05;13.01;12.89;12.97;12.85;12.93;13.01;12.89;12.85
12.45;12.45;12.45;12.49;12.61;12.49;12.45;12.37;12.57;12.29;12.53;12.53;12.53;12.49;12.45;12.49;12.61;12.45;12.53;12.49;12.53;12.49;12.61;12.61;12.49;12.53;12.45;12.45;12.53;12.53;12.53;12.61;12.37;12.49;12.41;12.53;12.49;12.65;12.53;12.45;12.49;12.53;12.49;12.53;12.77;12.61;12.61;12.61;12.53;12.57;12.65;12.53;12.37;12.49;12.57;12.61;12.81;12.49;12.49;12.53;12.49;12.49;12.45;12.41;12.37;12.61;12.65;12.61;12.65;12.61;12.61;12.53;12.53;12.65;12.61;12.65;12.65;12.61;12.61;12.61;12.53;12.45;12.57;12.45;12.53;12.49;12.45;12.61;12.49;12.65;12.49;12.53;12.61;12.61;12.65;12.69;12.81;12.69;12.65;12.65;12.61;12.61;12.45;12.49;12.57;12.53;12.61;12.57;12.73;12.53;12.49;12.61;12.49;12.57;12.69;12.61;12.65;12.69;12.65;12.69;12.49;12.65;12.61;12.61;12.53;12.65;12.45;12.69;12.53;12.65;12.69;12.81;12.65;12.65;12.53;12.57;12.69;12.53;12.65;12.65;12.69;12.65;12.53;12.65;12.69;12.61;12.61;12.73;12.53;12.69;12.65;12.77;12.73;12.73;12.73;12.69;12.69;12.85;12.81;12.81;12.77;12.73;12.85;12.89;12.81;12.77;12.73;12.81;12.85;12.81;12.85;12.85;12.89;12.89;12.73;12.77;12.81;12.93;12.85;12.77;12.81;12.85;12.81;12.81;12.85;12.77;12.81;12.85;12.85;12.73;12.69;12.81;12.81;12.81;12.89;12.85;12.89;13.01;13.01;12.89;12.85;12.85;12.85;12.77;12.97;12.81;12.85;12.85;12.89;12.85;12.89;12.93;12.89;12.93;12.85;12.93;12.85;12.81;12.89;12.81;12.93;12.93;12.85;12.81;12.93;12.89;12.89;12.93;12.93;12.81;12.73;12.89;12.89;12.73;12.89;12.81;12.81;12.89;12.89;12.77;12.89;12.93;12.97;12.97;12.93;12.61;12.81;12.81;12.89;12.89;12.89;12.89;12.89;12.89;12.85;13.01;12.81;12.93;12.93;12.93;12.97;12.85;12.77;12.81;12.65;12.85;12.89;12.85;12.81;12.85;12.81;12.85;12.89;12.85;12.81;12.89;12.85;12.89;12.81;13.05;13.01;12.97;12.85;12.89;12.89;12.89;12.93;13.01;12.93;13.01;12.93;12.97;12.89;13.01;13.01;13.01;13.01;13.01;13.01;13.05;13.05;13.05;12.89;12.97;13.05;13.01;13.05;13.01;12.93;13.01;13.01;13.01;13.05;12.89;12.89;12.89;12.93;13.01;12.93;12.93;13.05;13.01;13.05;13.05;13.01;13.05;13.05;13.09;13.01;13.01;12.93;12.97;12.89;12.97;12.97;12.89
12.49;12.49;12.49;12.45;12.53;12.57;12.45;12.49;12.41;12.53;12.49;12.53;12.49;12.49;12.45;12.45;12.45;12.53;12.49;12.49;12.33;12.53;12.53;12.61;12.53;12.49;12.53;12.49;12.49;12.53;12.53;12.53;12.49;12.45;12.45;12.53;12.53;12.53;12.53;12.53;12.53;12.49;12.49;12.45;12.49;12.53;12.65;12.61;12.53;12.57;12.53;12.57;12.53;12.65;12.45;12.61;12.61;12.53;12.49;12.53;12.53;12.53;12.49;12.37;12.61;12.53;12.57;12.61;12.61;12.61;12.61;12.61;12.53;12.61;12.65;12.65;12.61;12.65;12.49;12.53;12.53;12.45;12.49;12.49;12.57;12.53;12.49;12.61;12.49;12.49;12.49;12.57;12.57;12.57;12.65;12.69;12.73;12.53;12.69;12.57;12.45;12.53;12.61;12.61;12.69;12.61;12.57;12.61;12.57;12.69;12.49;12.61;12.73;12.57;12.57;12.61;12.57;12.61;12.73;12.61;12.85;12.77;12.61;12.61;12.65;12.89;12.73;12.61;12.65;12.69;12.69;12.73;12.69;12.53;12.57;12.61;12.69;12.65;12.65;12.69;12.65;12.65;12.61;12.65;12.53;12.61;12.69;12.57;12.81;12.57;12.69;12.77;12.81;12.73;12.73;12.73;12.65;12.81;12.73;12.73;12.73;12.73;12.69;12.81;12.77;12.73;12.77;12.73;12.81;12.81;12.85;12.81;12.85;12.81;12.73;12.73;12.81;12.93;12.81;12.81;12.85;12.73;12.81;12.81;12.85;12.85;12.89;12.89;12.81;12.77;12.85;12.81;12.77;12.85;12.81;12.81;12.85;12.85;12.85;12.77;12.89;12.85;12.81;12.69;12.93;12.89;12.85;12.85;12.85;12.85;12.97;12.89;13.01;13.01;13.01;12.93;12.89;12.89;12.81;12.81;12.81;12.85;12.85;12.81;12.85;12.89;12.89;12.89;12.93;12.85;12.93;12.93;12.85;12.97;12.81;12.93;12.89;12.85;12.89;12.85;12.85;12.93;12.93;12.89;13.01;12.85;12.85;12.93;12.73;12.89;12.89;12.85;12.89;12.93;12.85;12.85;12.81;12.85;12.85;12.93;12.89;12.93;12.85;12.81;12.85;12.89;12.85;12.69;12.81;12.73;12.89;12.89;12.89;12.89;12.89;12.89;12.85;12.81;12.77;12.85;12.93;13.01;12.81;12.89;12.89;12.93;12.93;12.93;13.01;12.97;13.01;13.01;13.01;12.81;12.97;12.97;12.97;13.01;13.05;13.05;13.09;13.01;13.01;12.85;12.97;12.97;13.05;13.05;13.05;13.05;12.97;13.05;13.09;13.01;12.89;12.93;12.77;13.01;12.85;12.97;13.05;12.93;13.05;13.05;13.01;13.01;13.01;12.97;13.01;13.01;13.01;12.97;12.93;12.89;13.09;13.13
12.49;12.49;12.57;12.45;12.45;12.45;12.49;12.53;12.45;12.37;12.49;12.49;12.49;12.49;12.37;12.45;12.45;12.45;12.57;12.49;12.49;12.45;12.53;12.65;12.53;12.49;12.49;12.53;12.53;12.49;12.53;12.53;12.65;12.49;12.57;12.61;12.53;12.57;12.61;12.61;12.49;12.53;12.49;12.37;12.65;12.57;12.61;12.57;12.61;12.37;12.53;12.57;12.49;12.61;12.45;12.53;12.57;12.49;12.53;12.53;12.53;12.53;12.53;12.53;12.49;12.49;12.53;12.61;12.49;12.61;12.61;12.61;12.57;12.61;12.49;12.65;12.57;12.69;12.61;12.57;12.57;12.49;12.53;12.57;12.53;12.61;12.45;12.57;12.61;12.57;12.45;12.53;12.53;12.53;12.69;12.69;12.69;12.73;12.53;12.61;12.33;12.61;12.65;12.57;12.57;12.57;12.49;12.61;12.61;12.57;12.61;12.57;12.61;12.61;12.49;12.57;12.57;12.57;12.65;12.69;12.69;12.53;12.65;12.61;12.73;12.69;12.61;12.65;12.65;12.69;12.69;12.69;12.65;12.57;12.61;12.61;12.69;12.69;12.65;12.69;12.69;12.57;12.65;12.65;12.65;12.69;12.49;12.57;12.73;12.61;12.69;12.65;12.73;12.77;12.81;12.69;12.61;12.73;12.73;12.73;12.73;12.65;12.81;12.77;12.77;12.73;12.73;12.77;12.81;12.73;12.81;12.73;12.81;12.77;12.69;12.77;12.73;12.65;12.85;12.77;12.85;12.81;12.85;12.73;12.85;12.85;12.89;12.85;12.85;12.85;12.85;12.81;12.69;12.81;12.85;12.77;12.81;12.81;12.81;12.81;12.89;12.77;12.81;12.85;12.93;12.89;12.85;12.85;12.85;12.85;12.81;12.93;12.97;12.85;13.05;12.89;12.85;12.89;12.85;12.81;12.81;12.73;12.85;12.85;12.81;12.85;12.89;12.89;12.85;12.89;12.73;12.85;12.93;12.89;12.93;12.93;12.85;12.85;12.85;12.89;12.93;12.85;12.89;13.01;12.93;13.09;12.85;12.93;12.85;12.89;12.89;12.89;13.01;12.85;12.89;12.93;12.89;12.81;12.85;12.77;12.85;12.89;12.77;12.97;12.93;12.81;12.85;12.81;12.85;12.81;12.85;12.93;12.89;12.89;13.05;12.89;12.89;12.77;12.85;13.05;12.89;12.85;12.93;12.89;12.73;12.89;12.97;12.93;13.01;13.01;12.97;13.01;13.05;12.77;12.93;12.97;12.93;12.93;13.05;13.05;13.05;13.01;12.89;12.89;13.01;12.97;13.01;13.01;13.01;13.01;13.05;13.01;12.97;12.93;12.89;12.81;12.97;12.89;13.01;13.01;12.93;12.93;12.89;13.01;12.97;13.05;12.81;12.93;13.05;12.93;12.93;13.01;12.97;12.97;13.05;13.09
12.45;12.49;12.49;12.49;12.45;12.37;12.45;12.45;12.49;12.45;12.49;12.49;12.53;12.65;12.49;12.45;12.53;12.53;12.49;12.49;12.49;12.49;12.49;12.45;12.53;12.49;12.77;12.49;12.53;12.53;12.53;12.53;12.53;12.49;12.57;12.61;12.61;12.53;12.61;12.53;12.49;12.61;12.41;12.65;12.77;12.57;12.65;12.57;12.57;12.45;12.53;12.45;12.49;12.57;12.57;12.53;12.69;12.45;12.49;12.61;12.65;12.49;12.53;12.45;12.57;12.53;12.53;12.53;12.53;12.49;12.41;12.49;12.49;12.53;12.57;12.53;12.57;12.65;12.61;12.69;12.57;12.53;12.57;12.69;12.57;12.73;12.53;12.49;12.53;12.49;12.53;12.45;12.57;12.53;12.57;12.65;12.69;12.65;12.61;12.53;12.45;12.53;12.49;12.53;12.53;12.53;12.45;12.45;12.49;12.61;12.69;12.57;12.57;12.61;12.57;12.65;12.61;12.65;12.61;12.61;12.73;12.65;12.81;12.69;12.73;12.69;12.65;12.61;12.45;12.49;12.49;12.57;12.61;12.61;12.61;12.65;12.69;12.65;12.49;12.65;12.61;12.61;12.65;12.61;12.65;12.69;12.65;12.77;12.65;12.69;12.65;12.69;12.77;12.69;12.57;12.69;12.65;12.73;12.65;12.69;12.73;12.73;12.73;12.89;12.65;12.77;12.77;12.89;12.73;12.73;12.73;12.73;12.73;12.73;12.73;12.73;12.73;12.73;12.77;12.77;12.97;12.73;12.89;12.77;12.69;12.81;12.85;12.93;12.85;12.81;13.05;12.85;12.89;12.81;12.85;13.09;12.69;12.81;12.81;12.69;12.89;12.89;12.81;12.81;12.89;12.89;12.81;12.81;12.85;12.73;12.85;12.89;12.89;12.93;12.97;13.05;12.89;12.89;12.85;12.81;12.77;12.69;12.73;12.81;12.89;12.81;12.89;12.85;12.85;12.81;12.73;12.81;12.85;12.89;12.89;13.05;12.89;12.81;12.89;12.93;12.81;12.85;12.93;12.97;13.01;12.89;12.81;13.05;12.89;12.89;12.89;12.81;12.89;12.85;12.85;13.05;12.89;12.85;12.89;12.69;12.85;12.81;12.77;12.93;12.89;12.81;12.73;12.81;12.85;12.81;12.89;12.93;12.93;12.81;12.81;12.77;13.05;12.85;12.85;12.81;12.77;12.89;12.89;12.81;13.13;12.97;12.93;13.01;12.93;12.93;12.93;12.93;13.01;12.69;12.97;12.97;13.09;12.93;13.01;13.05;13.01;13.01;12.93;13.05;13.05;12.93;13.01;12.97;12.97;13.09;13.05;12.93;13.05;13.01;12.97;12.89;12.89;12.93;12.89;12.89;12.93;13.01;12.97;13.01;13.05;13.13;12.93;13.01;12.89;12.93;12.85;12.97;12.97;13.05;13.09;13.01
12.49;12.49;12.45;12.53;12.49;12.45;12.45;12.45;12.45;12.45;12.45;12.61;12.49;12.57;12.53;12.53;12.53;12.49;12.49;12.49;12.49;12.61;12.45;12.69;12.53;12.49;12.33;12.49;12.53;12.53;12.49;12.49;12.33;12.49;12.53;12.61;12.61;12.53;12.45;12.53;12.65;12.49;12.45;12.49;12.65;12.53;12.61;12.69;12.53;12.45;12.49;12.49;12.49;12.57;12.61;12.61;12.53;12.45;12.53;12.41;12.49;12.45;12.57;12.57;12.53;12.57;12.53;12.53;12.49;12.53;12.61;12.57;12.49;12.53;12.53;12.65;12.45;12.61;12.57;12.57;12.57;12.49;12.49;12.77;12.53;12.49;12.41;12.49;12.49;12.57;12.41;12.57;12.53;12.49;12.53;12.65;12.65;12.73;12.61;12.53;12.57;12.57;12.53;12.57;12.57;12.57;12.49;12.49;12.45;12.61;12.61;12.57;12.57;12.53;12.61;12.61;12.69;12.69;12.57;12.61;12.65;12.69;12.81;12.69;12.69;12.65;12.65;12.45;12.49;12.49;12.45;12.53;12.45;12.53;12.53;12.53;12.61;12.57;12.65;12.57;12.65;12.61;12.77;12.65;12.69;12.65;12.65;12.61;12.53;12.65;12.61;12.69;12.53;12.65;12.57;12.73;12.73;12.77;12.69;12.69;12.65;12.69;12.69;12.73;12.69;12.65;12.81;12.93;12.73;12.73;12.73;12.69;12.73;12.73;12.73;12.65;12.73;12.65;12.61;12.69;12.77;12.61;12.81;12.69;12.69;12.73;12.77;12.81;12.85;12.81;12.89;12.85;12.85;12.69;12.77;12.73;12.77;12.77;12.77;12.85;12.89;12.85;12.81;12.81;12.73;12.81;12.85;12.85;12.85;12.85;12.89;12.89;12.93;12.89;12.89;12.85;12.85;12.85;12.85;12.81;12.85;12.81;12.73;12.81;12.81;12.89;12.93;12.81;12.69;12.81;12.81;12.81;12.89;12.89;12.85;12.85;12.81;12.77;12.97;12.85;12.73;12.89;12.77;12.89;12.85;12.89;12.81;12.89;12.89;12.93;13.05;12.85;12.85;12.85;12.81;12.89;12.73;12.85;12.89;12.85;12.89;12.93;12.85;12.85;12.85;12.81;12.77;12.85;12.93;12.81;12.65;12.89;12.81;12.69;12.89;12.73;12.85;12.85;12.81;12.73;12.85;12.89;12.93;12.93;12.93;12.85;12.69;12.97;12.89;12.81;12.89;12.89;13.01;12.89;13.01;12.97;12.93;12.89;12.89;12.89;12.93;12.89;12.89;13.01;12.89;12.93;12.97;12.97;13.01;13.01;13.01;13.01;13.09;12.97;12.81;12.85;12.89;12.89;12.89;12.93;12.85;13.01;13.01;12.97;12.93;13.01;13.01;13.05;13.05;13.01;13.01;12.93;12.93;13.05;12.97;12.97
12.37;12.49;12.53;12.49;12.53;12.45;12.45;12.41;12.33;12.41;12.41;12.49;12.37;12.49;12.49;12.61;12.61;12.49;12.49;12.53;12.49;12.49;12.53;12.65;12.61;12.45;12.53;12.53;12.53;12.53;12.53;12.53;12.53;12.57;12.49;12.53;12.57;12.37;12.37;12.33;12.69;12.53;12.45;12.53;12.53;12.45;12.53;12.61;12.49;12.45;12.53;12.37;12.49;12.49;12.45;12.41;12.49;12.57;12.61;12.45;12.45;12.49;12.53;12.53;12.61;12.45;12.53;12.49;12.45;12.49;12.49;12.49;12.49;12.49;12.49;12.53;12.45;12.45;12.53;12.57;12.57;12.57;12.57;12.41;12.49;12.53;12.53;12.61;12.61;12.61;12.49;12.45;12.49;12.49;12.65;12.61;12.53;12.65;12.61;12.61;12.53;12.61;12.53;12.57;12.61;12.57;12.53;12.65;12.53;12.57;12.53;12.53;12.49;12.61;12.53;12.65;12.69;12.73;12.57;12.57;12.57;12.65;12.69;12.69;12.73;12.69;12.69;12.61;12.61;12.45;12.57;12.61;12.45;12.57;12.61;12.45;12.53;12.65;12.61;12.73;12.73;12.53;12.73;12.69;12.45;12.73;12.65;12.65;12.61;12.65;12.65;12.61;12.65;12.61;12.61;12.45;12.73;12.73;12.69;12.61;12.69;12.65;12.65;12.69;12.65;12.69;12.73;12.69;12.89;12.73;12.73;12.65;12.73;12.73;12.73;12.73;12.73;12.73;12.69;12.65;12.65;12.69;12.77;12.73;12.69;12.73;12.69;12.81;12.81;12.81;12.65;12.73;12.73;12.73;12.73;12.73;12.77;12.73;12.81;12.69;12.81;12.85;12.85;12.81;12.81;12.77;12.73;12.89;12.81;12.97;12.89;12.97;12.89;12.81;12.89;13.01;12.85;12.81;12.81;12.81;12.85;12.85;12.81;12.73;12.77;12.85;12.85;12.69;12.85;12.69;12.81;12.85;12.89;12.85;12.81;12.85;12.89;12.81;12.77;12.81;12.85;12.93;12.85;12.85;12.85;12.81;12.69;12.93;12.93;12.89;12.89;12.97;12.93;12.89;12.89;12.89;12.73;12.81;12.97;12.89;12.85;12.73;12.81;12.85;12.97;12.89;12.85;12.89;12.81;12.81;12.73;12.81;12.81;12.65;12.69;12.85;12.89;12.85;12.81;12.73;12.77;12.81;12.89;12.73;12.93;12.81;12.89;12.93;12.89;12.85;12.93;12.85;12.93;12.93;12.89;13.05;13.01;12.93;12.89;12.85;12.89;12.89;12.89;12.89;13.09;12.85;12.97;12.85;12.93;13.05;12.97;13.01;12.77;12.97;12.89;12.85;12.85;12.89;12.89;12.93;12.89;12.93;13.09;12.89;12.97;12.93;12.93;13.05;13.01;13.13;13.01;12.93;12.89;12.89;12.89;12.93
12.49;12.53;12.53;12.53;12.53;12.49;12.41;12.57;12.45;12.45;12.45;12.45;12.49;12.49;12.53;12.73;12.61;12.57;12.49;12.49;12.49;12.49;12.49;12.49;12.61;12.37;12.41;12.45;12.61;12.61;12.49;12.57;12.61;12.37;12.61;12.61;12.53;12.45;12.53;12.49;12.49;12.65;12.53;12.61;12.45;12.65;12.73;12.61;12.37;12.45;12.49;12.45;12.53;12.29;12.41;12.45;12.53;12.49;12.65;12.49;12.33;12.45;12.49;12.53;12.53;12.61;12.57;12.53;12.45;12.49;12.49;12.53;12.49;12.61;12.53;12.61;12.57;12.61;12.61;12.53;12.65;12.57;12.49;12.53;12.45;12.53;12.57;12.61;12.61;12.69;12.65;12.45;12.37;12.45;12.61;12.61;12.53;12.49;12.53;12.57;12.53;12.69;12.53;12.57;12.61;12.61;12.53;12.53;12.53;12.61;12.65;12.49;12.53;12.61;12.73;12.57;12.65;12.65;12.69;12.49;12.61;12.61;12.69;12.69;12.69;12.69;12.65;12.61;12.65;12.61;12.61;12.69;12.57;12.65;12.45;12.65;12.57;12.45;12.61;12.61;12.69;12.61;12.65;12.49;12.61;12.61;12.65;12.61;12.77;12.61;12.61;12.65;12.69;12.69;12.49;12.53;12.57;12.69;12.73;12.69;12.65;12.61;12.69;12.65;12.69;12.61;12.69;12.65;12.45;12.73;12.69;12.69;12.69;12.73;12.73;12.73;12.69;12.73;12.73;12.73;12.81;12.69;12.69;12.73;12.73;12.73;12.69;12.81;12.81;12.85;12.73;12.69;12.77;12.73;12.77;12.77;12.81;12.61;12.69;12.69;12.89;12.77;12.93;12.77;12.81;12.61;12.85;12.73;12.81;12.77;12.89;12.93;12.85;12.85;12.89;12.89;12.85;12.73;12.77;12.81;12.81;12.81;12.81;12.77;12.65;12.81;12.73;12.81;12.81;12.77;12.81;12.89;12.89;12.81;12.81;12.77;12.81;12.69;12.61;12.73;12.85;12.85;12.81;12.73;12.85;12.81;12.81;12.85;12.89;12.85;12.81;12.89;13.05;13.01;12.89;12.81;12.89;12.85;12.85;12.89;12.85;12.85;12.73;12.85;12.85;12.93;12.81;12.73;12.69;12.69;12.69;12.77;12.69;12.85;12.85;12.85;12.85;12.85;12.81;12.73;12.81;12.85;12.89;12.93;13.01;12.89;12.93;12.89;12.93;12.93;12.73;13.05;12.89;12.85;13.01;13.01;13.09;12.93;12.97;12.93;12.89;12.89;12.89;12.89;12.89;12.81;12.85;13.01;12.85;12.93;12.93;12.97;12.93;12.97;12.93;12.93;12.93;12.85;13.05;12.93;12.77;12.97;12.97;13.05;13.09;13.05;12.81;12.93;13.01;12.97;12.81;12.93;12.93;12.89;12.85;12.89
12.53;12.49;12.53;12.53;12.49;12.45;12.45;12.45;12.49;12.49;12.49;12.49;12.49;12.49;12.53;12.45;12.65;12.49;12.49;12.49;12.49;12.49;12.45;12.45;12.45;12.53;12.49;12.49;12.61;12.65;12.49;12.53;12.53;12.53;12.53;12.53;12.53;12.69;12.61;12.65;12.61;12.61;12.53;12.61;12.65;12.33;12.61;12.65;12.57;12.49;12.45;12.53;12.45;12.37;12.37;12.61;12.41;12.49;12.57;12.49;12.53;12.49;12.53;12.53;12.49;12.49;12.57;12.49;12.45;12.49;12.61;12.57;12.49;12.37;12.45;12.61;12.61;12.61;12.69;12.53;12.53;12.53;12.49;12.53;12.49;12.61;12.57;12.53;12.53;12.57;12.57;12.53;12.61;12.49;12.57;12.49;12.69;12.57;12.53;12.53;12.53;12.57;12.53;12.61;12.61;12.57;12.49;12.49;12.57;12.69;12.49;12.61;12.53;12.57;12.61;12.61;12.61;12.73;12.65;12.61;12.61;12.61;12.61;12.69;12.69;12.73;12.61;12.61;12.45;12.61;12.61;12.61;12.57;12.65;12.61;12.49;12.61;12.29;12.61;12.69;12.61;12.57;12.65;12.69;12.61;12.81;12.61;12.61;12.61;12.61;12.65;12.65;12.69;12.69;12.65;12.57;12.65;12.81;12.69;12.69;12.73;12.73;12.73;12.69;12.69;12.69;12.69;12.69;12.65;12.65;12.69;12.65;12.81;12.69;12.65;12.69;12.73;12.69;12.73;12.61;12.69;12.69;12.73;12.73;12.73;12.69;12.85;12.81;12.85;12.85;12.77;12.73;12.77;12.69;12.73;12.85;12.85;12.73;12.81;12.73;12.77;12.81;12.77;12.73;12.77;12.77;12.73;12.81;12.85;12.73;12.93;12.93;12.89;12.77;12.85;12.85;12.73;12.73;12.81;12.81;12.65;12.81;12.73;12.69;12.73;12.73;12.81;12.81;12.77;12.81;12.89;12.89;12.89;12.81;12.77;12.77;12.81;12.73;12.81;12.73;12.89;12.85;12.69;12.69;12.85;12.89;12.81;12.81;12.85;12.81;12.85;12.85;13.01;12.89;12.89;12.81;12.89;12.89;12.89;12.85;12.85;12.89;12.85;12.69;12.85;12.85;13.01;12.85;12.89;12.69;12.61;12.77;12.73;12.81;12.85;12.85;12.81;12.81;12.85;12.89;12.77;12.81;12.81;12.85;12.89;13.05;12.89;12.89;12.89;12.85;12.85;12.89;12.89;12.97;12.89;13.01;12.89;12.93;12.93;13.01;12.93;12.89;12.97;12.89;12.89;12.85;12.89;12.89;12.93;12.93;12.93;12.97;12.93;12.93;13.01;12.93;12.85;12.97;13.05;12.97;13.01;12.93;12.89;13.05;13.05;13.01;13.05;13.01;13.05;13.01;12.93;12.89;12.89;12.89;12.89;12.89
12.41;12.53;12.61;12.53;12.45;12.41;12.45;12.49;12.49;12.49;12.49;12.49;12.49;12.49;12.37;12.45;12.49;12.49;12.49;12.49;12.49;12.49;12.37;12.45;12.37;12.53;12.45;12.49;12.57;12.49;12.41;12.49;12.49;12.53;12.49;12.57;12.85;12.45;12.61;12.53;12.49;12.53;12.49;12.53;12.49;12.57;12.65;12.69;12.53;12.41;12.41;12.57;12.49;12.45;12.53;12.53;12.49;12.49;12.57;12.53;12.57;12.53;12.53;12.45;12.49;12.49;12.45;12.25;12.45;12.53;12.53;12.53;12.33;12.45;12.53;12.61;12.61;12.57;12.45;12.53;12.33;12.49;12.49;12.49;12.49;12.49;12.49;12.37;12.49;12.61;12.61;12.53;12.53;12.53;12.65;12.57;12.65;12.45;12.37;12.53;12.53;12.49;12.53;12.53;12.57;12.49;12.49;12.49;12.49;12.57;12.65;12.53;12.53;12.53;12.57;12.53;12.53;12.65;12.57;12.61;12.61;12.61;12.65;12.57;12.61;12.53;12.49;12.49;12.49;12.53;12.61;12.65;12.53;12.53;12.33;12.53;12.65;12.53;12.53;12.61;12.57;12.49;12.61;12.57;12.53;12.65;12.65;12.57;12.57;12.69;12.61;12.57;12.49;12.61;12.61;12.61;12.61;12.61;12.69;12.69;12.65;12.73;12.69;12.73;12.69;12.69;12.69;12.85;12.65;12.65;12.61;12.65;12.65;12.61;12.61;12.69;12.73;12.77;12.77;12.69;12.61;12.69;12.69;12.65;12.65;12.73;12.69;12.77;12.73;12.73;12.73;12.77;12.73;12.73;12.73;12.69;12.69;12.73;12.77;12.77;12.81;12.77;12.77;12.77;12.81;12.77;12.77;12.81;12.69;12.85;12.73;12.85;12.81;12.89;12.81;12.73;12.73;12.65;12.73;12.73;12.65;12.61;12.65;12.65;12.69;12.69;12.81;12.77;12.81;12.81;12.81;12.85;12.81;12.49;12.69;12.85;12.77;12.77;12.81;12.85;12.81;12.69;12.81;12.85;12.77;12.81;12.81;12.85;12.81;12.85;12.77;12.85;12.89;12.85;12.85;12.85;12.73;12.93;12.85;13.01;12.73;12.73;12.77;12.81;12.73;12.89;12.97;12.97;12.85;12.81;12.69;12.77;12.81;12.81;12.97;12.73;12.77;12.81;12.81;12.85;12.77;12.73;12.69;12.85;12.89;12.89;12.69;12.81;12.85;12.85;12.77;12.81;12.81;12.89;12.93;12.93;12.85;12.89;12.89;12.89;12.89;12.77;12.93;12.97;12.89;12.89;12.93;12.93;12.89;12.89;12.89;12.93;12.85;12.89;12.85;12.77;12.85;12.85;12.93;12.93;12.89;12.89;12.85;12.89;13.09;13.01;12.97;12.93;12.89;12.93;12.89;12.89;12.85;12.81;12.85;12.89
12.49;12.49;12.45;12.53;12.45;12.33;12.41;12.49;12.41;12.41;12.33;12.45;12.45;12.45;12.41;12.49;12.61;12.49;12.53;12.45;12.49;12.33;12.37;12.45;12.53;12.49;12.45;12.49;12.37;12.65;12.49;12.49;12.45;12.45;12.49;12.53;12.57;12.53;12.45;12.53;12.45;12.37;12.45;12.45;12.53;12.53;12.49;12.49;12.45;12.21;12.53;12.37;12.29;12.49;12.49;12.49;12.49;12.49;12.69;12.57;12.49;12.49;12.49;12.37;12.49;12.49;12.49;12.41;12.37;12.45;12.33;12.37;12.49;12.45;12.53;12.53;12.45;12.57;12.53;12.49;12.61;12.53;12.49;12.49;12.49;12.49;12.49;12.33;12.53;12.65;12.57;12.53;12.53;12.49;12.61;12.53;12.61;12.61;12.53;12.57;12.61;12.53;12.45;12.49;12.49;12.45;12.61;12.65;12.57;12.69;12.61;12.57;12.61;12.57;12.61;12.49;12.53;12.57;12.61;12.61;12.53;12.61;12.57;12.45;12.45;12.61;12.45;12.49;12.53;12.61;12.53;12.65;12.57;12.61;12.53;12.57;12.53;12.53;12.53;12.53;12.49;12.61;12.57;12.61;12.61;12.81;12.65;12.61;12.53;12.45;12.61;12.61;12.65;12.61;12.61;12.57;12.49;12.69;12.69;12.61;12.65;12.61;12.53;12.69;12.73;12.81;12.61;12.65;12.69;12.65;12.69;12.53;12.65;12.53;12.65;12.89;12.73;12.73;12.85;12.61;12.61;12.69;12.73;12.81;12.81;12.65;12.65;12.73;12.69;12.65;12.73;12.85;12.69;12.77;12.85;12.73;12.73;12.69;12.77;12.89;12.77;12.69;12.81;12.81;12.77;12.81;12.81;12.85;12.81;12.65;12.69;12.81;12.85;12.81;12.81;12.77;12.77;12.69;12.73;12.77;12.81;12.77;12.65;12.69;12.69;12.65;12.81;12.89;12.81;12.73;12.89;12.81;12.81;12.81;12.81;12.81;12.89;12.93;12.89;12.81;12.85;12.81;12.81;12.89;12.81;12.81;12.73;12.81;12.81;12.81;12.85;12.85;12.85;12.93;12.89;12.85;12.89;12.85;12.77;12.93;12.77;12.85;12.81;12.77;12.73;12.81;12.85;12.73;12.69;12.73;12.77;12.73;12.81;12.89;12.93;12.81;12.81;12.81;12.85;12.69;12.65;12.77;12.77;12.81;12.93;12.81;12.81;12.81;12.81;12.81;12.81;12.77;12.81;12.85;12.93;12.85;12.93;12.81;12.89;12.89;12.89;12.85;12.81;12.81;12.89;12.89;12.93;12.93;13.01;12.93;12.89;12.93;12.85;12.85;12.81;12.81;12.73;12.89;12.89;12.85;12.69;13.05;12.85;12.89;13.01;12.89;12.93;12.89;12.65;12.97;12.93;12.93;12.97;12.93;12.93;12.81
12.49;12.49;12.41;12.21;12.41;12.49;12.37;12.37;12.57;12.45;12.61;12.45;12.49;12.41;12.49;12.45;12.49;12.49;12.49;12.45;12.45;12.45;12.37;12.53;12.45;12.49;12.49;12.37;12.37;12.45;12.49;12.53;12.37;12.61;12.41;12.45;12.49;12.37;12.57;12.45;12.45;12.45;12.45;12.49;12.53;12.45;12.49;12.53;12.49;12.45;12.61;12.61;12.49;12.53;12.49;12.49;12.57;12.25;12.49;12.53;12.53;12.41;12.49;12.45;12.37;12.45;12.61;12.45;12.45;12.41;12.33;12.41;12.37;12.61;12.49;12.49;12.53;12.41;12.49;12.53;12.53;12.61;12.49;12.41;12.49;12.49;12.49;12.49;12.53;12.53;12.61;12.49;12.49;12.49;12.53;12.57;12.53;12.53;12.65;12.53;12.65;12.53;12.49;12.49;12.49;12.49;12.57;12.69;12.57;12.65;12.61;12.53;12.65;12.61;12.61;12.57;12.57;12.65;12.53;12.57;12.49;12.53;12.57;12.49;12.69;12.37;12.45;12.49;12.53;12.49;12.45;12.57;12.57;12.53;12.49;12.53;12.53;12.53;12.49;12.57;12.61;12.57;12.53;12.49;12.53;12.61;12.57;12.73;12.45;12.49;12.53;12.61;12.61;12.61;12.61;12.73;12.53;12.61;12.69;12.65;12.61;12.65;12.61;12.65;12.61;12.69;12.65;12.73;12.69;12.61;12.61;12.65;12.61;12.61;12.65;12.73;12.73;12.73;12.49;12.57;12.57;12.65;12.69;12.69;12.69;12.53;12.69;12.69;12.89;12.77;12.69;12.65;12.77;12.65;12.73;12.89;12.73;12.65;12.77;12.73;12.81;12.77;12.81;12.85;12.81;12.73;12.77;12.73;12.81;12.85;12.81;12.81;12.73;12.77;12.73;12.73;12.73;12.69;12.73;12.73;12.73;12.65;12.89;12.73;12.73;12.69;12.77;12.81;12.81;12.93;12.69;12.73;12.81;12.89;12.85;12.85;13.01;13.01;12.81;12.85;12.69;12.81;12.93;12.81;12.97;12.81;12.77;12.81;12.65;12.81;12.73;12.89;12.89;12.85;12.81;12.85;12.85;12.81;12.85;12.85;12.73;12.81;12.81;12.77;12.77;12.77;12.69;12.85;12.73;12.73;12.69;12.61;12.61;12.93;12.85;12.81;12.81;12.81;12.73;12.89;12.73;12.73;12.77;12.81;12.85;12.81;12.81;12.77;12.73;12.81;12.81;12.81;12.81;12.93;12.85;12.97;13.01;12.85;12.81;12.89;12.85;12.85;12.81;12.81;12.73;12.85;12.89;12.89;12.93;12.93;12.89;12.89;12.85;12.89;12.85;12.89;12.85;12.85;12.89;12.89;12.85;12.93;12.97;12.93;12.81;12.85;13.01;12.93;13.01;13.09;12.93;12.93;12.93;12.89;12.97;12.97
12.49;12.49;12.45;12.41;12.41;12.41;12.21;12.37;12.37;12.49;12.49;12.53;12.49;12.45;12.29;12.49;12.49;12.49;12.49;12.41;12.45;12.41;12.45;12.49;12.49;12.69;12.45;12.37;12.29;12.49;12.49;12.41;12.49;12.41;12.41;12.37;12.45;12.57;12.41;12.61;12.45;12.49;12.45;12.45;12.49;12.45;12.49;12.53;12.49;12.49;12.45;12.41;12.49;12.57;12.49;12.45;12.49;12.45;12.53;12.53;12.49;12.37;12.41;12.33;12.49;12.49;12.61;12.53;12.45;12.45;12.45;12.57;12.45;12.53;12.53;12.57;12.53;12.49;12.37;12.49;12.61;12.49;12.53;12.45;12.45;12.45;12.45;12.45;12.41;12.49;12.53;12.53;12.45;12.33;12.53;12.45;12.49;12.49;12.57;12.53;12.49;12.53;12.53;12.57;12.57;12.53;12.21;12.49;12.37;12.61;12.61;12.49;12.61;12.61;12.61;12.65;12.69;12.61;12.61;12.61;12.57;12.49;12.61;12.65;12.61;12.61;12.53;12.53;12.41;12.53;12.45;12.65;12.65;12.53;12.45;12.53;12.57;12.53;12.53;12.61;12.57;12.61;12.61;12.61;12.57;12.65;12.57;12.25;12.49;12.49;12.61;12.65;12.61;12.57;12.61;12.53;12.25;12.61;12.65;12.53;12.69;12.65;12.69;12.73;12.65;12.61;12.73;12.65;12.73;12.69;12.61;12.65;12.57;12.57;12.65;12.73;12.65;12.57;12.69;12.53;12.65;12.61;12.69;12.65;12.65;12.65;12.57;12.73;12.73;12.81;12.61;12.65;12.69;12.81;12.73;12.77;12.65;12.69;12.73;12.81;12.81;12.77;12.81;12.81;12.81;12.81;12.81;12.81;12.73;12.57;12.61;12.81;12.65;12.73;12.73;12.69;12.65;12.73;12.77;12.73;12.73;12.65;12.81;12.85;12.69;12.65;12.53;12.73;12.77;12.69;12.65;12.81;12.85;12.85;12.97;12.89;12.85;12.85;12.85;12.81;12.73;12.85;13.01;12.77;12.89;12.85;12.73;12.89;12.81;12.69;12.73;12.89;12.85;12.81;12.85;12.81;12.85;12.89;12.77;12.81;12.81;12.81;12.81;12.73;12.81;12.69;12.73;12.61;12.73;12.69;12.77;12.73;12.61;12.85;12.89;12.77;12.77;12.69;12.81;12.85;12.73;12.81;12.81;12.81;12.77;12.65;12.77;12.77;12.81;12.81;12.69;12.85;12.77;12.85;12.89;12.89;12.89;12.73;12.85;12.89;12.81;12.81;12.85;12.85;12.85;12.85;12.89;12.89;12.85;12.89;12.81;12.85;12.85;12.93;12.89;12.85;12.93;12.93;12.65;12.81;12.81;12.93;12.93;12.89;12.89;12.93;12.85;12.93;13.01;12.97;12.93;13.01;12.93;12.85;12.89;12.89
12.53;12.49;12.49;12.53;12.45;12.61;12.53;12.45;12.37;12.45;12.45;12.53;12.49;12.49;12.49;12.49;12.49;12.49;12.49;12.49;12.53;12.49;12.45;12.53;12.49;12.49;12.45;12.45;12.45;12.49;12.53;12.53;12.49;12.45;12.37;12.37;12.53;12.49;12.49;12.53;12.33;12.45;12.45;12.53;12.49;12.45;12.49;12.49;12.45;12.37;12.37;12.45;12.45;12.49;12.53;12.45;12.49;12.53;12.49;12.53;12.53;12.45;12.49;12.49;12.45;12.49;12.49;12.49;12.49;12.49;12.49;12.45;12.33;12.53;12.65;12.69;12.53;12.49;12.45;12.45;12.53;12.53;12.53;12.45;12.49;12.45;12.49;12.45;12.49;12.53;12.53;12.61;12.49;12.49;12.57;12.45;12.57;12.49;12.61;12.61;12.57;12.57;12.61;12.57;12.57;12.53;12.49;12.53;12.41;12.49;12.49;12.61;12.61;12.61;12.65;12.65;12.61;12.65;12.65;12.69;12.65;12.65;12.73;12.65;12.61;12.65;12.65;12.53;12.61;12.69;12.57;12.61;12.57;12.61;12.73;12.53;12.53;12.61;12.57;12.61;12.57;12.65;12.81;12.57;12.53;12.65;12.61;12.49;12.53;12.49;12.49;12.45;12.53;12.69;12.57;12.53;12.53;12.81;12.65;12.61;12.69;12.69;12.69;12.65;12.65;12.69;12.65;12.61;12.77;12.69;12.65;12.81;12.77;12.73;12.77;12.61;12.77;12.49;12.65;12.77;12.65;12.69;12.65;12.69;12.61;12.69;12.73;12.73;12.73;12.69;12.61;12.61;12.73;13.01;12.73;12.81;12.69;12.97;12.85;12.81;12.73;12.73;12.77;12.77;12.65;12.69;12.81;12.77;12.73;12.85;12.65;12.69;12.69;12.89;12.73;12.81;12.65;12.61;12.61;12.61;12.73;12.65;12.77;12.85;12.77;12.73;12.61;12.77;12.73;12.77;12.81;12.81;12.85;12.97;12.89;13.01;12.81;12.85;12.85;13.01;12.89;12.69;12.89;12.93;12.73;12.85;12.77;12.89;12.89;12.93;12.81;12.85;12.85;12.81;12.77;12.77;12.77;12.73;12.73;12.77;12.89;12.89;12.93;12.73;12.93;12.77;12.77;12.73;12.73;12.73;12.81;12.73;12.85;12.85;12.85;12.97;12.85;12.89;12.73;12.73;12.69;12.81;12.85;12.81;12.45;12.49;12.69;12.73;12.89;12.81;12.85;12.73;12.85;12.81;12.85;12.89;13.05;12.77;12.89;12.89;12.89;12.81;12.81;12.81;12.85;12.93;12.85;12.89;12.85;12.89;12.89;12.81;12.97;12.93;12.89;12.89;12.89;12.97;12.85;12.85;12.93;12.85;12.89;12.89;12.85;12.89;12.93;13.01;13.01;13.01;12.97;13.05;12.97;12.93;12.85;12.89
12.53;12.61;12.53;12.49;12.45;12.33;12.49;12.49;12.45;12.45;12.45;12.53;12.45;12.53;12.53;12.57;12.53;12.41;12.49;12.45;12.41;12.37;12.45;12.49;12.49;12.49;12.45;12.49;12.49;12.41;12.61;12.49;12.53;12.49;12.33;12.49;12.49;12.49;12.61;12.49;12.49;12.49;12.45;12.57;12.61;12.53;12.45;12.57;12.53;12.49;12.57;12.61;12.61;12.53;12.49;12.45;12.53;12.53;12.65;12.49;12.53;12.53;12.49;12.49;12.49;12.49;12.45;12.53;12.49;12.49;12.49;12.49;12.33;12.57;12.45;12.49;12.49;12.45;12.45;12.49;12.49;12.57;12.53;12.49;12.57;12.53;12.53;12.49;12.49;12.49;12.57;12.45;12.49;12.57;12.61;12.57;12.61;12.65;12.69;12.69;12.61;12.73;12.65;12.61;12.65;12.53;12.61;12.61;12.65;12.61;12.69;12.61;12.61;12.61;12.61;12.61;12.65;12.61;12.53;12.57;12.69;12.77;12.69;12.69;12.61;12.61;12.61;12.77;12.65;12.61;12.61;12.65;12.49;12.57;12.53;12.53;12.57;12.57;12.61;12.61;12.53;12.61;12.57;12.53;12.61;12.61;12.53;12.57;12.49;12.49;12.49;12.57;12.53;12.61;12.53;12.61;12.61;12.65;12.61;12.73;12.65;12.65;12.65;12.69;12.73;12.65;12.93;12.93;12.73;12.69;12.73;12.73;12.73;12.73;12.61;12.65;12.61;12.57;12.69;12.37;12.69;12.65;12.77;12.61;12.61;12.65;12.69;12.69;12.73;12.73;12.69;12.73;12.77;12.77;12.85;12.73;12.81;12.81;12.97;12.81;12.73;12.65;12.73;12.65;12.69;12.69;12.77;12.73;12.77;12.77;12.65;12.69;12.69;12.69;12.69;12.73;12.53;12.69;12.73;12.73;12.85;12.73;12.89;12.85;12.81;12.61;12.81;12.81;12.73;12.73;12.77;12.81;12.81;12.85;12.85;12.85;12.85;12.85;12.89;12.85;12.81;12.93;12.97;12.93;12.85;12.85;12.81;12.89;12.89;12.81;12.85;12.85;12.77;12.77;12.69;12.81;12.73;12.69;12.73;12.77;12.81;12.85;12.77;12.85;12.81;12.69;12.77;12.73;12.77;12.73;12.73;12.73;12.89;12.81;12.73;12.69;12.85;12.81;12.69;12.61;12.69;12.73;12.85;12.81;12.81;12.73;12.65;12.69;12.85;12.85;12.89;12.77;12.85;12.81;12.69;12.77;12.85;12.89;12.89;12.85;12.89;12.97;12.81;12.81;12.85;12.85;12.89;12.89;12.93;12.93;13.05;12.89;12.85;12.89;12.85;12.85;12.85;12.89;12.89;12.93;12.93;12.89;12.85;12.77;12.85;12.69;12.97;12.97;13.01;13.01;13.01;12.97;12.93;12.93;12.97;12.93
12.49;12.61;12.49;12.49;12.37;12.33;12.45;12.49;12.45;12.45;12.53;12.65;12.65;12.45;12.53;12.53;12.69;12.45;12.37;12.41;12.49;12.49;12.45;12.49;12.45;12.25;12.49;12.49;12.37;12.41;12.41;12.49;12.49;12.49;12.45;12.53;12.49;12.49;12.49;12.57;12.49;12.37;12.45;12.57;12.45;12.53;12.49;12.69;12.57;12.53;12.53;12.73;12.53;12.53;12.49;12.49;12.61;12.61;12.65;12.65;12.53;12.53;12.49;12.49;12.45;12.41;12.45;12.49;12.49;12.53;12.49;12.49;12.49;12.53;12.37;12.41;12.61;12.21;12.45;12.45;12.49;12.33;12.49;12.49;12.49;12.53;12.49;12.49;12.69;12.53;12.45;12.53;12.53;12.57;12.61;12.61;12.65;12.61;12.61;12.61;12.65;12.61;12.65;12.61;12.53;12.61;12.57;12.57;12.53;12.57;12.53;12.49;12.53;12.53;12.65;12.61;12.65;12.65;12.53;12.53;12.57;12.61;12.73;12.69;12.57;12.57;12.61;12.69;12.57;12.69;12.61;12.57;12.65;12.53;12.53;12.57;12.53;12.57;12.57;12.53;12.61;12.61;12.49;12.65;12.53;12.53;12.57;12.57;12.53;12.45;12.49;12.65;12.53;12.53;12.53;12.57;12.61;12.65;12.53;12.61;12.61;12.61;12.61;12.65;12.65;12.65;12.61;12.73;12.81;12.61;12.65;12.65;12.73;12.73;12.61;12.73;12.69;12.65;12.65;12.69;12.73;12.49;12.65;12.65;12.61;12.73;12.69;12.53;12.73;12.69;12.65;12.53;12.73;12.81;12.85;12.81;12.69;12.61;12.85;12.89;12.81;12.73;12.61;12.69;12.69;12.77;12.65;12.61;12.69;12.65;12.53;12.73;12.69;12.69;12.73;12.69;12.69;12.69;12.73;12.73;12.81;12.85;12.69;12.85;12.89;12.81;12.73;12.89;12.73;12.73;12.85;12.85;12.89;12.89;12.85;12.85;12.85;12.89;12.89;12.85;12.89;12.85;12.85;12.85;12.97;12.85;12.73;12.81;12.85;12.85;12.89;12.69;12.69;12.81;12.85;12.85;12.69;12.73;12.77;12.69;12.93;12.81;12.89;12.73;12.77;12.85;12.85;12.81;12.77;12.73;12.73;12.73;12.85;12.81;12.81;12.73;12.77;12.81;12.77;12.69;12.69;12.77;12.81;12.77;13.05;12.85;12.85;12.81;12.85;12.85;12.93;12.85;12.85;12.81;12.81;12.85;12.65;12.73;12.85;12.77;12.85;12.81;12.85;12.85;12.85;12.85;12.89;12.81;12.85;12.93;12.89;12.81;12.85;12.89;12.81;12.81;12.73;12.85;12.85;12.81;12.81;12.85;12.81;12.85;12.85;12.97;13.01;12.97;13.13;13.05;12.81;12.89;12.97;13.01;12.93;13.01
12.53;12.41;12.45;12.41;12.41;12.41;12.37;12.45;12.49;12.45;12.49;12.45;12.53;12.49;12.49;12.53;12.53;12.53;12.61;12.41;12.61;12.45;12.37;12.49;12.49;12.45;12.53;12.61;12.45;12.45;12.41;12.37;12.45;12.45;12.53;12.49;12.49;12.49;12.49;12.45;12.53;12.45;12.45;12.57;12.45;12.45;12.53;12.53;12.57;12.53;12.53;12.49;12.57;12.53;12.53;12.49;12.49;12.57;12.57;12.53;12.49;12.53;12.57;12.49;12.45;12.37;12.41;12.45;12.45;12.49;12.49;12.45;12.41;12.37;12.37;12.41;12.37;12.49;12.49;12.45;12.49;12.49;12.45;12.49;12.49;12.53;12.49;12.53;12.37;12.49;12.53;12.37;12.49;12.57;12.53;12.49;12.61;12.53;12.57;12.61;12.61;12.69;12.45;12.49;12.61;12.61;12.61;12.61;12.57;12.53;12.53;12.53;12.53;12.49;12.45;12.57;12.61;12.65;12.53;12.53;12.53;12.49;12.69;12.65;12.65;12.61;12.57;12.61;12.65;12.57;12.65;12.53;12.57;12.49;12.65;12.53;12.53;12.53;12.57;12.53;12.65;12.81;12.61;12.49;12.57;12.53;12.53;12.49;12.61;12.45;12.45;12.33;12.53;12.49;12.53;12.53;12.49;12.61;12.69;12.61;12.61;12.65;12.65;12.65;12.65;12.45;12.69;12.61;12.69;12.65;12.61;12.69;12.53;12.65;12.41;12.49;12.69;12.65;12.69;12.65;12.57;12.61;12.69;12.65;12.65;12.65;12.65;12.53;12.45;12.73;12.69;12.73;12.73;12.81;12.73;12.69;12.65;12.65;12.49;12.77;12.85;12.73;12.69;12.65;12.65;12.81;12.61;12.53;12.65;12.81;12.69;12.65;12.73;12.61;12.73;12.65;12.81;12.73;12.61;12.69;12.81;12.73;12.73;12.85;12.77;12.73;12.85;12.85;12.81;12.81;12.85;13.01;12.93;12.93;12.73;12.85;12.81;12.85;12.89;12.89;12.81;12.89;12.85;12.89;12.85;12.73;12.77;12.73;12.69;12.73;12.73;12.65;12.77;12.81;12.61;12.85;12.65;12.81;12.73;12.69;12.73;12.85;12.73;12.57;12.65;12.73;12.73;12.77;12.73;12.69;12.73;12.81;12.81;12.73;13.05;12.73;12.81;12.81;12.77;12.69;12.69;12.69;12.73;12.85;12.85;12.89;12.77;12.81;12.81;12.77;12.73;12.73;12.73;12.81;12.81;12.77;12.77;12.81;12.81;12.81;12.81;12.81;12.65;12.85;12.73;12.81;12.97;12.93;12.89;12.81;12.97;12.65;12.89;12.85;12.85;12.77;12.77;12.81;12.81;12.85;12.77;12.89;12.81;12.89;12.81;12.81;12.73;12.81;12.97;12.93;12.85;12.85;12.93;12.97;12.89;12.93
12.49;12.45;12.45;12.49;12.49;12.49;12.25;12.45;12.49;12.49;12.37;12.49;12.53;12.41;12.37;12.53;12.53;12.45;12.53;12.45;12.45;12.33;12.45;12.49;12.41;12.49;12.53;12.49;12.45;12.45;12.45;12.49;12.53;12.57;12.45;12.53;12.53;12.49;12.41;12.45;12.61;12.53;12.57;12.49;12.33;12.49;12.57;12.69;12.53;12.53;12.49;12.45;12.53;12.61;12.53;12.49;12.49;12.53;12.53;12.45;12.49;12.53;12.49;12.49;12.41;12.45;12.33;12.45;12.45;12.49;12.49;12.45;12.37;12.45;12.17;12.45;12.21;12.45;12.41;12.45;12.45;12.49;12.45;12.49;12.49;12.45;12.49;12.49;12.49;12.49;12.61;12.61;12.57;12.53;12.53;12.53;12.53;12.53;12.45;12.61;12.57;12.61;12.61;12.69;12.61;12.61;12.61;12.65;12.37;12.57;12.49;12.53;12.65;12.57;12.69;12.61;12.73;12.49;12.57;12.61;12.61;12.61;12.65;12.65;12.69;12.69;12.61;12.61;12.57;12.65;12.65;12.45;12.61;12.49;12.49;12.53;12.65;12.45;12.57;12.65;12.65;12.61;12.69;12.65;12.65;12.65;12.57;12.61;12.65;12.65;12.53;12.45;12.53;12.49;12.57;12.53;12.53;12.69;12.61;12.61;12.69;12.61;12.69;12.65;12.49;12.61;12.73;12.41;12.81;12.57;12.69;12.61;12.53;12.61;12.53;12.53;12.69;12.65;12.69;12.61;12.61;12.81;12.69;12.61;12.65;12.65;12.65;12.65;12.61;12.61;12.81;12.73;12.73;12.77;12.69;12.65;12.61;12.89;12.77;12.77;12.85;12.73;12.89;12.61;12.57;12.53;12.61;12.65;12.69;12.77;12.45;12.73;12.61;12.61;12.65;12.73;12.77;12.73;12.73;12.69;12.77;12.73;12.73;12.81;12.85;12.77;12.81;12.69;12.73;12.89;12.89;12.93;13.09;12.85;12.89;12.97;12.93;12.93;12.89;12.85;12.85;12.81;12.85;12.85;12.85;12.85;12.73;12.73;12.69;12.73;12.81;12.85;12.89;12.73;12.65;12.69;12.69;12.73;12.73;12.73;12.73;12.69;12.65;12.73;12.45;12.61;12.69;12.73;12.73;12.73;12.81;12.61;12.73;12.73;12.77;12.73;12.81;12.73;12.69;12.69;12.69;12.53;12.69;12.69;12.81;12.73;12.89;12.77;12.73;12.77;12.89;12.65;12.73;12.81;12.89;12.85;12.77;12.73;12.85;12.85;12.85;12.69;12.77;12.77;12.81;12.89;13.09;12.85;12.81;12.85;12.81;12.69;12.93;12.85;12.85;12.81;12.65;12.85;12.85;12.81;12.81;12.89;12.89;12.81;12.85;12.89;12.85;12.73;12.93;13.09;12.85;12.89;13.01;12.93;12.93;12.89
12.53;12.49;12.53;12.53;12.49;12.49;12.49;12.49;12.61;12.49;12.53;12.61;12.73;12.57;12.45;12.65;12.61;12.53;12.53;12.45;12.37;12.45;12.33;12.65;12.45;12.49;12.69;12.57;12.53;12.45;12.53;12.57;12.69;12.53;12.49;12.53;12.53;12.49;12.53;12.37;12.53;12.65;12.41;12.49;12.45;12.61;12.61;12.45;12.57;12.57;12.57;12.49;12.65;12.53;12.45;12.49;12.53;12.49;12.57;12.61;12.57;12.41;12.45;12.45;12.53;12.37;12.49;12.45;12.53;12.61;12.57;12.57;12.45;12.49;12.37;12.49;12.49;12.61;12.45;12.53;12.49;12.49;12.49;12.49;12.45;12.49;12.61;12.61;12.53;12.49;12.61;12.37;12.45;12.57;12.65;12.57;12.57;12.53;12.65;12.53;12.65;12.61;12.61;12.61;12.61;12.61;12.53;12.53;12.53;12.57;12.53;12.61;12.61;12.61;12.37;12.69;12.65;12.69;12.57;12.61;12.81;12.65;12.81;12.69;12.73;12.73;12.73;12.65;12.69;12.69;12.57;12.53;12.61;12.69;12.61;12.61;12.61;12.53;12.69;12.77;12.65;12.65;12.65;12.69;12.65;12.69;12.65;12.65;12.65;12.65;12.53;12.33;12.45;12.57;12.61;12.61;12.57;12.65;12.57;12.57;12.57;12.65;12.65;12.65;12.69;12.85;12.69;12.81;12.73;12.69;12.81;12.57;12.69;12.69;12.49;12.53;12.69;12.73;12.69;12.61;12.65;12.73;12.65;12.61;12.65;12.61;12.65;12.85;12.81;12.65;12.73;12.73;12.81;12.73;12.77;12.65;12.73;12.69;12.81;12.69;12.81;12.73;12.69;12.81;12.65;12.69;12.69;12.69;12.73;12.77;12.81;12.73;12.73;12.73;12.65;12.77;12.73;12.69;12.73;12.73;12.73;12.77;12.77;13.01;12.73;12.69;12.85;12.81;12.85;12.89;12.89;12.89;12.85;12.77;12.85;12.85;12.93;13.01;12.93;12.93;12.77;12.81;12.81;12.81;12.89;13.05;12.85;12.89;13.13;12.85;12.81;12.85;12.81;12.85;12.73;12.73;12.73;12.81;12.73;12.77;12.77;12.73;12.85;12.69;12.61;12.69;12.73;12.69;12.85;12.81;12.73;12.69;12.61;12.77;12.73;12.73;12.77;12.77;12.61;12.69;12.73;12.69;12.65;12.65;12.73;12.81;12.93;12.73;12.73;12.85;12.81;12.69;12.77;12.73;12.77;12.77;12.85;12.85;12.93;12.61;12.85;12.85;12.93;12.85;12.85;12.93;12.85;12.85;12.81;12.93;12.85;12.77;13.05;12.93;12.81;12.81;12.85;12.89;12.89;12.85;12.81;12.85;12.85;13.01;12.85;13.05;12.97;12.93;12.97;12.89;12.81;12.93;12.93;13.01;13.01;12.93
12.57;12.57;12.49;12.53;12.57;12.65;12.49;12.53;12.53;12.61;12.73;12.61;12.57;12.61;12.61;12.57;12.69;12.53;12.53;12.49;12.49;12.45;12.49;12.49;12.45;12.49;12.45;12.41;12.57;12.57;12.37;12.69;12.57;12.65;12.37;12.49;12.49;12.61;12.49;12.29;12.49;12.49;12.45;12.49;12.61;12.61;12.49;12.53;12.53;12.49;12.65;12.57;12.57;12.45;12.45;12.37;12.49;12.45;12.57;12.61;12.49;12.25;12.41;12.49;12.41;12.53;12.69;12.61;12.45;12.49;12.29;12.45;12.49;12.45;12.49;12.49;12.53;12.57;12.49;12.41;12.53;12.49;12.49;12.45;12.45;12.33;12.57;12.61;12.57;12.53;12.61;12.49;12.53;12.49;12.61;12.65;12.53;12.53;12.53;12.53;12.65;12.65;12.61;12.61;12.57;12.49;12.57;12.45;12.57;12.61;12.57;12.53;12.57;12.57;12.57;12.65;12.73;12.61;12.57;12.65;12.65;12.69;12.53;12.65;12.81;12.73;12.81;12.65;12.65;12.61;12.61;12.45;12.45;12.65;12.49;12.57;12.57;12.61;12.61;12.73;12.49;12.61;12.69;12.61;12.57;12.73;12.53;12.49;12.65;12.53;12.45;12.57;12.49;12.61;12.65;12.61;12.61;12.61;12.69;12.49;12.65;12.49;12.49;12.69;12.57;12.69;12.61;12.65;12.65;12.69;12.69;12.65;12.69;12.61;12.53;12.57;12.61;12.65;12.69;12.65;12.85;12.61;12.65;12.65;12.61;12.61;12.61;12.65;12.65;12.73;12.73;12.81;12.73;12.77;12.77;12.77;12.73;12.73;12.81;12.81;12.85;12.73;12.69;12.77;12.73;12.69;12.33;12.69;12.77;12.81;12.73;12.73;12.73;12.73;12.69;12.73;12.73;12.69;12.69;12.73;12.85;12.73;12.73;12.73;12.73;12.77;12.77;12.85;12.85;12.81;12.81;12.85;12.81;12.81;12.85;12.89;12.81;12.89;12.85;12.61;12.77;12.65;12.81;12.85;12.85;12.89;12.85;12.85;12.89;12.85;12.81;12.93;12.89;12.85;12.73;12.73;12.81;12.85;12.73;12.73;12.69;12.73;12.73;12.73;12.65;12.65;12.73;12.73;12.81;12.73;12.77;12.69;12.73;12.73;12.73;12.65;12.73;12.65;12.77;12.69;12.61;12.65;12.69;12.93;12.73;12.61;12.73;12.69;12.69;12.73;12.85;12.69;12.73;12.73;12.73;12.81;12.73;12.73;12.89;12.69;12.65;12.89;12.77;12.85;12.85;12.81;12.77;12.81;12.89;12.89;12.93;12.85;12.81;12.85;12.85;12.65;12.85;12.85;12.85;12.85;12.81;12.85;12.85;12.81;12.89;12.97;12.89;13.01;12.89;12.97;13.05;12.89;12.85;12.93;13.01;12.93
12.49;12.69;12.53;12.53;12.53;12.53;12.49;12.49;12.57;12.57;12.61;12.49;12.49;12.61;12.45;12.61;12.53;12.49;12.49;12.65;12.53;12.45;12.45;12.45;12.53;12.41;12.45;12.41;12.21;12.45;12.45;12.45;12.33;12.33;12.53;12.61;12.53;12.61;12.53;12.49;12.45;12.49;12.49;12.45;12.45;12.49;12.49;12.49;12.37;12.69;12.53;12.61;12.41;12.45;12.49;12.53;12.49;12.53;12.57;12.53;12.41;12.29;12.41;12.49;12.61;12.37;12.41;12.49;12.49;12.37;12.33;12.57;12.45;12.61;12.53;12.61;12.53;12.45;12.49;12.49;12.49;12.41;12.49;12.49;12.45;12.41;12.53;12.61;12.57;12.65;12.57;12.57;12.53;12.41;12.49;12.53;12.53;12.49;12.37;12.53;12.53;12.61;12.53;12.61;12.57;12.61;12.45;12.53;12.57;12.53;12.45;12.53;12.53;12.53;12.37;12.49;12.41;12.53;12.61;12.61;12.69;12.65;12.69;12.69;12.73;12.65;12.69;12.69;12.53;12.61;12.53;12.33;12.53;12.53;12.49;12.49;12.65;12.57;12.65;12.73;12.49;12.57;12.53;12.37;12.73;12.53;12.53;12.73;12.65;12.53;12.57;12.49;12.49;12.49;12.53;12.57;12.49;12.65;12.53;12.57;12.65;12.53;12.61;12.85;12.65;12.37;12.65;12.61;12.65;12.65;12.65;12.65;12.65;12.49;12.49;12.49;12.61;12.61;12.69;12.65;12.49;12.45;12.69;12.65;12.65;12.61;12.69;12.65;12.65;12.69;12.69;12.61;12.77;12.81;12.77;12.69;12.73;12.69;12.89;12.81;12.93;12.73;12.69;12.77;12.85;12.73;12.73;12.69;12.77;12.73;12.73;12.65;12.73;12.73;12.73;12.73;12.73;12.65;12.81;12.69;12.61;12.69;12.73;12.73;12.73;12.81;12.85;12.85;12.85;12.81;12.77;12.85;12.85;12.93;12.85;12.89;12.85;12.81;12.85;12.89;12.73;12.77;12.81;12.85;12.81;12.81;12.77;12.81;12.85;12.81;12.65;12.77;12.89;12.81;12.77;12.81;12.81;12.81;12.73;12.69;12.73;12.81;12.73;12.69;12.61;12.69;12.69;12.73;12.73;12.57;12.73;12.69;12.73;12.69;12.65;12.61;12.73;12.73;12.53;12.65;12.65;12.65;12.93;12.73;12.65;12.77;12.73;12.69;12.65;12.65;12.57;12.57;12.65;12.61;12.73;12.69;12.69;12.73;12.69;12.81;12.85;12.81;12.77;12.73;12.85;12.81;12.81;12.73;12.81;12.81;12.81;12.81;12.81;12.85;12.73;12.65;12.81;12.81;12.69;12.73;12.81;12.85;12.85;12.81;12.73;12.93;12.85;12.77;12.89;12.89;12.93;12.73;12.93;12.85;12.85;12.81
12.49;12.61;12.53;12.37;12.49;12.53;12.53;12.53;12.57;12.53;12.61;12.53;12.53;12.33;12.41;12.49;12.65;12.49;12.37;12.49;12.49;12.49;12.45;12.53;12.41;12.29;12.37;12.41;12.53;12.41;12.41;12.45;12.61;12.53;12.57;12.57;12.49;12.53;12.45;12.53;12.53;12.49;12.49;12.61;12.45;12.45;12.49;12.53;12.49;12.53;12.57;12.53;12.57;12.49;12.41;12.49;12.53;12.53;12.57;12.57;12.49;12.49;12.45;12.45;12.37;12.37;12.41;12.37;12.41;12.49;12.49;12.49;12.49;12.53;12.45;12.53;12.49;12.49;12.49;12.49;12.45;12.49;12.45;12.45;12.45;12.61;12.53;12.69;12.49;12.69;12.69;12.49;12.53;12.49;12.45;12.49;12.53;12.49;12.49;12.45;12.45;12.61;12.49;12.53;12.53;12.53;12.45;12.53;12.45;12.53;12.49;12.49;12.57;12.53;12.45;12.53;12.49;12.61;12.69;12.65;12.65;12.65;12.69;12.69;12.77;12.69;12.73;12.45;12.49;12.61;12.61;12.61;12.37;12.57;12.57;12.61;12.57;12.49;12.61;12.61;12.61;12.65;12.57;12.73;12.61;12.65;12.65;12.45;12.61;12.49;12.53;12.45;12.57;12.57;12.57;12.57;12.61;12.69;12.61;12.61;12.69;12.65;12.69;12.69;12.65;12.65;12.53;12.61;12.65;12.65;12.61;12.65;12.69;12.53;12.53;12.61;12.57;12.65;12.73;12.65;12.65;12.65;12.65;12.69;12.69;12.69;12.69;12.69;12.73;12.81;12.73;12.73;12.69;12.65;12.73;12.65;12.69;12.73;12.77;12.73;12.61;12.73;12.77;12.69;12.73;12.77;12.73;12.73;12.77;12.73;12.65;12.89;12.73;12.73;12.77;12.89;12.69;12.69;12.77;12.77;12.89;12.69;12.65;12.77;12.85;12.85;12.85;12.85;12.61;12.85;12.81;12.77;12.85;13.05;12.89;12.89;12.89;12.85;12.69;12.85;12.85;12.81;12.77;12.65;12.77;12.81;12.73;12.85;12.77;12.73;12.77;12.77;12.85;12.81;12.81;12.81;12.73;12.81;12.77;12.73;12.73;12.73;12.65;12.73;12.69;12.73;12.69;12.65;12.73;12.69;12.73;12.81;12.69;12.85;12.73;12.65;12.73;12.73;12.69;12.65;12.57;12.65;12.81;12.81;12.81;12.81;12.85;12.73;12.69;12.65;12.65;12.61;12.73;12.73;12.73;12.69;12.69;12.73;12.73;12.69;12.89;12.81;12.81;12.73;12.77;12.69;12.85;12.85;12.85;12.81;12.85;12.81;12.81;12.81;12.73;12.85;12.85;12.85;12.81;12.81;12.81;12.81;12.77;12.77;12.85;12.85;12.77;12.81;12.93;12.93;12.85;12.89;12.85;12.85;12.93;12.85
12.49;12.45;12.61;12.49;12.45;12.49;12.73;12.53;12.57;12.53;12.49;12.45;12.41;12.41;12.41;12.49;12.53;12.53;12.53;12.57;12.49;12.45;12.49;12.45;12.45;12.41;12.45;12.33;12.25;12.49;12.37;12.45;12.49;12.53;12.65;12.61;12.37;12.49;12.45;12.45;12.53;12.53;12.53;12.53;12.49;12.45;12.73;12.61;12.57;12.53;12.53;12.53;12.57;12.53;12.57;12.57;12.61;12.33;12.49;12.49;12.61;12.45;12.37;12.45;12.37;12.45;12.33;12.45;12.53;12.37;12.49;12.53;12.49;12.49;12.45;12.45;12.45;12.37;12.53;12.49;12.49;12.45;12.37;12.45;12.45;12.49;12.37;12.53;12.61;12.89;12.65;12.53;12.61;12.45;12.45;12.53;12.65;12.49;12.53;12.45;12.57;12.45;12.37;12.45;12.53;12.53;12.61;12.57;12.49;12.53;12.53;12.85;12.53;12.53;12.53;12.49;12.61;12.65;12.69;12.69;12.77;12.69;12.81;12.89;12.73;12.73;12.73;12.61;12.57;12.65;12.65;12.73;12.69;12.53;12.53;12.57;12.61;12.57;12.61;12.61;12.61;12.65;12.65;12.65;12.61;12.61;12.53;12.53;12.53;12.41;12.45;12.49;12.61;12.53;12.69;12.57;12.49;12.73;12.65;12.69;12.49;12.73;12.69;12.69;12.65;12.81;12.73;12.61;12.65;12.65;12.65;12.65;12.69;12.81;12.61;12.65;12.65;12.81;12.73;12.65;12.65;12.65;12.73;12.69;12.69;12.65;12.73;12.69;12.69;12.73;12.73;12.69;12.69;12.73;12.69;12.77;12.81;12.61;12.77;12.69;12.73;12.73;12.73;12.73;12.73;12.73;12.73;12.73;12.81;12.81;12.61;12.81;12.69;12.85;12.73;12.73;12.65;12.73;12.77;12.77;12.77;12.73;12.81;12.89;12.89;12.85;12.85;12.81;12.81;12.89;12.85;12.81;12.77;12.93;12.89;12.93;12.89;12.85;12.81;12.81;12.81;12.81;12.81;12.57;12.77;12.77;12.69;12.73;12.73;12.73;12.77;12.77;12.77;12.85;12.81;12.81;12.77;12.81;12.81;12.69;12.69;12.65;12.61;12.65;12.73;12.73;12.61;12.65;12.65;12.69;12.73;12.73;12.81;12.73;12.69;12.81;12.81;12.73;12.69;12.65;12.65;12.65;12.81;12.81;12.85;12.69;12.61;12.69;12.61;12.69;12.81;12.73;12.73;12.73;12.73;12.69;12.77;12.77;12.77;12.81;12.81;12.85;12.81;12.81;12.77;12.85;12.93;12.85;12.81;12.81;12.85;12.81;12.85;12.89;12.73;12.93;12.93;12.89;12.85;12.81;12.81;12.85;13.01;12.77;12.81;12.81;12.81;12.85;12.85;12.93;12.97;12.89;12.89;13.01;12.89;12.85
12.37;12.45;12.41;12.49;12.45;12.37;12.49;12.81;12.53;12.49;12.49;12.49;12.37;12.49;12.41;12.45;12.53;12.65;12.65;12.53;12.49;12.45;12.45;12.45;12.37;12.37;12.37;12.49;12.37;12.53;12.57;12.49;12.53;12.53;12.61;12.57;12.53;12.49;12.45;12.45;12.41;12.45;12.33;12.45;12.53;12.49;12.57;12.53;12.57;12.61;12.45;12.53;12.49;12.69;12.53;12.61;12.61;12.61;12.53;12.49;12.49;12.49;12.45;12.41;12.45;12.41;12.33;12.33;12.37;12.41;12.29;12.49;12.49;12.45;12.49;12.49;12.33;12.49;12.45;12.49;12.49;12.33;12.33;12.53;12.53;12.53;12.49;12.53;12.53;12.49;12.53;12.53;12.53;12.49;12.53;12.45;12.49;12.53;12.53;12.49;12.29;12.65;12.53;12.45;12.49;12.49;12.41;12.61;12.57;12.57;12.53;12.49;12.53;12.53;12.45;12.49;12.49;12.61;12.69;12.77;12.69;12.81;12.69;12.85;12.85;12.77;12.65;12.65;12.65;12.61;12.61;12.73;12.61;12.65;12.57;12.53;12.61;12.65;12.69;12.69;12.69;12.65;12.65;12.65;12.69;12.65;12.61;12.69;12.61;12.61;12.49;12.49;12.65;12.57;12.57;12.61;12.57;12.53;12.65;12.61;12.65;12.61;12.69;12.61;12.65;12.65;12.57;12.65;12.57;12.65;12.65;12.65;12.69;12.61;12.45;12.65;12.65;12.65;12.61;12.53;12.61;12.65;12.69;12.69;12.65;12.69;12.77;12.69;12.65;12.69;12.61;12.53;12.81;12.77;12.73;12.73;12.69;12.65;12.73;12.69;12.73;12.73;12.77;12.69;12.73;12.73;12.69;12.81;12.77;12.81;12.73;12.69;12.69;12.73;12.73;12.69;12.73;12.65;12.65;12.81;12.81;12.77;12.69;12.81;12.73;12.77;12.81;12.85;12.85;12.93;12.89;12.85;12.81;12.85;12.69;12.85;12.81;12.85;12.81;12.81;12.81;12.53;12.73;12.85;12.73;12.69;12.65;12.77;12.77;12.69;12.77;12.73;12.85;12.77;12.69;12.81;12.81;12.81;12.73;12.69;12.65;12.65;12.61;12.69;12.73;12.69;12.65;12.65;12.69;12.61;12.65;12.61;12.69;12.73;12.77;12.81;12.69;12.73;12.69;12.69;12.65;12.65;12.81;12.81;12.81;12.65;12.49;12.73;12.69;12.81;12.73;12.85;12.73;12.65;12.73;12.73;12.73;12.69;12.81;12.85;12.65;12.77;12.85;12.73;12.73;12.73;12.81;12.69;12.81;12.81;12.89;12.81;12.89;12.85;12.85;12.89;12.81;12.89;12.81;12.85;12.81;12.85;12.81;12.77;12.81;12.81;12.81;12.81;12.81;12.93;12.93;12.89;12.93;12.89;12.85;12.89
12.33;12.33;12.41;12.49;12.49;12.49;12.45;12.61;12.61;12.65;12.61;12.49;12.45;12.45;12.45;12.49;12.53;12.53;12.61;12.49;12.37;12.49;12.33;12.45;12.45;12.41;12.41;12.57;12.57;12.53;12.53;12.53;12.65;12.45;12.53;12.53;12.65;12.65;12.33;12.45;12.49;12.41;12.41;12.37;12.45;12.61;12.45;12.45;12.53;12.45;12.45;12.49;12.53;12.37;12.45;12.61;12.65;12.53;12.49;12.41;12.33;12.41;12.45;12.33;12.49;12.41;12.37;12.33;12.41;12.49;12.45;12.41;12.53;12.33;12.45;12.49;12.53;12.45;12.45;12.41;12.45;12.45;12.37;12.53;12.61;12.49;12.45;12.49;12.41;12.49;12.45;12.49;12.45;12.37;12.53;12.49;12.49;12.45;12.49;12.41;12.45;12.49;12.49;12.53;12.49;12.49;12.53;12.65;12.49;12.49;12.49;12.61;12.49;12.49;12.49;12.45;12.49;12.65;12.69;12.73;12.65;12.69;12.65;12.61;12.73;12.69;12.81;12.65;12.61;12.65;12.61;12.65;12.65;12.65;12.61;12.53;12.61;12.49;12.73;12.69;12.65;12.61;12.73;12.61;12.69;12.65;12.69;12.49;12.65;12.53;12.49;12.53;12.49;12.53;12.53;12.49;12.45;12.69;12.69;12.57;12.61;12.61;12.65;12.65;12.65;12.65;12.65;12.61;12.65;12.53;12.61;12.61;12.85;12.61;12.53;12.61;12.61;12.65;12.65;12.53;12.65;12.61;12.77;12.65;12.69;12.65;12.73;12.65;12.53;12.65;12.65;12.65;12.65;12.73;12.73;12.77;12.69;12.69;12.73;12.61;12.69;12.81;12.73;12.77;12.77;12.69;12.73;12.73;12.81;12.73;12.69;12.85;12.73;12.73;12.73;12.73;12.93;12.61;12.69;12.73;12.81;12.77;12.65;12.69;12.65;12.77;12.69;12.69;12.81;13.01;12.85;12.85;12.85;12.89;12.81;12.93;12.81;12.81;12.81;12.69;12.73;12.65;12.85;12.81;12.65;12.69;12.81;12.77;12.77;12.81;12.53;12.69;12.69;12.61;12.57;12.73;12.77;12.73;12.93;12.65;12.49;12.65;12.69;12.61;12.65;12.77;12.69;12.69;12.65;12.69;12.57;12.69;12.69;12.77;12.81;12.73;12.69;12.65;12.73;12.73;12.65;12.65;12.81;12.73;12.85;12.69;12.73;12.65;12.65;12.85;12.93;12.73;12.73;12.73;12.77;12.73;12.73;12.73;12.81;12.81;12.73;12.77;12.73;12.89;12.65;12.69;12.81;12.73;12.85;12.77;12.73;12.73;12.61;12.73;12.69;12.69;12.73;12.81;12.81;12.81;12.85;12.73;12.81;12.81;12.77;12.81;12.73;12.73;12.81;12.89;12.89;12.89;12.81;12.81;12.89;12.81
12.21;12.37;12.45;12.37;12.49;12.45;12.49;12.49;12.61;12.65;12.65;12.53;12.49;12.45;12.45;12.45;12.37;12.45;12.49;12.45;12.53;12.41;12.37;12.37;12.37;12.41;12.45;12.33;12.49;12.37;12.41;12.61;12.49;12.49;12.37;12.53;12.49;12.49;12.29;12.45;12.41;12.45;12.41;12.49;12.45;12.45;12.53;12.29;12.25;12.45;12.53;12.53;12.49;12.49;12.33;12.49;12.49;12.49;12.53;12.49;12.37;12.41;12.45;12.41;12.37;12.45;12.45;12.37;12.45;12.45;12.45;12.41;12.45;12.45;12.49;12.45;12.45;12.41;12.45;12.49;12.45;12.45;12.45;12.41;12.37;12.49;12.37;12.29;12.49;12.49;12.45;12.45;12.49;12.17;12.53;12.49;12.49;12.49;12.49;12.45;12.49;12.49;12.49;12.53;12.53;12.53;12.41;12.53;12.57;12.61;12.53;12.45;12.49;12.45;12.49;12.53;12.61;12.69;12.77;12.53;12.49;12.57;12.69;12.61;12.69;12.69;12.73;12.69;12.49;12.57;12.61;12.61;12.77;12.61;12.53;12.57;12.53;12.53;12.69;12.65;12.65;12.61;12.57;12.53;12.45;12.61;12.61;12.53;12.61;12.57;12.49;12.49;12.49;12.61;12.49;12.49;12.49;12.65;12.57;12.53;12.65;12.57;12.61;12.61;12.65;12.61;12.57;12.61;12.65;12.61;12.53;12.61;12.61;12.61;12.61;12.65;12.61;12.61;12.53;12.61;12.57;12.61;12.65;12.65;12.61;12.53;12.65;12.69;12.65;12.61;12.73;12.65;12.69;12.73;12.73;12.77;12.77;12.73;12.69;12.65;12.73;12.69;12.65;12.81;12.69;12.73;12.73;12.69;12.77;12.77;12.69;12.65;12.73;12.77;12.73;12.77;12.73;12.73;12.69;12.69;12.73;12.73;12.77;12.73;12.73;12.85;12.81;12.81;12.73;12.73;12.85;12.73;12.77;12.93;12.73;12.85;12.77;12.85;12.77;12.69;12.65;12.65;12.85;12.69;12.77;12.69;12.61;12.77;12.69;12.65;12.61;12.69;12.81;12.61;12.65;12.69;12.73;12.73;12.65;12.65;12.77;12.69;12.69;12.69;12.61;12.65;12.73;12.65;12.61;12.53;12.53;12.69;12.65;12.65;12.57;12.65;12.73;12.69;12.69;12.73;12.73;12.69;12.73;12.73;12.73;12.73;12.73;12.73;12.73;12.65;12.65;12.77;12.73;12.73;12.81;12.85;12.81;12.73;12.81;12.77;12.73;12.73;12.61;12.81;12.65;12.81;12.73;12.73;12.85;12.81;12.73;12.81;12.57;12.73;12.73;12.77;12.61;12.93;12.81;12.81;12.81;12.85;12.69;12.69;12.77;12.69;12.81;12.73;12.89;12.77;12.89;12.77;12.65;12.65;12.73;12.81
12.49;12.37;12.37;12.53;12.53;12.53;12.45;12.45;12.37;12.57;12.65;12.37;12.49;12.49;12.45;12.49;12.57;12.45;12.49;12.45;12.45;12.37;12.37;12.37;12.45;12.49;12.45;12.45;12.45;12.41;12.37;12.49;12.45;12.41;12.49;12.41;12.37;12.37;12.45;12.49;12.49;12.49;12.45;12.49;12.61;12.53;12.57;12.49;12.49;12.41;12.69;12.53;12.53;12.45;12.37;12.53;12.45;12.49;12.49;12.37;12.49;12.45;12.57;12.41;12.49;12.53;12.53;12.49;12.45;12.45;12.45;12.37;12.45;12.53;12.45;12.53;12.49;12.49;12.53;12.53;12.57;12.37;12.37;12.49;12.61;12.41;12.49;12.53;12.53;12.61;12.45;12.37;12.49;12.49;12.61;12.45;12.53;12.49;12.49;12.45;12.61;12.53;12.49;12.53;12.53;12.53;12.45;12.69;12.45;12.61;12.53;12.65;12.53;12.49;12.49;12.53;12.57;12.53;12.61;12.57;12.57;12.65;12.61;12.61;12.57;12.65;12.65;12.61;12.57;12.57;12.57;12.61;12.57;12.49;12.65;12.65;12.53;12.53;12.65;12.65;12.61;12.81;12.69;12.57;12.69;12.69;12.65;12.61;12.77;12.65;12.49;12.49;12.49;12.57;12.69;12.61;12.57;12.65;12.65;12.69;12.65;12.69;12.65;12.89;12.73;12.69;12.61;12.81;12.61;12.65;12.61;12.61;12.61;12.53;12.61;12.61;12.61;12.65;12.61;12.61;12.69;12.61;12.65;12.65;12.61;12.57;12.69;12.69;12.57;12.69;12.69;12.69;12.73;12.73;12.69;12.81;12.73;12.61;12.65;12.77;12.89;12.77;12.85;12.81;12.73;12.65;12.73;12.81;12.85;12.73;12.73;12.69;12.73;12.73;12.73;12.73;12.73;12.73;12.69;12.73;12.73;12.77;12.61;12.85;12.85;13.05;12.89;12.85;12.69;12.85;12.73;12.93;12.81;12.81;12.81;12.93;12.69;12.89;12.81;12.73;12.73;12.81;12.89;12.85;12.85;12.85;12.69;12.85;12.69;12.81;12.65;12.69;12.73;12.69;12.69;12.69;12.73;12.73;12.69;12.73;12.81;12.81;12.81;12.81;12.73;12.73;12.61;12.61;12.69;12.65;12.65;12.65;12.69;12.65;12.73;12.77;12.77;12.77;12.73;12.85;12.73;12.69;12.73;12.73;12.73;12.73;12.73;12.77;12.77;12.65;12.69;12.69;12.73;12.81;12.89;12.85;13.01;12.81;12.77;12.73;12.77;12.85;12.77;12.69;12.85;12.85;12.81;12.85;12.85;12.81;12.73;12.81;12.81;12.73;12.77;12.89;12.73;12.89;12.77;12.77;12.81;12.81;12.81;12.65;13.01;12.85;12.77;12.81;12.73;12.77;12.73;12.69;12.81;12.65;12.65;12.69
12.45;12.45;12.45;12.53;12.45;12.53;12.45;12.37;12.45;12.53;12.53;12.45;12.49;12.53;12.49;12.45;12.45;12.53;12.49;12.45;12.45;12.33;12.37;12.33;12.49;12.45;12.49;12.45;12.49;12.37;12.45;12.45;12.45;12.45;12.41;12.49;12.33;12.45;12.49;12.49;12.57;12.49;12.41;12.49;12.49;12.45;12.61;12.61;12.45;12.49;12.53;12.53;12.53;12.49;12.49;12.45;12.45;12.49;12.49;12.49;12.37;12.45;12.49;12.45;12.45;12.49;12.57;12.45;12.33;12.45;12.41;12.45;12.49;12.61;12.53;12.53;12.45;12.33;12.61;12.49;12.53;12.37;12.45;12.49;12.45;12.49;12.45;12.49;12.61;12.53;12.49;12.49;12.53;12.53;12.49;12.53;12.49;12.53;12.41;12.45;12.45;12.69;12.45;12.53;12.57;12.53;12.45;12.53;12.45;12.65;12.61;12.57;12.57;12.53;12.53;12.49;12.49;12.53;12.49;12.45;12.57;12.57;12.61;12.61;12.69;12.69;12.65;12.49;12.61;12.57;12.49;12.53;12.53;12.53;12.65;12.65;12.65;12.53;12.65;12.65;12.45;12.61;12.65;12.77;12.61;12.81;12.65;12.61;12.45;12.37;12.45;12.45;12.53;12.61;12.61;12.61;12.61;12.61;12.69;12.65;12.65;12.49;12.73;12.69;12.69;12.73;12.65;12.65;12.81;12.69;12.65;12.57;12.61;12.61;12.53;12.61;12.49;12.69;12.65;12.61;12.61;12.61;12.65;12.65;12.65;12.65;12.53;12.69;12.65;12.73;12.69;12.81;12.69;12.81;12.65;12.81;12.73;12.73;12.85;12.89;12.89;12.85;12.89;12.77;12.77;12.77;12.69;12.73;12.81;12.81;12.65;12.81;12.77;12.73;12.73;12.73;12.73;12.73;12.73;12.53;12.77;12.81;12.73;13.09;12.73;12.89;12.85;12.85;12.81;12.85;12.73;13.01;12.85;12.77;12.77;12.73;12.81;12.85;12.69;12.77;12.85;12.81;12.85;12.85;12.69;12.77;12.69;12.77;12.77;12.77;12.77;12.89;12.73;12.73;12.73;12.73;12.73;12.73;12.73;12.73;12.73;12.73;12.73;12.69;12.69;12.69;12.69;12.73;12.69;12.69;12.53;12.69;12.81;12.65;12.89;12.69;12.81;12.77;12.73;12.73;12.65;12.65;12.73;12.77;12.69;12.73;12.73;12.77;12.77;12.73;12.73;12.65;12.73;12.73;12.89;12.85;12.81;12.69;12.81;12.77;12.93;13.01;12.73;12.73;12.85;12.81;12.81;12.85;12.85;12.89;12.81;12.81;12.81;12.77;12.77;12.77;12.81;12.81;12.85;12.69;12.81;12.85;12.81;12.81;12.81;12.81;12.81;12.81;12.81;12.69;12.77;12.65;12.69;12.73;12.61;12.85
12.41;12.45;12.49;12.61;12.45;12.57;12.49;12.45;12.37;12.57;12.49;12.49;12.45;12.49;12.49;12.49;12.49;12.53;12.53;12.45;12.45;12.45;12.45;12.45;12.49;12.49;12.49;12.49;12.57;12.49;12.49;12.49;12.49;12.37;12.53;12.49;12.45;12.33;12.49;12.65;12.61;12.53;12.45;12.53;12.49;12.45;12.49;12.65;12.53;12.53;12.49;12.45;12.49;12.49;12.45;12.49;12.45;12.53;12.49;12.41;12.41;12.49;12.49;12.45;12.45;12.53;12.49;12.37;12.45;12.37;12.45;12.45;12.49;12.57;12.69;12.37;12.49;12.49;12.53;12.53;12.45;12.49;12.57;12.53;12.45;12.61;12.45;12.49;12.61;12.61;12.57;12.49;12.65;12.49;12.49;12.49;12.53;12.57;12.53;12.49;12.57;12.65;12.45;12.49;12.53;12.45;12.53;12.53;12.49;12.49;12.61;12.57;12.61;12.61;12.57;12.53;12.61;12.57;12.57;12.57;12.53;12.57;12.57;12.57;12.65;12.61;12.57;12.61;12.61;12.61;12.57;12.57;12.53;12.57;12.61;12.61;12.65;12.65;12.65;12.61;12.61;12.61;12.73;12.73;12.53;12.69;12.65;12.65;12.61;12.65;12.53;12.45;12.53;12.57;12.61;12.65;12.69;12.61;12.65;12.65;12.69;12.65;12.73;12.69;12.41;12.69;12.69;12.65;12.69;12.65;12.61;12.53;12.61;12.53;12.69;12.61;12.65;12.65;12.73;12.69;12.65;12.61;12.65;12.61;12.65;12.65;12.65;12.69;12.53;12.65;12.73;12.73;12.61;12.77;12.77;12.73;12.85;12.81;12.69;12.85;12.85;12.97;12.89;12.77;12.73;12.73;12.73;12.73;12.77;12.73;12.73;12.81;12.85;12.81;12.77;12.65;12.81;12.73;12.73;12.65;12.85;12.81;12.69;12.81;12.85;12.93;12.93;12.85;12.85;12.81;12.85;13.05;13.01;12.85;12.81;12.89;13.05;12.93;12.81;12.85;12.73;12.65;12.81;12.69;12.73;12.77;12.77;12.85;12.81;12.81;12.73;12.81;12.77;12.73;12.73;12.73;12.77;12.73;12.53;12.69;12.65;12.73;12.69;12.61;12.69;12.73;12.73;12.73;12.73;12.69;12.73;12.77;12.81;12.77;12.85;12.81;12.81;12.77;12.77;12.73;12.73;12.69;12.73;12.81;12.73;12.73;12.73;12.73;12.73;12.89;12.77;12.65;12.61;12.77;12.85;12.97;12.89;12.81;12.81;12.85;12.93;12.89;12.73;12.77;12.85;12.85;12.93;12.93;12.93;12.89;12.81;12.85;12.81;12.81;12.69;12.81;12.65;12.81;12.89;12.89;12.89;12.85;12.81;12.81;12.81;12.81;12.85;12.93;12.85;13.09;12.85;12.73;12.77;12.77;12.65;12.73
12.21;12.37;12.49;12.41;12.49;12.29;12.37;12.41;12.57;12.45;12.61;12.53;12.53;12.49;12.49;12.49;12.49;12.49;12.49;12.45;12.45;12.41;12.45;12.45;12.45;12.45;12.45;12.41;12.49;12.45;12.33;12.53;12.49;12.45;12.69;12.53;12.49;12.49;12.49;12.61;12.69;12.65;12.53;12.61;12.57;12.49;12.53;12.61;12.61;12.57;12.49;12.49;12.49;12.45;12.45;12.33;12.49;12.57;12.65;12.45;12.45;12.45;12.45;12.37;12.45;12.53;12.45;12.45;12.33;12.45;12.49;12.33;12.41;12.49;12.61;12.65;12.65;12.73;12.53;12.61;12.53;12.65;12.53;12.49;12.61;12.49;12.49;12.45;12.49;12.61;12.49;12.37;12.49;12.53;12.49;12.49;12.45;12.65;12.45;12.53;12.45;12.57;12.61;12.73;12.57;12.53;12.53;12.69;12.29;12.57;12.33;12.57;12.69;12.61;12.61;12.37;12.53;12.53;12.57;12.69;12.57;12.53;12.61;12.61;12.61;12.61;12.57;12.61;12.45;12.57;12.89;12.57;12.53;12.57;12.61;12.61;12.61;12.65;12.49;12.77;12.69;12.61;12.69;12.61;12.61;12.73;12.65;12.61;12.61;12.61;12.65;12.57;12.57;12.57;12.61;12.61;12.53;12.73;12.69;12.69;12.61;12.53;12.69;12.73;12.61;12.61;12.61;12.69;12.65;12.65;12.65;12.61;12.65;12.61;12.65;12.65;12.69;12.73;12.69;12.65;12.65;12.53;12.69;12.61;12.65;12.69;12.65;12.81;12.69;12.69;12.65;12.61;12.69;12.73;12.73;12.89;12.89;12.77;12.81;12.81;12.89;12.85;12.81;12.69;12.73;12.73;12.73;12.77;12.73;12.77;12.77;12.85;12.85;12.89;12.77;12.73;12.85;12.73;12.65;12.77;12.81;12.81;12.73;12.81;12.85;12.89;13.01;12.69;12.73;12.81;12.93;12.97;12.89;12.85;12.85;12.89;12.89;12.81;12.81;12.77;12.85;12.77;12.81;12.77;12.73;12.81;12.77;12.85;12.85;12.65;12.73;12.73;12.81;12.77;12.73;12.69;12.73;12.69;12.53;12.69;12.61;12.81;12.73;12.69;12.69;12.77;12.73;12.89;12.81;12.73;12.69;12.81;12.81;12.81;12.81;12.73;12.77;12.65;12.77;12.73;12.53;12.69;12.81;12.77;12.73;12.73;12.73;12.73;12.73;12.81;12.81;12.77;12.69;12.69;12.89;12.97;12.85;12.81;12.81;12.81;12.73;12.73;12.81;12.73;12.81;12.77;12.89;12.89;12.89;12.93;12.81;12.81;12.85;12.77;12.77;12.85;12.85;12.81;12.89;12.93;12.89;12.81;12.85;12.85;12.81;12.89;12.89;12.89;12.89;12.89;12.69;12.81;12.85;12.65;12.73;12.73
12.45;12.37;12.49;12.45;12.41;12.53;12.45;12.37;12.45;12.49;12.45;12.53;12.45;12.65;12.53;12.49;12.49;12.49;12.53;12.33;12.37;12.41;12.41;12.45;12.45;12.41;12.49;12.41;12.41;12.45;12.57;12.53;12.53;12.45;12.45;12.49;12.61;12.53;12.61;12.53;12.65;12.53;12.57;12.61;12.57;12.53;12.53;12.69;12.57;12.49;12.53;12.53;12.61;12.53;12.53;12.57;12.53;12.33;12.61;12.61;12.41;12.45;12.41;12.41;12.45;12.53;12.49;12.37;12.41;12.45;12.69;12.45;12.45;12.37;12.45;12.49;12.49;12.53;12.53;12.57;12.61;12.53;12.53;12.49;12.53;12.61;12.57;12.61;12.49;12.65;12.77;12.53;12.61;12.49;12.65;12.49;12.53;12.61;12.49;12.61;12.69;12.53;12.53;12.57;12.57;12.53;12.65;12.57;12.49;12.73;12.65;12.65;12.61;12.61;12.61;12.53;12.53;12.65;12.57;12.61;12.53;12.61;12.53;12.45;12.57;12.49;12.49;12.37;12.53;12.65;12.65;12.61;12.57;12.53;12.61;12.61;12.73;12.61;12.69;12.69;12.81;12.61;12.57;12.65;12.61;12.61;12.61;12.53;12.65;12.61;12.61;12.61;12.53;12.61;12.65;12.65;12.65;12.57;12.65;12.61;12.61;12.77;12.69;12.69;12.57;12.73;12.73;12.69;12.69;12.69;12.61;12.85;12.65;12.61;12.65;12.65;12.69;12.73;12.69;12.53;12.69;12.57;12.65;12.65;12.77;12.61;12.69;12.65;12.53;12.81;12.73;12.73;12.49;12.73;12.89;12.81;12.81;12.73;12.69;12.77;12.85;12.81;12.81;12.65;12.65;12.61;12.69;12.69;12.77;12.85;12.73;12.81;12.85;12.81;12.81;12.73;12.77;12.73;12.77;12.77;12.89;12.81;12.81;12.85;12.85;12.89;12.89;12.77;12.81;12.77;12.85;12.97;12.89;12.85;12.97;12.85;12.73;12.65;12.77;12.81;12.93;12.73;12.73;12.77;12.73;12.85;12.81;12.81;12.97;12.89;12.73;12.73;12.85;12.81;12.73;12.73;12.73;12.73;12.69;12.61;12.73;12.73;12.73;12.85;12.77;12.81;12.69;12.81;12.69;12.69;12.65;12.89;12.81;12.73;12.73;12.69;12.69;12.69;12.81;12.77;12.69;12.81;12.81;12.77;12.73;12.77;12.73;12.77;12.73;12.77;12.77;12.81;12.73;12.89;12.93;12.89;12.73;12.81;12.93;12.81;12.89;12.81;12.89;12.93;12.65;12.85;12.89;12.81;12.89;12.93;12.89;12.85;12.81;12.81;12.85;12.85;12.85;12.81;12.85;12.85;12.89;12.85;12.69;12.81;12.89;12.89;12.77;12.85;12.81;12.89;12.69;12.73;12.77;12.73;12.73;12.73
12.61;12.49;12.49;12.25;12.49;12.49;12.45;12.33;12.37;12.37;12.45;12.45;12.53;12.53;12.49;12.49;12.49;12.49;12.61;12.33;12.37;12.37;12.45;12.45;12.49;12.49;12.49;12.49;12.37;12.53;12.53;12.53;12.49;12.45;12.57;12.49;12.53;12.49;12.53;12.57;12.73;12.53;12.61;12.61;12.53;12.53;12.53;12.57;12.57;12.49;12.49;12.45;12.41;12.57;12.49;12.49;12.37;12.25;12.49;12.45;12.53;12.37;12.41;12.45;12.45;12.49;12.49;12.53;12.45;12.41;12.53;12.45;12.49;12.45;12.53;12.49;12.49;12.49;12.53;12.57;12.45;12.61;12.53;12.61;12.57;12.65;12.65;12.53;12.69;12.65;12.45;12.65;12.61;12.53;12.61;12.53;12.61;12.57;12.61;12.53;12.53;12.57;12.61;12.57;12.57;12.49;12.57;12.69;12.45;12.69;12.57;12.57;12.61;12.53;12.61;12.61;12.69;12.77;12.49;12.53;12.53;12.53;12.61;12.61;12.61;12.53;12.53;12.41;12.61;12.69;12.65;12.65;12.61;12.69;12.29;12.53;12.65;12.65;12.65;12.65;12.65;12.61;12.65;12.65;12.53;12.53;12.57;12.53;12.65;12.61;12.57;12.61;12.65;12.69;12.73;12.49;12.57;12.49;12.69;12.61;12.61;12.61;12.65;12.65;12.73;12.73;12.81;12.73;12.73;12.65;12.61;12.57;12.69;12.65;12.49;12.61;12.61;12.69;12.73;12.61;12.65;12.53;12.73;12.61;12.49;12.65;12.65;12.65;12.69;12.65;12.81;12.85;12.69;12.81;12.81;12.73;12.81;12.81;12.85;12.73;12.73;12.73;12.81;12.65;12.57;12.61;12.61;12.65;12.65;12.69;12.73;12.85;12.85;12.81;12.81;12.73;12.73;12.69;12.81;12.73;12.85;12.89;12.69;12.77;12.85;12.81;12.85;12.85;12.77;12.81;12.81;12.89;12.85;12.77;12.85;12.81;12.77;12.73;12.77;12.73;12.77;12.73;12.73;12.73;12.77;12.73;12.81;12.85;12.81;12.81;12.73;12.73;12.73;12.81;12.69;12.73;12.73;12.65;12.73;12.69;12.73;12.77;12.85;12.77;12.77;12.77;12.73;12.73;12.81;12.65;12.73;12.81;12.93;12.73;12.77;12.69;12.73;12.81;12.93;12.73;12.77;12.73;12.85;12.81;12.81;12.81;12.77;12.73;12.73;12.89;12.77;12.81;12.89;12.81;12.85;12.77;12.65;12.81;12.85;12.89;12.85;12.85;12.85;12.89;12.93;12.85;12.81;12.81;12.89;13.05;12.85;12.81;12.85;12.77;12.81;12.85;12.73;12.69;12.73;12.89;12.93;12.85;12.81;12.77;12.89;12.89;12.85;12.85;12.81;12.81;12.69;12.69;12.73;12.73;12.73;12.73
12.53;12.61;12.49;12.41;12.45;12.53;12.45;12.41;12.53;12.49;12.37;12.37;12.49;12.49;12.53;12.53;12.45;12.49;12.53;12.37;12.21;12.37;12.41;12.45;12.45;12.49;12.49;12.49;12.49;12.53;12.49;12.53;12.21;12.49;12.45;12.61;12.53;12.53;12.45;12.57;12.61;12.49;12.53;12.53;12.37;12.53;12.49;12.57;12.53;12.49;12.61;12.65;12.57;12.53;12.45;12.49;12.49;12.45;12.45;12.41;12.37;12.45;12.49;12.41;12.45;12.45;12.49;12.49;12.41;12.33;12.45;12.45;12.49;12.53;12.49;12.53;12.45;12.45;12.45;12.37;12.37;12.49;12.57;12.57;12.61;12.53;12.61;12.61;12.57;12.65;12.45;12.53;12.53;12.57;12.57;12.49;12.53;12.53;12.53;12.49;12.53;12.65;12.57;12.57;12.53;12.49;12.53;12.61;12.65;12.53;12.61;12.57;12.53;12.49;12.53;12.49;12.69;12.61;12.57;12.57;12.57;12.53;12.57;12.61;12.53;12.57;12.53;12.45;12.61;12.65;12.65;12.65;12.61;12.53;12.45;12.61;12.65;12.57;12.65;12.57;12.53;12.65;12.61;12.57;12.61;12.73;12.53;12.73;12.53;12.49;12.49;12.53;12.53;12.69;12.61;12.53;12.53;12.61;12.65;12.61;12.57;12.57;12.57;12.65;12.49;12.69;12.69;12.85;12.77;12.65;12.69;12.69;12.61;12.61;12.57;12.53;12.61;12.69;12.61;12.65;12.73;12.69;12.73;12.65;12.57;12.61;12.65;12.65;12.69;12.77;12.73;12.73;12.73;12.81;12.73;12.73;12.77;12.81;12.81;12.77;12.69;12.69;12.89;12.69;12.69;12.69;12.69;12.73;12.77;12.65;12.73;12.81;12.85;12.77;12.81;12.73;12.69;12.77;12.85;12.69;12.73;12.77;12.81;12.93;12.73;12.85;12.81;12.85;12.73;12.81;12.81;12.81;12.81;12.89;12.69;12.73;12.73;12.73;12.73;12.73;12.73;12.77;12.73;12.77;12.73;12.77;12.69;12.77;12.69;12.77;12.69;12.77;12.69;12.73;12.73;12.73;12.73;12.81;12.73;12.69;12.69;12.93;12.77;12.81;12.73;12.77;12.73;12.69;12.73;12.69;12.81;12.81;12.89;12.81;12.73;12.69;12.73;12.73;12.69;12.73;12.61;12.73;12.81;12.85;12.81;12.81;12.73;12.69;12.73;12.73;12.73;12.81;12.77;12.73;12.73;12.73;12.81;12.85;12.73;12.89;12.81;12.77;12.81;12.77;12.81;12.93;12.85;12.53;12.81;12.89;12.85;12.85;12.77;12.81;12.85;12.85;12.89;12.89;12.93;12.85;12.85;12.77;12.81;12.81;12.81;12.89;12.85;12.89;12.97;12.77;12.69;12.81;12.69;12.73;12.69;12.73
12.49;12.45;12.49;12.45;12.41;12.45;12.37;12.29;12.25;12.49;12.45;12.37;12.41;12.49;12.49;12.65;12.45;12.33;12.37;12.25;12.49;12.49;12.41;12.49;12.33;12.45;12.53;12.49;12.49;12.49;12.49;12.61;12.41;12.37;12.45;12.45;12.53;12.61;12.49;12.53;12.61;12.61;12.57;12.53;12.49;12.53;12.49;12.53;12.53;12.49;12.53;12.61;12.49;12.45;12.37;12.41;12.45;12.37;12.41;12.37;12.33;12.53;12.45;12.25;12.37;12.37;12.49;12.49;12.45;12.45;12.53;12.45;12.49;12.45;12.53;12.53;12.33;12.45;12.45;12.45;12.45;12.49;12.45;12.49;12.57;12.69;12.57;12.61;12.53;12.53;12.57;12.53;12.45;12.45;12.65;12.49;12.49;12.53;12.49;12.45;12.37;12.61;12.45;12.61;12.65;12.53;12.45;12.61;12.57;12.61;12.61;12.53;12.49;12.53;12.49;12.49;12.53;12.65;12.65;12.61;12.53;12.53;12.53;12.49;12.53;12.53;12.53;12.53;12.61;12.61;12.61;12.49;12.65;12.53;12.17;12.45;12.61;12.57;12.57;12.61;12.45;12.53;12.49;12.65;12.65;12.53;12.49;12.49;12.45;12.49;12.45;12.53;12.49;12.65;12.53;12.45;12.53;12.53;12.53;12.65;12.57;12.61;12.49;12.61;12.61;12.61;12.73;12.69;12.77;12.69;12.65;12.65;12.65;12.53;12.61;12.65;12.73;12.65;12.69;12.53;12.69;12.77;12.69;12.65;12.61;12.65;12.65;12.61;12.69;12.73;12.69;12.69;12.57;12.77;12.65;12.85;12.77;12.77;12.81;12.81;12.73;12.73;12.73;12.77;12.65;12.69;12.69;12.73;12.61;12.73;12.73;12.85;12.81;12.73;12.65;12.73;12.73;12.77;12.69;12.77;12.73;12.73;12.85;12.85;12.81;12.73;12.81;12.81;12.81;12.85;12.61;12.81;12.73;12.77;12.69;12.77;12.73;12.69;12.69;12.77;12.73;12.81;12.73;12.77;12.65;12.73;12.61;12.53;12.65;12.73;12.73;12.69;12.73;12.57;12.81;12.69;12.73;12.81;12.81;12.85;12.61;12.81;12.73;12.81;12.81;12.73;12.73;12.73;12.81;12.65;12.61;12.77;12.73;12.73;12.77;12.77;12.85;12.81;12.69;12.73;12.61;12.73;12.77;12.81;12.81;12.77;12.69;12.81;12.73;12.89;12.77;12.73;12.69;12.69;12.69;12.89;12.93;12.81;12.77;12.81;12.85;12.69;12.69;12.69;12.81;12.85;12.77;12.81;12.81;12.85;12.85;12.89;12.85;12.73;12.81;12.89;12.81;12.85;12.73;12.85;12.73;12.69;12.81;12.81;12.69;12.73;12.73;12.81;12.85;12.85;12.69;12.73;12.73;12.73;12.69;12.69
12.49;12.49;12.49;12.49;12.45;12.53;12.45;12.33;12.33;12.33;12.41;12.45;12.37;12.53;12.53;12.49;12.49;12.53;12.29;12.37;12.45;12.37;12.37;12.45;12.45;12.37;12.49;12.53;12.49;12.49;12.41;12.37;12.41;12.41;12.41;12.41;12.45;12.53;12.53;12.49;12.61;12.61;12.53;12.49;12.49;12.49;12.49;12.45;12.57;12.41;12.57;12.57;12.49;12.33;12.49;12.37;12.53;12.49;12.45;12.45;12.29;12.49;12.37;12.33;12.25;12.49;12.37;12.41;12.41;12.33;12.41;12.45;12.21;12.45;12.49;12.45;12.37;12.25;12.37;12.45;12.49;12.53;12.53;12.29;12.61;12.65;12.53;12.57;12.45;12.61;12.53;12.45;12.45;12.49;12.65;12.49;12.41;12.41;12.33;12.53;12.61;12.65;12.49;12.49;12.53;12.49;12.45;12.53;12.53;12.53;12.53;12.57;12.53;12.57;12.53;12.53;12.53;12.65;12.61;12.61;12.61;12.53;12.53;12.45;12.49;12.49;12.65;12.65;12.65;12.53;12.57;12.73;12.49;12.45;12.29;12.45;12.45;12.37;12.57;12.57;12.53;12.61;12.65;12.53;12.65;12.49;12.53;12.41;12.33;12.49;12.49;12.53;12.53;12.57;12.57;12.53;12.49;12.61;12.49;12.57;12.65;12.53;12.49;12.61;12.61;12.61;12.69;12.69;12.69;12.69;12.69;12.69;12.61;12.49;12.61;12.33;12.61;12.73;12.65;12.61;12.61;12.65;12.65;12.61;12.61;12.61;12.69;12.65;12.65;12.85;12.77;12.49;12.69;12.61;12.57;12.73;12.77;12.89;12.81;12.69;12.65;12.73;12.73;12.81;12.65;12.69;12.73;12.65;12.77;12.69;12.77;12.77;12.81;12.85;12.65;12.73;12.73;12.77;12.73;12.73;12.73;12.69;12.81;12.77;12.81;12.77;12.89;12.81;12.81;12.73;12.45;12.61;12.53;12.49;12.61;12.85;12.77;12.81;12.73;12.81;12.69;12.69;12.81;12.73;12.77;12.69;12.69;12.65;12.61;12.65;12.81;12.53;12.65;12.89;12.81;12.69;12.77;12.73;12.77;12.81;12.61;12.81;12.81;12.85;12.73;12.69;12.73;12.77;12.61;12.61;12.69;12.73;12.69;12.81;12.81;12.65;12.81;12.81;12.69;12.73;12.65;12.73;12.81;12.85;12.93;12.85;12.69;12.73;12.73;12.77;12.81;12.73;12.69;12.77;12.73;12.73;12.89;12.77;12.85;12.81;12.89;12.73;12.57;12.53;12.81;12.85;12.77;12.69;12.77;12.73;12.77;12.77;12.81;12.81;12.89;12.81;12.81;12.81;12.81;12.81;12.77;12.73;12.73;12.65;12.49;12.73;12.73;12.85;12.73;12.73;12.69;12.81;12.81;12.77;12.69;12.69
12.49;12.49;12.49;12.49;12.53;12.45;12.45;12.53;12.53;12.41;12.41;12.45;12.33;12.45;12.37;12.33;12.49;12.49;12.45;12.37;12.45;12.37;12.41;12.41;12.45;12.53;12.45;12.37;12.53;12.45;12.57;12.45;12.29;12.45;12.41;12.53;12.49;12.37;12.49;12.61;12.53;12.41;12.53;12.57;12.49;12.49;12.57;12.53;12.49;12.49;12.33;12.45;12.37;12.41;12.45;12.49;12.53;12.45;12.61;12.21;12.37;12.41;12.53;12.45;12.33;12.33;12.37;12.45;12.53;12.49;12.41;12.45;12.45;12.61;12.33;12.41;12.45;12.37;12.53;12.37;12.49;12.49;12.49;12.57;12.57;12.61;12.49;12.49;12.53;12.53;12.53;12.41;12.53;12.45;12.61;12.61;12.53;12.53;12.61;12.53;12.53;12.65;12.49;12.53;12.53;12.45;12.53;12.65;12.57;12.53;12.53;12.61;12.61;12.53;12.53;12.57;12.69;12.57;12.65;12.61;12.57;12.53;12.53;12.49;12.49;12.61;12.61;12.65;12.65;12.61;12.69;12.69;12.57;12.53;12.37;12.37;12.53;12.45;12.53;12.57;12.65;12.57;12.69;12.65;12.53;12.53;12.41;12.53;12.53;12.49;12.49;12.45;12.53;12.53;12.53;12.57;12.69;12.65;12.57;12.45;12.53;12.57;12.53;12.61;12.45;12.61;12.73;12.65;12.65;12.73;12.73;12.85;12.69;12.61;12.49;12.57;12.57;12.61;12.61;12.65;12.61;12.61;12.65;12.61;12.73;12.53;12.73;12.73;12.81;12.77;12.85;12.69;12.69;12.61;12.73;12.69;12.81;12.77;12.77;12.69;12.73;12.69;12.65;12.61;12.61;12.65;12.65;12.65;12.69;12.77;12.93;12.89;12.85;12.69;12.81;12.73;12.73;12.73;12.69;12.69;12.77;12.69;12.73;12.81;12.69;12.77;12.73;12.81;12.69;12.69;12.85;12.69;12.81;12.93;12.73;12.85;12.81;12.85;12.93;12.65;12.81;12.73;12.85;12.73;12.69;12.69;12.65;12.69;12.61;12.65;12.65;12.81;12.73;12.73;12.77;12.73;12.73;12.73;12.73;13.01;12.81;12.85;12.81;12.73;12.73;12.69;12.73;12.73;12.81;12.65;12.69;12.73;12.77;12.85;12.89;12.81;12.73;12.73;12.57;12.73;12.69;12.77;12.93;12.85;12.85;12.77;12.81;12.69;12.69;12.81;12.73;12.69;12.69;12.73;12.77;12.81;12.77;12.73;12.81;12.81;12.81;12.73;12.77;12.61;12.81;12.77;12.73;12.81;12.73;12.81;12.81;12.61;12.69;12.77;12.93;12.77;12.85;12.85;12.85;12.73;12.77;12.73;12.77;12.65;12.65;12.65;12.65;12.85;12.89;12.93;12.81;12.85;12.73;12.73;12.69;12.69
12.25;12.37;12.49;12.53;12.33;12.45;12.41;12.41;12.41;12.45;12.41;12.33;12.41;12.49;12.37;12.37;12.37;12.33;12.45;12.41;12.33;12.37;12.37;12.29;12.49;12.45;12.45;12.33;12.37;12.41;12.41;12.49;12.45;12.37;12.37;12.45;12.45;12.53;12.41;12.45;12.53;12.49;12.53;12.49;12.41;12.33;12.49;12.53;12.49;12.45;12.49;12.49;12.45;12.45;12.37;12.45;12.49;12.41;12.33;12.33;12.37;12.37;12.41;12.49;12.45;12.45;12.41;12.49;12.45;12.45;12.49;12.37;12.37;12.41;12.37;12.45;12.41;12.41;12.37;12.45;12.37;12.49;12.49;12.53;12.57;12.45;12.57;12.61;12.57;12.53;12.61;12.53;12.57;12.57;12.49;12.49;12.49;12.45;12.49;12.53;12.53;12.53;12.53;12.49;12.49;12.33;12.49;12.49;12.49;12.53;12.49;12.53;12.65;12.61;12.49;12.57;12.57;12.65;12.65;12.53;12.61;12.49;12.49;12.53;12.49;12.53;12.61;12.61;12.53;12.49;12.57;12.61;12.49;12.45;12.37;12.53;12.61;12.53;12.53;12.57;12.53;12.61;12.69;12.61;12.61;12.49;12.53;12.53;12.49;12.45;12.45;12.61;12.53;12.53;12.45;12.57;12.57;12.57;12.65;12.45;12.53;12.37;12.57;12.49;12.57;12.61;12.49;12.53;12.65;12.65;12.73;12.73;12.69;12.73;12.61;12.57;12.61;12.61;12.53;12.49;12.61;12.61;12.65;12.61;12.65;12.73;12.69;12.69;12.73;12.77;12.65;12.65;12.69;12.65;12.73;12.81;12.65;12.61;12.69;12.65;12.69;12.65;12.69;12.73;12.65;12.49;12.61;12.69;12.85;12.81;12.73;12.85;12.85;12.73;12.77;12.73;12.69;12.81;12.69;12.77;12.73;12.73;12.81;12.77;12.89;12.81;12.61;12.73;12.73;12.85;12.73;12.73;12.69;12.81;12.69;12.81;12.85;12.81;12.89;12.81;12.85;12.69;12.73;12.69;12.77;12.73;12.85;12.69;12.65;12.69;12.53;12.69;12.69;12.73;12.73;12.73;12.73;12.73;12.81;12.85;12.85;12.73;12.69;12.73;12.73;12.77;12.69;12.77;12.77;12.73;12.69;12.73;12.77;12.57;12.85;12.85;12.81;12.73;12.69;12.73;12.69;12.73;12.89;12.73;12.77;12.89;12.69;12.73;12.73;12.85;12.89;12.73;12.77;12.65;12.73;12.77;12.73;12.49;12.89;12.73;12.77;12.77;12.81;12.61;12.77;12.77;12.73;12.61;12.73;12.73;12.81;12.73;12.81;12.81;12.73;12.69;12.73;12.81;12.45;12.69;12.69;12.81;12.81;12.65;12.65;12.69;12.73;12.89;12.81;12.85;12.89;12.81;12.77;12.61;12.65;12.65
12.33;12.41;12.45;12.45;12.45;12.41;12.25;12.37;12.49;12.41;12.41;12.17;12.45;12.41;12.37;12.37;12.45;12.49;12.33;12.37;12.37;12.37;12.37;12.53;12.41;12.45;12.45;12.41;12.45;12.41;12.37;12.37;12.41;12.25;12.49;12.45;12.49;12.53;12.37;12.45;12.49;12.49;12.49;12.49;12.45;12.45;12.49;12.53;12.45;12.45;12.49;12.37;12.45;12.49;12.49;12.45;12.45;12.29;12.45;12.37;12.49;12.41;12.53;12.53;12.61;12.45;12.53;12.45;12.33;12.45;12.49;12.53;12.41;12.37;12.37;12.45;12.49;12.49;12.45;12.45;12.49;12.53;12.61;12.61;12.65;12.49;12.53;12.57;12.69;12.57;12.61;12.61;12.61;12.53;12.57;12.53;12.53;12.53;12.53;12.53;12.53;12.49;12.53;12.53;12.53;12.41;12.41;12.53;12.57;12.53;12.65;12.61;12.69;12.53;12.53;12.57;12.41;12.61;12.61;12.41;12.53;12.49;12.53;12.53;12.53;12.53;12.53;12.57;12.45;12.65;12.57;12.69;12.61;12.53;12.69;12.65;12.61;12.53;12.57;12.57;12.61;12.61;12.81;12.77;12.69;12.65;12.65;12.53;12.41;12.49;12.49;12.41;12.53;12.53;12.53;12.49;12.49;12.61;12.57;12.81;12.61;12.61;12.53;12.65;12.65;12.65;12.69;12.81;12.65;12.65;12.69;12.69;12.69;12.69;12.65;12.65;12.61;12.61;12.65;12.49;12.61;12.65;12.65;12.57;12.65;12.65;12.61;12.69;12.69;12.73;12.69;12.69;12.69;12.81;12.77;12.77;12.77;12.73;12.57;12.73;12.65;12.61;12.69;12.69;12.69;12.61;12.69;12.73;12.85;12.89;12.93;12.89;12.85;12.73;12.77;12.81;12.73;12.73;12.69;12.69;12.73;12.73;12.73;13.05;12.85;12.69;12.69;12.69;12.77;12.81;12.85;12.69;12.77;12.77;12.65;12.81;12.69;12.73;12.69;12.81;12.81;12.81;12.77;12.81;12.77;12.73;12.65;12.69;12.69;12.73;12.69;12.69;12.69;12.53;12.73;12.77;12.77;12.73;12.81;12.81;12.81;12.81;12.81;12.69;12.73;12.69;12.69;12.69;12.77;12.73;12.77;12.69;12.81;12.89;12.85;12.81;12.81;12.77;12.69;12.65;12.53;12.65;13.05;12.85;12.89;12.81;12.85;12.81;12.81;12.85;12.81;12.65;12.77;12.85;12.85;12.89;12.73;12.73;12.77;12.65;12.81;12.81;12.81;12.85;12.81;12.77;12.81;12.73;12.73;12.73;12.73;12.81;12.81;12.81;12.73;12.81;12.73;12.73;12.77;12.81;12.81;12.73;12.73;12.73;12.89;12.69;12.81;12.73;12.89;12.97;12.77;12.81;12.65;12.61;12.65;12.65
12.37;12.45;12.45;12.45;12.21;12.53;12.45;12.41;12.49;12.45;12.49;12.41;12.29;12.41;12.37;12.29;12.37;12.57;12.53;12.41;12.45;12.41;12.37;12.33;12.37;12.45;12.53;12.45;12.45;12.53;12.37;12.37;12.37;12.45;12.45;12.41;12.65;12.53;12.41;12.45;12.45;12.53;12.57;12.49;12.49;12.49;12.49;12.49;12.37;12.45;12.49;12.41;12.53;12.45;12.49;12.37;12.45;12.45;12.37;12.49;12.49;12.45;12.45;12.49;12.53;12.53;12.41;12.33;12.41;12.41;12.45;12.65;12.45;12.61;12.33;12.45;12.65;12.37;12.57;12.49;12.53;12.57;12.57;12.53;12.45;12.53;12.57;12.57;12.57;12.53;12.53;12.61;12.61;12.61;12.53;12.53;12.53;12.53;12.61;12.53;12.49;12.65;12.53;12.45;12.45;12.41;12.41;12.61;12.49;12.49;12.65;12.65;12.61;12.61;12.53;12.57;12.57;12.61;12.53;12.53;12.41;12.53;12.61;12.45;12.53;12.53;12.65;12.37;12.57;12.37;12.61;12.61;12.53;12.41;12.73;12.61;12.65;12.57;12.53;12.65;12.61;12.65;12.57;12.65;12.57;12.61;12.45;12.65;12.61;12.49;12.53;12.49;12.57;12.53;12.57;12.61;12.61;12.61;12.57;12.61;12.61;12.73;12.65;12.69;12.69;12.69;12.73;12.69;12.69;12.69;12.69;12.69;12.73;12.65;12.65;12.61;12.53;12.61;12.65;12.77;12.61;12.65;12.77;12.61;12.61;12.65;12.61;12.65;12.69;12.73;12.73;12.69;12.69;12.81;12.77;12.69;12.81;12.69;12.61;12.61;12.61;12.69;12.81;12.73;12.77;12.61;12.61;12.81;12.81;12.93;12.85;13.01;12.93;12.81;12.81;12.77;12.69;12.69;12.73;12.73;12.73;12.73;12.73;12.77;12.81;12.65;12.81;12.85;12.69;12.81;12.81;13.01;12.85;13.01;12.77;12.81;12.77;12.77;12.73;12.85;12.81;12.81;12.81;12.85;12.73;12.81;12.65;12.69;12.73;12.85;12.89;12.65;12.69;12.65;12.65;12.69;12.73;12.85;12.81;12.61;12.85;12.81;12.77;12.77;12.73;12.73;12.81;12.81;12.81;12.81;12.77;12.85;12.89;12.81;12.81;12.69;12.81;12.81;12.61;12.65;12.77;12.69;12.81;12.85;12.81;12.77;12.85;13.09;12.85;12.85;12.85;12.81;12.81;12.81;12.85;12.73;12.73;12.81;12.89;12.85;13.01;12.81;12.81;12.77;12.81;12.93;12.73;12.77;12.81;12.85;12.81;12.81;12.77;12.81;12.85;12.77;12.69;12.81;12.89;12.81;12.81;12.77;12.77;12.85;12.65;12.73;12.69;12.81;12.81;12.93;12.81;12.81;12.73;12.85;12.65;12.65
12.41;12.37;12.45;12.45;12.45;12.49;12.49;12.53;12.45;12.41;12.41;12.45;12.33;12.29;12.33;12.49;12.61;12.49;12.41;12.45;12.45;12.37;12.33;12.33;12.37;12.41;12.49;12.53;12.53;12.45;12.45;12.41;12.37;12.37;12.37;12.49;12.49;12.53;12.45;12.49;12.49;12.45;12.49;12.49;12.45;12.49;12.49;12.69;12.53;12.45;12.53;12.53;12.49;12.45;12.33;12.37;12.41;12.65;12.45;12.45;12.37;12.45;12.45;12.41;12.49;12.53;12.49;12.49;12.41;12.61;12.41;12.49;12.33;12.41;12.33;12.45;12.53;12.49;12.45;12.53;12.53;12.53;12.49;12.45;12.49;12.61;12.45;12.53;12.41;12.53;12.45;12.53;12.53;12.61;12.53;12.45;12.37;12.61;12.65;12.65;12.53;12.45;12.53;12.49;12.45;12.45;12.45;12.49;12.53;12.49;12.57;12.65;12.61;12.57;12.53;12.61;12.61;12.61;12.41;12.65;12.57;12.53;12.69;12.61;12.57;12.73;12.61;12.41;12.37;12.61;12.53;12.53;12.57;12.49;12.53;12.57;12.49;12.49;12.45;12.61;12.65;12.41;12.69;12.61;12.61;12.61;12.57;12.57;12.57;12.65;12.53;12.65;12.61;12.61;12.61;12.57;12.53;12.61;12.57;12.65;12.61;12.61;12.65;12.69;12.53;12.73;12.69;12.65;12.65;12.61;12.73;12.65;12.77;12.73;12.57;12.61;12.53;12.61;12.65;12.69;12.65;12.61;12.65;12.61;12.57;12.81;12.65;12.69;12.69;12.65;12.73;12.77;12.77;12.73;12.73;12.77;12.85;12.69;12.61;12.61;12.85;12.69;12.69;12.61;12.61;12.57;12.65;12.73;12.81;12.85;12.85;12.89;12.89;12.81;12.81;12.69;12.65;12.69;12.73;12.73;12.69;12.73;12.65;12.81;12.73;12.73;12.69;12.97;12.85;12.81;12.97;12.93;12.93;12.85;12.81;12.69;12.69;12.81;12.73;12.81;12.69;12.73;12.85;12.85;12.73;12.65;12.69;12.73;12.73;12.77;12.73;12.73;12.77;12.77;12.61;12.69;12.81;12.73;12.69;12.73;12.73;12.81;12.77;12.77;12.81;12.81;12.69;12.73;12.81;12.77;12.73;12.85;12.81;12.81;12.81;12.73;12.81;12.81;12.57;12.65;12.65;12.73;12.73;12.81;12.81;12.81;12.73;12.85;12.85;12.89;12.81;12.81;12.77;12.73;12.85;12.73;12.73;12.73;12.81;12.85;12.81;12.81;12.81;12.81;12.81;12.73;12.77;12.73;12.81;12.85;12.81;12.85;12.77;12.85;12.69;12.73;12.69;12.77;12.77;12.77;12.73;12.73;12.81;12.81;12.85;12.69;12.73;12.73;12.81;12.73;12.73;12.81;12.65;12.73;12.65;12.65
12.45;12.41;12.45;12.45;12.45;12.49;12.49;12.53;12.37;12.33;12.49;12.61;12.57;12.57;12.41;12.49;12.53;12.49;12.45;12.45;12.33;12.45;12.45;12.37;12.25;12.41;12.45;12.45;12.53;12.49;12.45;12.37;12.61;12.45;12.45;12.49;12.49;12.61;12.53;12.53;12.49;12.45;12.53;12.49;12.45;12.49;12.53;12.53;12.45;12.53;12.53;12.53;12.49;12.49;12.45;12.49;12.45;12.41;12.53;12.49;12.45;12.37;12.49;12.45;12.53;12.53;12.53;12.49;12.49;12.45;12.45;12.49;12.41;12.45;12.45;12.61;12.45;12.45;12.45;12.45;12.49;12.41;12.45;12.49;12.57;12.49;12.37;12.49;12.49;12.49;12.41;12.41;12.45;12.49;12.53;12.49;12.57;12.61;12.61;12.61;12.53;12.53;12.53;12.61;12.53;12.65;12.45;12.53;12.57;12.61;12.65;12.69;12.61;12.53;12.57;12.45;12.53;12.57;12.37;12.53;12.61;12.53;12.53;12.53;12.61;12.61;12.69;12.57;12.61;12.61;12.61;12.61;12.57;12.53;12.53;12.57;12.57;12.49;12.69;12.65;12.65;12.61;12.65;12.53;12.53;12.61;12.61;12.61;12.61;12.61;12.41;12.57;12.65;12.61;12.57;12.65;12.57;12.65;12.69;12.45;12.61;12.61;12.61;12.65;12.69;12.69;12.77;12.65;12.61;12.69;12.69;12.69;12.69;12.69;12.69;12.65;12.69;12.69;12.65;12.73;12.81;12.65;12.65;12.65;12.69;12.69;12.65;12.73;12.81;12.69;13.01;12.81;12.69;12.73;12.73;12.73;12.77;12.89;12.93;12.73;12.77;12.69;12.65;12.65;12.61;12.69;12.73;12.69;12.69;12.61;12.73;12.85;12.85;12.81;12.81;12.69;12.65;12.65;12.85;12.73;12.73;12.69;12.73;12.85;12.81;12.77;12.65;12.85;12.85;12.81;12.81;12.85;12.81;12.89;12.69;12.85;12.81;12.69;12.81;12.81;13.01;12.73;12.93;13.01;12.73;12.73;12.61;12.69;12.73;12.69;12.69;12.57;12.77;12.81;12.93;12.85;12.81;12.81;12.85;12.69;12.73;12.81;12.85;12.77;12.81;12.73;12.69;12.81;12.81;12.77;12.85;12.65;12.85;12.89;12.69;12.77;12.69;12.77;12.69;12.73;12.69;12.73;12.69;12.81;12.85;12.65;12.69;12.81;12.77;12.85;12.81;12.81;12.73;12.73;12.73;12.85;12.81;12.61;12.85;12.81;12.85;12.81;12.81;12.77;12.81;12.81;12.77;12.77;12.73;12.85;12.93;12.69;12.81;12.81;12.89;12.69;12.73;12.77;12.69;12.73;12.73;12.73;12.73;12.77;12.77;12.73;12.73;12.77;12.73;12.81;12.73;12.65;12.69;12.69;12.69;12.69
12.37;12.61;12.45;12.49;12.49;12.49;12.49;12.45;12.41;12.49;12.41;12.53;12.53;12.45;12.49;12.49;12.45;12.45;12.49;12.37;12.41;12.33;12.53;12.49;12.41;12.49;12.45;12.45;12.49;12.53;12.53;12.49;12.49;12.49;12.33;12.49;12.45;12.45;12.33;12.49;12.49;12.49;12.53;12.49;12.45;12.49;12.69;12.49;12.49;12.49;12.49;12.53;12.53;12.49;12.49;12.45;12.49;12.53;12.53;12.53;12.49;12.49;12.49;12.57;12.41;12.53;12.45;12.37;12.49;12.41;12.45;12.41;12.65;12.45;12.45;12.45;12.37;12.41;12.45;12.53;12.45;12.53;12.49;12.49;12.49;12.61;12.49;12.53;12.53;12.49;12.45;12.45;12.45;12.49;12.49;12.49;12.57;12.57;12.45;12.49;12.45;12.49;12.45;12.45;12.53;12.61;12.45;12.65;12.65;12.61;12.61;12.69;12.49;12.53;12.53;12.49;12.53;12.57;12.61;12.53;12.61;12.53;12.57;12.53;12.73;12.65;12.57;12.61;12.61;12.57;12.61;12.65;12.61;12.53;12.57;12.57;12.53;12.53;12.57;12.69;12.61;12.61;12.73;12.61;12.65;12.73;12.61;12.61;12.61;12.49;12.45;12.61;12.53;12.65;12.65;12.61;12.65;12.65;12.61;12.57;12.61;12.53;12.73;12.65;12.65;12.69;12.69;12.65;12.61;12.69;12.65;12.69;12.69;12.69;12.65;12.69;12.65;12.61;12.49;12.61;12.69;12.65;12.65;12.61;12.61;12.69;12.69;12.73;12.73;12.65;12.69;12.61;12.65;12.69;12.73;12.73;12.77;12.73;12.81;12.61;12.57;12.65;12.61;12.73;12.65;12.65;12.69;12.81;12.65;12.61;12.65;12.85;12.81;12.81;13.01;12.73;12.65;12.69;12.73;12.73;12.81;12.69;12.69;12.81;12.93;12.65;12.73;12.85;12.81;12.85;12.85;12.89;12.85;12.93;12.77;12.89;12.77;12.85;12.77;12.81;12.81;12.77;12.85;12.65;12.73;12.85;12.69;12.69;12.69;12.69;12.69;12.73;12.73;12.85;12.69;12.81;12.81;12.73;12.81;12.77;12.73;12.73;12.85;12.85;12.73;12.69;12.73;12.85;12.85;12.85;12.85;12.81;12.93;12.81;12.81;12.69;12.73;12.85;12.65;12.69;12.69;12.81;12.77;12.85;12.73;12.77;12.73;12.65;12.73;12.85;12.73;12.73;12.73;12.77;12.81;12.81;12.89;12.69;12.69;12.73;12.85;12.69;12.81;12.65;12.77;12.77;12.81;12.81;12.77;12.77;12.69;12.69;12.65;12.81;12.73;12.73;12.69;12.77;12.89;12.77;12.73;12.73;12.65;12.77;12.77;12.73;12.77;12.73;12.69;12.73;12.69;12.69;12.69;12.69;12.69;12.65
12.37;12.45;12.49;12.45;12.45;12.45;12.45;12.45;12.41;12.37;12.53;12.49;12.53;12.49;12.45;12.41;12.45;12.45;12.45;12.25;12.45;12.49;12.49;12.53;12.45;12.53;12.61;12.45;12.53;12.45;12.49;12.37;12.41;12.45;12.49;12.45;12.61;12.45;12.41;12.41;12.49;12.53;12.53;12.37;12.45;12.61;12.53;12.45;12.45;12.49;12.49;12.53;12.49;12.49;12.45;12.49;12.65;12.49;12.49;12.53;12.53;12.65;12.53;12.45;12.53;12.53;12.53;12.61;12.45;12.49;12.49;12.53;12.41;12.41;12.45;12.49;12.41;12.37;12.49;12.45;12.33;12.41;12.41;12.45;12.61;12.41;12.61;12.49;12.53;12.53;12.45;12.45;12.33;12.53;12.57;12.45;12.53;12.61;12.49;12.45;12.45;12.49;12.41;12.45;12.49;12.53;12.49;12.53;12.53;12.61;12.61;12.61;12.49;12.53;12.53;12.45;12.61;12.65;12.53;12.53;12.53;12.49;12.57;12.61;12.61;12.41;12.65;12.61;12.53;12.53;12.49;12.65;12.65;12.49;12.53;12.45;12.57;12.57;12.53;12.65;12.65;12.53;12.69;12.61;12.61;12.65;12.69;12.69;12.53;12.53;12.53;12.53;12.53;12.61;12.61;12.69;12.61;12.69;12.49;12.69;12.65;12.61;12.69;12.69;12.81;12.53;12.69;12.65;12.53;12.61;12.65;12.69;12.65;12.65;12.49;12.65;12.61;12.57;12.61;12.65;12.61;12.61;12.65;12.61;12.61;12.61;12.57;12.69;12.65;12.65;12.61;12.65;12.65;12.69;12.69;12.73;12.73;12.69;12.69;12.53;12.61;12.53;12.49;12.65;12.69;12.61;12.69;12.77;12.65;12.81;12.69;12.69;12.85;12.77;12.65;12.69;12.61;12.65;12.73;12.73;12.81;12.73;12.65;12.53;12.77;12.81;12.85;12.81;12.73;12.89;12.81;12.73;13.01;12.89;12.77;12.89;12.85;12.69;12.81;12.77;12.81;12.65;12.81;12.73;12.73;12.85;12.81;12.81;12.69;12.69;12.77;12.81;12.81;12.73;12.73;12.73;12.49;12.69;12.73;12.77;12.69;12.77;12.81;12.81;12.85;12.73;12.73;12.73;12.85;12.77;12.81;12.81;12.65;12.77;12.81;12.65;12.61;12.61;12.61;12.69;12.69;12.77;12.61;12.85;12.77;12.73;12.73;12.61;12.73;12.53;12.73;12.81;12.69;12.69;12.85;12.81;12.81;12.57;12.81;12.73;12.85;12.89;12.69;12.81;12.77;12.77;12.81;12.89;12.89;12.85;12.69;12.73;12.77;12.69;12.65;12.65;12.65;12.81;12.73;12.57;12.73;12.73;12.69;12.77;12.69;12.81;12.69;12.73;12.77;12.77;12.69;12.69;12.69;12.69;12.57;12.65
12.45;12.49;12.45;12.45;12.45;12.45;12.33;12.45;12.45;12.49;12.49;12.61;12.45;12.45;12.45;12.45;12.45;12.45;12.45;12.53;12.49;12.41;12.37;12.53;12.57;12.61;12.45;12.45;12.49;12.49;12.45;12.45;12.29;12.45;12.45;12.49;12.33;12.49;12.53;12.37;12.49;12.53;12.57;12.53;12.65;12.45;12.49;12.45;12.45;12.37;12.61;12.49;12.45;12.33;12.45;12.49;12.49;12.37;12.49;12.49;12.53;12.53;12.37;12.57;12.41;12.61;12.53;12.53;12.53;12.49;12.49;12.45;12.29;12.45;12.57;12.37;12.41;12.41;12.49;12.49;12.45;12.33;12.37;12.49;12.53;12.37;12.37;12.57;12.49;12.49;12.53;12.49;12.53;12.53;12.53;12.53;12.53;12.57;12.45;12.53;12.49;12.49;12.53;12.61;12.57;12.65;12.61;12.53;12.57;12.53;12.61;12.53;12.49;12.53;12.45;12.49;12.65;12.61;12.49;12.53;12.69;12.53;12.61;12.57;12.61;12.53;12.69;12.65;12.53;12.53;12.69;12.81;12.61;12.41;12.49;12.57;12.69;12.61;12.61;12.61;12.65;12.49;12.61;12.61;12.65;12.69;12.69;12.65;12.53;12.61;12.49;12.53;12.49;12.57;12.53;12.53;12.53;12.69;12.61;12.61;12.65;12.61;12.53;12.69;12.69;12.61;12.61;12.57;12.65;12.53;12.61;12.65;12.61;12.69;12.49;12.65;12.53;12.53;12.61;12.53;12.65;12.61;12.65;12.61;12.61;12.69;12.61;12.61;12.65;12.65;12.65;12.65;12.49;12.65;12.69;12.69;12.73;12.65;12.69;12.65;12.65;12.45;12.77;12.53;12.65;12.61;12.65;12.65;12.77;12.89;12.49;12.69;12.57;12.69;12.53;12.65;12.49;12.69;12.65;12.65;12.73;12.73;12.69;12.81;12.65;12.93;12.93;12.97;13.01;12.85;12.89;12.81;12.81;12.73;12.81;12.85;12.73;12.85;12.81;12.65;12.69;12.77;12.81;12.81;12.69;12.69;12.73;12.81;12.81;12.69;12.81;12.85;12.73;12.81;12.73;12.77;12.81;12.81;12.81;12.77;12.81;12.73;12.81;12.93;12.85;12.77;12.77;12.73;12.89;12.77;12.65;12.69;12.57;12.65;12.85;12.65;12.53;12.61;12.61;12.69;12.69;12.77;12.89;12.81;12.73;12.65;12.73;12.69;12.77;12.85;12.73;12.65;12.69;12.77;12.77;12.77;12.73;12.73;12.89;12.81;12.85;12.81;12.69;12.77;12.77;12.73;12.89;12.81;13.01;12.89;12.73;12.69;12.69;12.65;12.65;12.65;12.69;12.85;12.73;12.69;12.61;12.73;12.65;12.69;12.65;12.61;12.69;12.69;12.69;12.81;12.65;12.73;12.65;12.65;12.61;12.77
12.53;12.53;12.49;12.45;12.41;12.41;12.49;12.61;12.49;12.45;12.37;12.45;12.49;12.37;12.45;12.41;12.49;12.41;12.45;12.41;12.45;12.45;12.37;12.29;12.33;12.53;12.49;12.49;12.45;12.45;12.45;12.41;12.37;12.41;12.33;12.49;12.41;12.45;12.45;12.33;12.37;12.45;12.49;12.33;12.53;12.53;12.45;12.45;12.45;12.41;12.45;12.49;12.45;12.45;12.29;12.53;12.49;12.49;12.45;12.45;12.53;12.53;12.65;12.49;12.49;12.53;12.61;12.49;12.33;12.49;12.49;12.37;12.49;12.57;12.37;12.41;12.37;12.45;12.37;12.53;12.45;12.33;12.37;12.41;12.37;12.49;12.49;12.45;12.37;12.37;12.53;12.53;12.49;12.45;12.53;12.49;12.53;12.29;12.45;12.53;12.49;12.49;12.33;12.45;12.61;12.49;12.45;12.45;12.37;12.53;12.53;12.65;12.53;12.53;12.69;12.69;12.57;12.57;12.45;12.45;12.49;12.49;12.49;12.57;12.53;12.61;12.61;12.69;12.49;12.61;12.57;12.65;12.53;12.45;12.41;12.65;12.61;12.61;12.49;12.53;12.53;12.53;12.29;12.65;12.61;12.73;12.69;12.61;12.61;12.53;12.49;12.57;12.61;12.61;12.53;12.53;12.57;12.65;12.61;12.61;12.65;12.61;12.69;12.65;12.65;12.61;12.61;12.53;12.57;12.61;12.65;12.61;12.57;12.49;12.37;12.53;12.57;12.69;12.61;12.53;12.49;12.65;12.65;12.65;12.61;12.61;12.61;12.61;12.61;12.65;12.61;12.65;12.53;12.65;12.61;12.65;12.65;12.69;12.69;12.65;12.65;12.61;12.61;12.65;12.73;12.49;12.65;12.69;12.65;12.57;12.57;12.69;12.65;12.65;12.61;12.69;12.65;12.61;12.65;12.57;12.69;12.73;12.77;12.77;12.61;12.73;12.81;12.69;12.85;12.89;12.65;12.81;12.81;12.81;12.73;12.81;12.73;12.85;12.81;12.69;12.69;12.77;12.81;12.81;12.61;12.69;12.69;12.85;12.73;12.57;12.81;12.81;12.81;12.81;12.85;12.85;12.89;12.77;12.81;12.81;12.65;12.61;12.77;12.77;12.85;12.81;12.69;12.73;12.73;12.69;12.61;12.61;12.73;12.69;12.61;12.69;12.65;12.69;12.81;12.85;12.85;12.85;13.01;12.93;12.93;12.73;12.81;12.81;12.85;12.81;12.69;12.77;12.85;12.65;12.81;12.81;12.93;12.69;12.73;12.81;12.85;12.81;12.77;12.65;12.73;12.69;12.81;12.73;12.73;12.85;12.81;12.81;12.61;12.69;12.69;12.65;12.65;12.73;12.73;12.73;12.73;12.53;12.65;12.57;12.53;12.53;12.69;12.69;12.73;12.61;12.65;12.61;12.53;12.65;12.57;12.69
12.45;12.41;12.37;12.41;12.29;12.41;12.45;12.45;12.49;12.45;12.45;12.57;12.37;12.37;12.33;12.45;12.61;12.41;12.53;12.25;12.33;12.37;12.37;12.41;12.37;12.41;12.49;12.49;12.49;12.49;12.57;12.37;12.37;12.33;12.33;12.33;12.37;12.45;12.45;12.45;12.45;12.45;12.41;12.45;12.45;12.45;12.45;12.45;12.49;12.49;12.53;12.49;12.41;12.41;12.45;12.33;12.45;12.49;12.49;12.49;12.49;12.53;12.49;12.45;12.37;12.45;12.45;12.49;12.45;12.29;12.37;12.45;12.45;12.33;12.45;12.33;12.37;12.37;12.41;12.45;12.45;12.45;12.33;12.41;12.45;12.41;12.45;12.49;12.33;12.37;12.29;12.45;12.29;12.45;12.61;12.45;12.45;12.33;12.49;12.53;12.49;12.53;12.33;12.49;12.49;12.45;12.45;12.49;12.49;12.53;12.41;12.61;12.45;12.57;12.53;12.53;12.57;12.45;12.49;12.45;12.57;12.41;12.49;12.45;12.53;12.61;12.49;12.61;12.57;12.53;12.61;12.57;12.53;12.61;12.53;12.65;12.49;12.61;12.49;12.53;12.69;12.57;12.61;12.65;12.69;12.81;12.61;12.61;12.53;12.53;12.41;12.61;12.61;12.61;12.61;12.53;12.57;12.61;12.61;12.65;12.61;12.53;12.65;12.69;12.65;12.61;12.61;12.61;12.57;12.45;12.61;12.65;12.57;12.53;12.53;12.61;12.61;12.61;12.49;12.53;12.53;12.61;12.61;12.53;12.61;12.61;12.61;12.65;12.61;12.69;12.37;12.53;12.53;12.65;12.69;12.65;12.65;12.53;12.61;12.61;12.65;12.53;12.65;12.61;12.61;12.53;12.65;12.53;12.61;12.81;12.57;12.73;12.65;12.65;12.65;12.65;12.65;12.61;12.57;12.61;12.73;12.81;12.73;12.65;12.73;12.73;12.81;12.85;12.81;12.81;12.77;12.81;12.69;12.73;12.69;12.73;12.69;12.81;12.85;12.81;12.77;12.81;12.73;12.81;12.61;12.81;12.73;12.65;12.65;12.73;12.73;12.73;12.85;12.85;12.61;12.89;12.81;12.81;12.81;12.69;12.69;12.65;12.73;12.73;12.81;12.81;12.69;12.49;12.69;12.69;12.53;12.61;12.73;12.69;12.65;12.61;12.77;12.73;12.81;12.77;12.65;12.69;12.81;12.89;12.77;12.73;12.81;12.73;12.73;12.73;12.73;12.81;12.69;12.65;12.73;12.93;12.77;12.65;12.81;12.77;12.69;12.77;12.77;12.73;12.65;12.73;12.81;12.81;12.81;12.65;12.81;12.65;12.69;12.73;12.73;12.65;12.53;12.61;12.65;12.65;12.45;12.65;12.61;12.49;12.61;12.65;12.69;12.65;12.61;12.61;12.69;12.61;12.53;12.81;12.53;12.49
12.37;12.37;12.37;12.37;12.49;12.41;12.37;12.33;12.57;12.41;12.53;12.53;12.49;12.41;12.37;12.33;12.33;12.37;12.33;12.41;12.33;12.41;12.37;12.49;12.33;12.25;12.49;12.65;12.45;12.29;12.37;12.45;12.53;12.37;12.41;12.45;12.53;12.65;12.45;12.45;12.29;12.45;12.41;12.37;12.49;12.49;12.49;12.49;12.65;12.53;12.53;12.61;12.49;12.45;12.37;12.45;12.41;12.49;12.49;12.45;12.45;12.49;12.49;12.29;12.45;12.41;12.45;12.49;12.37;12.37;12.37;12.45;12.45;12.37;12.49;12.53;12.33;12.49;12.45;12.49;12.49;12.45;12.41;12.41;12.49;12.45;12.53;12.45;12.45;12.45;12.49;12.45;12.45;12.61;12.53;12.45;12.33;12.61;12.49;12.53;12.49;12.69;12.41;12.45;12.49;12.37;12.45;12.49;12.49;12.65;12.65;12.69;12.53;12.49;12.49;12.53;12.53;12.57;12.45;12.49;12.45;12.45;12.53;12.53;12.77;12.49;12.57;12.57;12.53;12.61;12.53;12.53;12.53;12.73;12.65;12.61;12.57;12.53;12.61;12.65;12.61;12.65;12.65;12.53;12.69;12.85;12.69;12.61;12.61;12.53;12.53;12.57;12.61;12.61;12.53;12.53;12.41;12.61;12.53;12.69;12.65;12.65;12.57;12.65;12.61;12.65;12.65;12.61;12.65;12.65;12.69;12.61;12.61;12.37;12.61;12.53;12.65;12.61;12.61;12.65;12.77;12.61;12.69;12.53;12.57;12.73;12.65;12.61;12.53;12.61;12.57;12.61;12.65;12.73;12.61;12.65;12.65;12.73;12.69;12.73;12.61;12.61;12.69;12.61;12.69;12.69;12.73;12.65;12.69;12.69;12.69;12.73;12.73;12.85;12.73;12.69;12.65;12.49;12.53;12.65;12.73;12.81;12.69;12.73;12.81;12.81;12.85;12.85;12.69;12.81;12.65;12.73;12.73;12.69;12.65;12.81;12.77;12.73;12.93;12.81;12.81;12.85;12.85;12.85;12.89;12.73;12.73;12.73;12.69;12.73;12.73;12.81;12.85;13.01;12.81;12.81;12.81;12.81;12.81;12.73;12.65;12.65;12.77;12.85;13.01;12.81;12.53;12.69;12.85;12.61;12.65;12.81;12.73;12.65;12.65;12.65;12.69;12.73;12.73;12.73;12.61;12.69;12.85;12.73;12.85;12.81;12.69;12.69;12.73;12.73;12.81;12.81;12.85;12.65;12.81;12.81;12.81;12.69;12.81;12.73;12.73;12.73;12.81;12.85;12.69;12.73;12.81;12.81;12.77;12.81;12.73;12.77;12.69;12.73;12.73;12.73;12.61;12.53;12.65;12.61;12.69;12.73;12.65;12.69;12.61;12.61;12.65;12.65;12.49;12.69;12.65;12.61;12.61;12.65;12.53;12.53
12.37;12.37;12.37;12.37;12.37;12.37;12.37;12.45;12.45;12.49;12.49;12.49;12.45;12.41;12.33;12.33;12.49;12.37;12.45;12.33;12.41;12.37;12.37;12.53;12.53;12.45;12.49;12.53;12.41;12.37;12.41;12.53;12.37;12.45;12.41;12.25;12.37;12.53;12.45;12.45;12.45;12.45;12.41;12.45;12.49;12.49;12.53;12.49;12.53;12.49;12.49;12.49;12.33;12.45;12.45;12.41;12.49;12.49;12.45;12.37;12.45;12.49;12.49;12.37;12.45;12.49;12.49;12.49;12.33;12.41;12.45;12.41;12.37;12.21;12.37;12.45;12.45;12.53;12.49;12.49;12.33;12.41;12.45;12.37;12.49;12.21;12.29;12.45;12.49;12.45;12.61;12.45;12.41;12.49;12.65;12.49;12.37;12.33;12.49;12.57;12.53;12.33;12.33;12.49;12.41;12.53;12.53;12.33;12.53;12.61;12.61;12.53;12.49;12.49;12.53;12.49;12.49;12.29;12.61;12.53;12.53;12.49;12.65;12.53;12.37;12.53;12.45;12.53;12.53;12.41;12.53;12.49;12.41;12.73;12.57;12.73;12.49;12.49;12.57;12.57;12.65;12.61;12.65;12.65;12.53;12.69;12.65;12.61;12.61;12.57;12.53;12.53;12.65;12.61;12.29;12.53;12.57;12.65;12.61;12.65;12.65;12.61;12.69;12.57;12.65;12.69;12.65;12.61;12.49;12.65;12.45;12.61;12.61;12.57;12.57;12.53;12.45;12.65;12.61;12.57;12.69;12.61;12.45;12.53;12.49;12.65;12.65;12.65;12.61;12.61;12.57;12.65;12.69;12.69;12.61;12.69;12.69;12.69;12.69;12.65;12.61;12.65;12.69;12.53;12.61;12.69;12.65;12.61;12.69;12.57;12.61;12.69;12.81;12.73;12.81;12.61;12.69;12.61;12.53;12.69;12.77;12.65;12.73;12.81;12.81;12.89;12.85;12.89;12.57;12.73;12.53;12.69;12.73;12.73;12.77;12.77;12.73;12.61;12.69;12.69;12.81;12.69;12.89;12.89;12.81;12.73;12.69;12.77;12.77;12.65;12.65;12.77;12.69;12.73;12.81;12.81;12.81;12.77;12.73;12.73;12.85;12.69;12.77;12.73;12.81;12.81;12.73;12.69;12.65;12.65;12.69;12.65;12.53;12.61;12.53;12.73;12.73;12.73;12.69;12.61;12.61;12.53;12.73;12.65;12.73;12.69;12.73;12.69;12.65;12.85;12.73;12.73;12.81;12.69;12.73;12.81;12.73;12.69;12.61;12.77;12.81;12.65;12.69;12.73;12.69;12.53;12.65;12.77;12.77;13.01;12.97;12.69;12.73;12.73;12.73;12.77;12.61;12.45;12.53;12.65;12.65;12.61;12.61;12.57;12.57;12.65;12.65;12.81;12.69;12.69;12.69;12.61;12.49;12.33;12.65;12.45
12.37;12.25;12.37;12.41;12.37;12.45;12.45;12.45;12.37;12.45;12.45;12.45;12.37;12.21;12.25;12.49;12.49;12.33;12.53;12.45;12.25;12.37;12.41;12.45;12.29;12.53;12.49;12.57;12.49;12.45;12.53;12.49;12.45;12.53;12.45;12.33;12.33;12.29;12.37;12.33;12.45;12.49;12.53;12.49;12.33;12.57;12.53;12.49;12.53;12.45;12.49;12.49;12.53;12.45;12.37;12.53;12.57;12.49;12.33;12.45;12.49;12.49;12.49;12.45;12.45;12.53;12.45;12.49;12.41;12.41;12.29;12.37;12.37;12.25;12.49;12.53;12.41;12.61;12.53;12.53;12.49;12.57;12.49;12.49;12.49;12.45;12.61;12.41;12.45;12.53;12.45;12.49;12.41;12.57;12.53;12.49;12.57;12.41;12.49;12.49;12.41;12.49;12.41;12.53;12.53;12.57;12.45;12.61;12.57;12.61;12.53;12.45;12.49;12.65;12.53;12.57;12.49;12.49;12.53;12.53;12.61;12.57;12.61;12.53;12.57;12.65;12.53;12.61;12.65;12.49;12.53;12.53;12.65;12.77;12.61;12.57;12.65;12.45;12.57;12.57;12.81;12.69;12.65;12.73;12.61;12.61;12.57;12.53;12.61;12.53;12.53;12.53;12.57;12.57;12.65;12.57;12.53;12.73;12.65;12.69;12.65;12.61;12.61;12.81;12.65;12.61;12.69;12.61;12.65;12.65;12.61;12.61;12.61;12.61;12.57;12.69;12.53;12.61;12.65;12.65;12.73;12.65;12.57;12.69;12.77;12.61;12.65;12.65;12.61;12.65;12.57;12.65;12.65;12.65;12.61;12.69;12.69;12.81;12.69;12.73;12.69;12.77;12.69;12.65;12.65;12.61;12.69;12.81;12.57;12.69;12.61;12.69;12.65;12.81;12.69;12.65;12.65;12.61;12.73;12.81;12.73;12.69;12.73;12.85;12.93;13.21;12.93;13.01;12.81;12.81;12.81;12.65;12.69;12.77;12.65;12.61;12.73;12.73;12.73;12.73;12.81;12.73;12.97;12.85;12.85;12.77;12.77;12.73;12.81;12.65;12.69;12.69;12.73;12.81;12.73;12.81;12.81;12.73;12.77;12.73;12.65;12.73;12.73;12.89;13.01;12.89;12.73;12.85;12.73;12.65;12.61;12.61;12.73;12.73;12.73;12.61;12.73;12.69;12.69;12.73;12.77;12.65;12.69;12.69;12.69;12.69;12.73;12.69;12.65;12.65;12.69;12.69;12.65;12.65;12.73;12.73;12.89;12.73;12.61;12.81;12.77;12.85;12.73;12.69;12.69;12.69;12.69;12.69;12.73;12.73;12.69;12.73;12.69;12.69;12.69;12.61;12.57;12.61;12.61;12.73;12.61;12.65;12.65;12.65;12.77;12.65;12.65;12.69;12.69;12.69;12.73;12.65;12.61;12.61;12.65;12.73
12.25;12.21;12.41;12.37;12.45;12.41;12.37;12.49;12.45;12.49;12.45;12.45;12.33;12.45;12.37;12.45;12.49;12.37;12.49;12.29;12.17;12.33;12.33;12.37;12.49;12.61;12.45;12.49;12.37;12.41;12.41;12.41;12.49;12.41;12.41;12.45;12.57;12.41;12.37;12.33;12.45;12.53;12.45;12.45;12.57;12.49;12.53;12.49;12.53;12.49;12.49;12.49;12.45;12.61;12.53;12.33;12.61;12.53;12.45;12.53;12.45;12.49;12.49;12.41;12.37;12.45;12.45;12.45;12.37;12.37;12.41;12.49;12.25;12.33;12.33;12.57;12.61;12.53;12.65;12.53;12.53;12.53;12.49;12.49;12.41;12.65;12.37;12.37;12.41;12.61;12.49;12.29;12.49;12.53;12.53;12.53;12.53;12.37;12.45;12.49;12.37;12.49;12.45;12.61;12.49;12.49;12.45;12.53;12.53;12.61;12.53;12.53;12.53;12.53;12.57;12.61;12.53;12.65;12.57;12.61;12.65;12.57;12.61;12.53;12.53;12.61;12.61;12.61;12.61;12.65;12.61;12.69;12.73;12.81;12.61;12.61;12.65;12.81;12.57;12.57;12.57;12.65;12.61;12.53;12.61;12.61;12.61;12.57;12.61;12.53;12.61;12.45;12.57;12.65;12.69;12.53;12.53;12.61;12.81;12.69;12.57;12.53;12.61;12.69;12.61;12.53;12.69;12.65;12.69;12.81;12.69;12.65;12.61;12.61;12.61;12.57;12.61;12.57;12.65;12.69;12.65;12.57;12.69;12.69;12.65;12.61;12.61;12.65;12.61;12.65;12.65;12.65;12.77;12.65;12.61;12.69;12.73;12.73;12.85;12.73;12.73;12.53;12.69;12.65;12.65;12.57;12.65;12.69;12.73;12.69;12.73;12.73;12.73;12.69;12.69;12.61;12.65;12.73;12.73;12.57;12.73;12.69;12.73;12.85;13.05;13.13;13.05;12.93;12.81;12.81;12.65;12.73;12.73;12.69;12.65;12.81;12.77;12.77;12.77;12.73;12.77;12.73;12.85;12.81;12.81;12.77;12.65;12.93;12.65;12.77;12.69;12.61;12.69;12.65;12.73;12.81;12.77;12.69;12.73;12.77;12.81;12.73;12.73;12.93;12.97;12.73;12.73;12.73;12.73;12.69;12.73;12.77;12.65;12.73;12.85;12.65;12.53;12.69;12.69;12.73;12.69;12.69;12.69;12.69;12.81;12.73;12.69;12.69;12.69;12.65;12.73;12.69;12.57;12.85;12.77;12.77;12.81;12.65;12.93;12.69;12.81;12.85;12.69;12.65;12.73;12.73;12.73;12.73;12.73;12.73;12.81;12.85;12.73;12.69;12.65;12.65;12.49;12.61;12.69;12.77;12.73;12.77;12.73;12.69;12.65;12.61;12.65;12.65;12.69;12.69;12.61;12.69;12.65;12.65;12.65;12.53
12.29;12.21;12.05;12.37;12.37;12.37;12.41;12.45;12.45;12.45;12.45;12.33;12.41;12.45;12.41;12.41;12.45;12.41;12.33;12.29;12.17;12.33;12.37;12.37;12.49;12.49;12.41;12.37;12.41;12.45;12.41;12.45;12.33;12.41;12.37;12.41;12.53;12.45;12.33;12.37;12.37;12.49;12.53;12.53;12.41;12.49;12.53;12.49;12.45;12.49;12.45;12.37;12.41;12.49;12.53;12.29;12.53;12.61;12.45;12.45;12.45;12.41;12.49;12.41;12.41;12.37;12.41;12.45;12.41;12.21;12.37;12.37;12.37;12.49;12.53;12.49;12.53;12.45;12.45;12.45;12.53;12.33;12.41;12.45;12.45;12.45;12.49;12.33;12.45;12.33;12.49;12.49;12.41;12.53;12.57;12.53;12.53;12.41;12.45;12.45;12.45;12.49;12.41;12.53;12.37;12.53;12.25;12.45;12.49;12.57;12.81;12.53;12.53;12.53;12.49;12.49;12.45;12.57;12.53;12.53;12.45;12.61;12.49;12.49;12.61;12.57;12.61;12.61;12.65;12.53;12.61;12.73;12.65;12.53;12.45;12.53;12.57;12.53;12.53;12.57;12.69;12.65;12.61;12.53;12.49;12.61;12.61;12.57;12.61;12.61;12.61;12.49;12.49;12.69;12.61;12.53;12.57;12.61;12.61;12.69;12.61;12.61;12.57;12.61;12.57;12.65;12.69;12.61;12.61;12.61;12.61;12.65;12.53;12.53;12.61;12.61;12.61;12.53;12.65;12.45;12.61;12.53;12.53;12.49;12.57;12.65;12.61;12.65;12.65;12.65;12.69;12.53;12.65;12.61;12.65;12.65;12.65;12.73;12.77;12.69;12.65;12.69;12.65;12.65;12.65;12.65;12.69;12.61;12.65;12.69;12.69;12.69;12.65;12.65;12.65;12.61;12.61;12.65;12.65;12.69;12.61;12.69;12.89;12.85;13.13;13.13;12.97;12.73;12.73;12.85;12.69;12.73;12.73;12.77;12.65;12.73;12.73;12.73;12.73;12.69;12.81;12.81;12.77;12.73;12.69;12.73;12.65;12.73;12.81;12.69;12.69;12.69;12.69;12.73;12.69;12.61;12.73;12.69;12.69;12.85;12.77;12.73;12.73;12.81;12.73;12.69;12.61;12.73;12.65;12.77;12.69;12.69;12.69;12.73;12.77;12.61;12.69;12.81;12.73;12.73;12.69;12.69;12.61;12.73;12.73;12.73;12.73;12.69;12.57;12.69;12.69;12.65;12.73;12.77;12.69;12.69;12.61;12.65;12.69;12.73;12.73;12.73;12.65;12.65;12.69;12.73;12.73;12.69;12.77;12.77;12.81;12.73;12.85;12.73;12.65;12.65;12.69;12.69;12.73;12.73;12.61;12.41;12.65;12.73;12.69;12.69;12.69;12.65;12.69;12.65;12.65;12.69;12.69;12.65;12.61;12.61
12.29;12.37;12.33;12.33;12.37;12.37;12.37;12.37;12.37;12.37;12.37;12.37;12.37;12.29;12.41;12.37;12.45;12.37;12.45;12.25;12.45;12.53;12.45;12.37;12.45;12.45;12.45;12.41;12.45;12.45;12.45;12.37;12.33;12.29;12.33;12.41;12.37;12.45;12.45;12.33;12.37;12.45;12.45;12.49;12.49;12.49;12.45;12.37;12.45;12.37;12.33;12.33;12.37;12.45;12.37;12.41;12.53;12.53;12.45;12.37;12.41;12.41;12.45;12.45;12.37;12.25;12.37;12.37;12.33;12.41;12.37;12.37;12.33;12.49;12.53;12.49;12.49;12.45;12.37;12.33;12.45;12.45;12.45;12.45;12.45;12.29;12.45;12.53;12.45;12.37;12.53;12.49;12.49;12.49;12.57;12.53;12.53;12.45;12.49;12.49;12.49;12.49;12.45;12.37;12.41;12.45;12.33;12.37;12.41;12.53;12.53;12.53;12.49;12.49;12.45;12.45;12.53;12.61;12.49;12.53;12.53;12.49;12.49;12.53;12.45;12.53;12.61;12.61;12.61;12.69;12.57;12.69;12.61;12.61;12.53;12.57;12.57;12.61;12.45;12.57;12.61;12.61;12.61;12.57;12.53;12.65;12.53;12.61;12.65;12.61;12.53;12.45;12.53;12.61;12.65;12.65;12.61;12.61;12.53;12.61;12.49;12.53;12.61;12.57;12.53;12.65;12.57;12.57;12.61;12.57;12.61;12.69;12.57;12.61;12.65;12.61;12.57;12.73;12.61;12.65;12.57;12.65;12.49;12.49;12.53;12.53;12.53;12.65;12.65;12.69;12.69;12.53;12.65;12.53;12.69;12.65;12.65;12.61;12.73;12.69;12.69;12.65;12.69;12.65;12.65;12.65;12.73;12.65;12.65;12.57;12.61;12.61;12.53;12.61;12.65;12.37;12.57;12.53;12.65;12.61;12.73;12.69;12.69;12.85;12.77;12.89;12.77;12.77;12.73;12.73;12.73;12.69;12.77;12.73;12.69;12.69;12.73;12.73;12.69;12.69;12.85;12.69;12.73;12.73;12.69;12.69;12.69;12.69;12.65;12.73;12.65;12.65;12.69;12.89;12.73;12.57;12.57;12.69;12.65;12.65;12.61;12.65;12.69;12.69;12.65;12.61;12.61;12.53;12.69;12.65;12.65;12.65;12.69;12.65;12.65;12.69;12.61;12.77;12.73;12.69;12.65;12.69;12.69;12.73;12.69;12.65;12.73;12.73;12.69;12.65;12.53;12.81;12.69;12.73;12.73;12.73;12.77;12.65;12.69;12.69;12.65;12.69;12.65;12.69;12.73;12.73;12.73;12.77;12.77;12.81;12.81;12.69;12.65;12.65;12.73;12.65;12.69;12.73;12.65;12.73;12.73;12.65;12.65;12.65;12.69;12.69;12.73;12.73;12.65;12.69;12.65;12.69;12.69;12.69;12.61;12.61
12.45;12.29;12.37;12.33;12.45;12.45;12.33;12.45;12.37;12.41;12.37;12.41;12.33;12.33;12.33;12.37;12.45;12.45;12.41;12.29;12.25;12.41;12.53;12.45;12.45;12.41;12.41;12.45;12.45;12.45;12.45;12.49;12.17;12.37;12.37;12.37;12.37;12.53;12.33;12.41;12.37;12.37;12.33;12.33;12.41;12.37;12.45;12.33;12.37;12.45;12.37;12.33;12.33;12.45;12.45;12.45;12.41;12.37;12.21;12.41;12.41;12.45;12.49;12.41;12.29;12.41;12.37;12.41;12.33;12.33;12.45;12.49;12.41;12.49;12.57;12.49;12.49;12.37;12.41;12.37;12.53;12.41;12.45;12.45;12.45;12.49;12.61;12.45;12.41;12.45;12.53;12.53;12.53;12.53;12.53;12.65;12.57;12.41;12.45;12.49;12.49;12.45;12.45;12.49;12.45;12.37;12.37;12.49;12.49;12.49;12.53;12.45;12.53;12.37;12.49;12.53;12.53;12.61;12.61;12.49;12.53;12.53;12.57;12.57;12.57;12.57;12.61;12.61;12.61;12.65;12.73;12.49;12.65;12.69;12.57;12.53;12.61;12.53;12.45;12.53;12.65;12.61;12.61;12.65;12.65;12.57;12.57;12.65;12.61;12.57;12.53;12.57;12.61;12.61;12.61;12.65;12.81;12.61;12.69;12.61;12.57;12.53;12.53;12.61;12.57;12.49;12.53;12.65;12.61;12.53;12.61;12.61;12.49;12.53;12.57;12.69;12.61;12.53;12.65;12.61;12.65;12.57;12.57;12.49;12.49;12.53;12.61;12.61;12.77;12.77;12.65;12.69;12.65;12.61;12.57;12.65;12.69;12.69;12.69;12.69;12.65;12.65;12.73;12.65;12.57;12.69;12.81;12.65;12.65;12.69;12.69;12.73;12.65;12.65;12.69;12.81;12.65;12.53;12.77;12.57;12.73;12.69;12.73;12.57;12.65;12.65;12.85;12.69;12.73;12.69;12.69;12.69;12.69;12.73;12.65;12.65;12.73;12.77;12.69;12.61;12.73;12.73;12.73;12.73;12.73;12.69;12.69;12.65;12.65;12.57;12.81;12.57;12.69;12.65;12.61;12.61;12.69;12.65;12.65;12.73;12.61;12.57;12.65;12.53;12.69;12.61;12.53;12.37;12.65;12.57;12.61;12.65;12.61;12.73;12.69;12.69;12.73;12.77;12.69;12.69;12.53;12.61;12.73;12.77;12.81;12.73;12.81;12.77;12.69;12.61;12.69;12.69;12.69;12.73;12.69;12.61;12.77;12.73;12.69;12.69;12.81;12.73;12.65;12.65;12.73;12.69;12.45;12.77;12.73;12.81;12.73;12.73;12.65;12.69;12.53;12.37;12.69;12.73;12.73;12.73;12.73;12.65;12.49;12.65;12.65;12.69;12.73;12.73;12.69;12.69;12.65;12.69;12.65;12.69;12.61;12.61
12.29;12.37;12.45;12.45;12.49;12.45;12.45;12.45;12.49;12.49;12.41;12.37;12.61;12.29;12.37;12.41;12.49;12.41;12.41;12.33;12.37;12.41;12.45;12.45;12.49;12.45;12.41;12.41;12.49;12.45;12.45;12.45;12.49;12.53;12.45;12.45;12.45;12.37;12.25;12.33;12.33;12.37;12.21;12.33;12.41;12.45;12.45;12.45;12.45;12.37;12.41;12.37;12.53;12.49;12.45;12.53;12.45;12.45;12.41;12.45;12.49;12.49;12.45;12.37;12.41;12.41;12.45;12.41;12.41;12.45;12.53;12.49;12.61;12.49;12.33;12.49;12.57;12.53;12.49;12.53;12.53;12.45;12.41;12.49;12.77;12.37;12.45;12.61;12.53;12.53;12.45;12.53;12.53;12.45;12.57;12.53;12.65;12.49;12.49;12.49;12.49;12.49;12.45;12.49;12.49;12.37;12.41;12.57;12.25;12.57;12.53;12.57;12.49;12.61;12.53;12.61;12.61;12.65;12.65;12.49;12.57;12.61;12.49;12.49;12.61;12.61;12.61;12.57;12.65;12.65;12.65;12.69;12.69;12.53;12.45;12.61;12.61;12.49;12.57;12.61;12.61;12.65;12.69;12.65;12.65;12.61;12.57;12.65;12.81;12.61;12.53;12.65;12.73;12.61;12.69;12.69;12.65;12.69;12.69;12.57;12.61;12.49;12.61;12.65;12.61;12.57;12.49;12.49;12.65;12.57;12.61;12.61;12.89;12.61;12.45;12.61;12.61;12.45;12.61;12.57;12.65;12.73;12.69;12.61;12.53;12.53;12.49;12.61;12.65;12.73;12.65;12.69;12.69;12.57;12.69;12.65;12.69;12.69;12.73;12.65;12.57;12.73;12.69;12.85;12.69;12.61;12.69;12.61;12.69;12.77;12.69;12.73;12.77;12.69;12.81;12.65;12.53;12.61;12.65;12.65;12.65;12.73;12.73;12.69;12.65;12.73;12.69;12.57;12.73;12.65;12.73;12.73;12.73;12.73;12.65;12.69;12.77;12.77;12.61;12.65;12.81;12.77;12.77;12.65;12.73;12.77;12.77;12.65;12.69;12.73;12.65;12.65;12.89;12.77;12.65;12.61;12.57;12.61;12.69;12.69;12.69;12.65;12.65;12.65;12.49;12.73;12.73;12.53;12.65;12.69;12.69;12.65;12.73;12.81;12.73;12.73;12.69;12.85;12.69;12.73;12.49;12.69;12.77;12.77;12.81;12.85;12.73;12.77;12.69;12.65;12.65;12.69;12.69;12.69;12.61;12.73;12.65;12.69;12.69;12.81;12.81;12.73;12.69;12.73;12.81;12.73;12.69;12.69;12.73;12.69;12.73;12.57;12.65;12.73;12.53;12.53;12.61;12.73;12.81;12.77;12.65;12.69;12.65;12.65;12.65;12.69;12.69;12.81;12.73;12.73;12.69;12.73;12.69;12.61;12.69;12.73
12.45;12.41;12.45;12.49;12.53;12.45;12.45;12.49;12.61;12.53;12.45;12.53;12.49;12.45;12.45;12.41;12.49;12.49;12.49;12.65;12.45;12.53;12.61;12.49;12.45;12.49;12.37;12.45;12.49;12.49;12.45;12.49;12.53;12.65;12.53;12.49;12.49;12.49;12.49;12.41;12.45;12.61;12.41;12.45;12.45;12.45;12.61;12.53;12.53;12.25;12.45;12.41;12.45;12.45;12.45;12.49;12.73;12.37;12.61;12.45;12.45;12.49;12.49;12.53;12.49;12.33;12.45;12.49;12.37;12.45;12.57;12.53;12.53;12.61;12.65;12.49;12.57;12.53;12.57;12.61;12.49;12.53;12.53;12.41;12.61;12.53;12.57;12.61;12.69;12.49;12.49;12.69;12.61;12.57;12.57;12.61;12.61;12.53;12.41;12.37;12.53;12.65;12.61;12.61;12.53;12.49;12.53;12.49;12.49;12.65;12.69;12.49;12.65;12.57;12.61;12.61;12.73;12.69;12.53;12.53;12.61;12.69;12.77;12.61;12.61;12.57;12.61;12.61;12.65;12.81;12.65;12.69;12.69;12.69;12.73;12.69;12.73;12.61;12.53;12.53;12.73;12.69;12.73;12.69;12.65;12.65;12.69;12.65;12.69;12.69;12.61;12.61;12.73;12.73;12.69;12.69;12.65;12.69;12.69;12.69;12.61;12.69;12.65;12.73;12.65;12.57;12.61;12.73;12.65;12.81;12.69;12.61;12.69;12.53;12.57;12.65;12.49;12.53;12.81;12.69;12.69;12.61;12.69;12.69;12.61;12.65;12.65;12.65;12.65;12.65;12.65;12.65;12.73;12.73;12.73;12.61;12.73;12.73;12.73;12.69;12.81;12.69;12.73;12.73;12.77;12.73;12.81;12.73;12.69;12.69;12.69;12.69;12.77;12.81;12.81;12.73;12.93;12.61;12.73;12.73;12.73;12.73;12.73;12.81;12.81;12.73;12.73;12.77;12.73;12.89;12.69;12.73;12.73;12.81;12.81;12.73;12.69;12.73;12.73;12.89;13.01;12.69;12.77;12.73;12.77;12.77;12.85;12.81;12.81;12.73;12.69;12.73;12.77;12.77;12.73;12.69;12.81;12.61;12.69;12.85;12.73;12.69;12.65;12.73;12.93;12.81;12.89;12.61;12.77;12.65;12.73;12.73;12.73;12.73;12.77;12.73;12.85;12.89;12.89;12.89;12.73;12.81;12.77;12.73;12.81;12.73;12.73;12.69;12.73;12.73;12.65;12.73;12.69;12.69;12.73;12.73;12.73;12.65;12.85;12.81;12.77;12.73;12.77;12.73;12.73;12.65;12.85;12.85;12.77;12.81;12.93;12.85;12.69;12.73;12.65;12.77;12.65;12.81;12.89;12.85;12.73;12.77;12.73;12.73;12.89;12.77;12.77;12.73;12.77;12.73;12.73;12.85;12.73;12.61;12.73;12.73
12.41;12.49;12.37;12.41;12.45;12.37;12.41;12.49;12.49;12.53;12.49;12.53;12.49;12.45;12.45;12.45;12.49;12.57;12.45;12.49;12.57;12.45;12.53;12.53;12.49;12.53;12.45;12.45;12.41;12.45;12.45;12.49;12.57;12.49;12.61;12.45;12.49;12.45;12.49;12.45;12.53;12.53;12.49;12.41;12.37;12.33;12.53;12.53;12.45;12.45;12.45;12.45;12.45;12.45;12.45;12.49;12.61;12.45;12.49;12.53;12.37;12.49;12.45;12.25;12.37;12.45;12.41;12.53;12.41;12.45;12.65;12.57;12.61;12.49;12.49;12.61;12.53;12.57;12.53;12.53;12.49;12.53;12.45;12.41;12.45;12.49;12.53;12.61;12.57;12.57;12.69;12.61;12.61;12.57;12.57;12.57;12.65;12.53;12.57;12.49;12.49;12.53;12.45;12.49;12.53;12.53;12.57;12.61;12.53;12.53;12.57;12.53;12.49;12.45;12.53;12.65;12.65;12.69;12.53;12.61;12.65;12.57;12.57;12.57;12.53;12.61;12.57;12.61;12.65;12.69;12.65;12.69;12.69;12.69;12.69;12.65;12.65;12.65;12.53;12.65;12.73;12.81;12.73;12.65;12.53;12.69;12.65;12.65;12.65;12.61;12.57;12.61;12.69;12.69;12.61;12.49;12.65;12.77;12.69;12.73;12.61;12.61;12.65;12.65;12.65;12.65;12.69;12.65;12.73;12.65;12.53;12.65;12.65;12.53;12.49;12.53;12.65;12.69;12.69;12.73;12.69;12.65;12.69;12.65;12.65;12.65;12.65;12.65;12.69;12.65;12.73;12.65;12.65;12.81;12.77;12.77;12.85;12.73;12.69;12.69;12.69;12.73;12.69;12.73;12.69;12.81;12.73;12.73;12.81;12.73;12.73;12.69;12.77;12.81;12.69;12.77;12.73;12.81;12.73;12.81;12.73;12.73;12.69;12.81;12.81;12.77;12.77;12.77;12.77;12.85;12.77;12.81;12.77;12.81;12.73;12.73;12.65;12.81;12.81;12.61;12.85;12.73;12.69;12.77;12.77;12.77;12.73;12.81;12.61;12.69;12.73;12.69;12.73;12.73;12.77;12.73;12.81;12.69;12.81;12.73;12.65;12.73;12.61;12.69;12.73;12.73;12.73;12.69;12.81;12.73;12.61;12.69;12.65;12.73;12.73;12.73;12.85;12.73;12.81;12.73;12.73;12.73;12.73;12.73;12.77;12.73;12.73;12.69;12.73;12.73;12.65;12.61;12.61;12.69;12.77;12.81;12.69;12.61;12.73;12.81;12.77;12.77;12.73;12.69;12.77;12.69;12.85;12.81;12.81;12.81;12.85;12.65;12.69;12.73;12.61;12.69;12.69;12.65;12.85;12.77;12.81;12.77;12.73;12.73;12.73;12.53;12.77;12.73;12.73;12.73;12.73;12.81;12.69;12.81;12.73;12.73
12.33;12.29;12.41;12.37;12.33;12.45;12.37;12.45;12.45;12.49;12.45;12.49;12.45;12.45;12.45;12.45;12.53;12.45;12.45;12.37;12.41;12.49;12.49;12.37;12.49;12.41;12.45;12.41;12.41;12.45;12.45;12.49;12.45;12.41;12.37;12.33;12.41;12.65;12.41;12.49;12.49;12.41;12.41;12.65;12.37;12.45;12.37;12.49;12.45;12.45;12.45;12.45;12.49;12.29;12.45;12.41;12.45;12.41;12.57;12.53;12.53;12.45;12.53;12.49;12.45;12.45;12.45;12.45;12.49;12.45;12.53;12.61;12.53;12.45;12.53;12.49;12.69;12.45;12.69;12.53;12.53;12.57;12.53;12.37;12.49;12.41;12.53;12.61;12.61;12.61;12.49;12.49;12.53;12.57;12.57;12.57;12.61;12.45;12.53;12.53;12.45;12.49;12.37;12.49;12.49;12.53;12.49;12.53;12.53;12.45;12.53;12.53;12.53;12.53;12.53;12.65;12.65;12.69;12.53;12.53;12.61;12.65;12.65;12.45;12.61;12.57;12.61;12.65;12.49;12.73;12.65;12.65;12.65;12.65;12.65;12.65;12.61;12.53;12.57;12.53;12.69;12.69;12.77;12.49;12.69;12.73;12.73;12.53;12.65;12.61;12.65;12.65;12.69;12.69;12.65;12.65;12.65;12.77;12.73;12.73;12.77;12.53;12.65;12.65;12.61;12.61;12.57;12.73;12.69;12.69;12.65;12.61;12.57;12.61;12.53;12.65;12.65;12.65;12.73;12.65;12.65;12.69;12.65;12.69;12.65;12.65;12.65;12.65;12.57;12.65;12.69;12.53;12.69;12.73;12.69;12.65;12.85;12.61;12.61;12.69;12.73;12.73;12.77;12.69;12.69;12.61;12.73;12.61;12.73;12.69;12.61;12.69;12.81;12.73;12.69;12.65;12.61;12.81;12.85;12.69;12.65;12.69;12.89;12.81;12.77;12.73;12.69;12.77;12.89;12.81;12.85;12.77;12.77;12.77;12.73;12.65;12.65;12.77;12.81;12.77;12.69;12.73;12.69;12.69;12.73;12.65;12.61;12.65;12.65;12.61;12.69;12.65;12.81;12.73;12.73;12.81;12.73;12.73;12.69;12.73;12.73;12.81;12.69;12.69;12.69;12.69;12.65;12.65;12.69;12.65;12.69;12.73;12.69;12.65;12.69;12.69;12.57;12.73;12.77;12.69;12.69;12.69;12.73;12.73;12.81;12.73;12.69;12.73;12.73;12.73;12.61;12.45;12.65;12.69;12.81;12.73;12.65;12.53;12.65;12.81;12.77;12.73;12.73;12.73;12.69;12.81;12.81;12.85;12.85;12.73;12.69;12.73;12.69;12.77;12.69;12.69;12.69;12.69;12.73;12.69;12.77;12.73;12.77;12.61;12.65;12.69;12.65;12.73;12.73;12.73;12.69;12.65;12.73;12.81;12.69;12.73
12.45;12.45;12.41;12.41;12.25;12.33;12.33;12.41;12.45;12.45;12.45;12.37;12.37;12.45;12.37;12.49;12.53;12.53;12.61;12.37;12.45;12.37;12.65;12.45;12.45;12.61;12.45;12.53;12.45;12.45;12.45;12.45;12.41;12.33;12.33;12.37;12.49;12.49;12.53;12.45;12.45;12.49;12.49;12.45;12.49;12.41;12.49;12.53;12.49;12.45;12.33;12.45;12.45;12.37;12.37;12.37;12.53;12.49;12.49;12.49;12.57;12.45;12.61;12.49;12.45;12.45;12.57;12.61;12.49;12.65;12.61;12.61;12.49;12.49;12.69;12.53;12.45;12.49;12.49;12.45;12.53;12.57;12.37;12.49;12.45;12.45;12.45;12.61;12.61;12.61;12.53;12.49;12.49;12.41;12.33;12.57;12.69;12.49;12.53;12.45;12.53;12.69;12.53;12.53;12.49;12.53;12.45;12.49;12.53;12.53;12.49;12.53;12.61;12.53;12.49;12.61;12.61;12.45;12.53;12.49;12.53;12.65;12.61;12.45;12.53;12.65;12.57;12.61;12.57;12.69;12.53;12.57;12.53;12.65;12.65;12.65;12.61;12.49;12.49;12.45;12.57;12.61;12.65;12.61;12.61;12.85;12.89;12.65;12.65;12.61;12.69;12.61;12.61;12.73;12.65;12.65;12.69;12.69;12.53;12.69;12.61;12.61;12.69;12.65;12.49;12.65;12.65;12.69;12.69;12.65;12.69;12.65;12.57;12.61;12.73;12.61;12.61;12.61;12.49;12.57;12.61;12.65;12.69;12.61;12.65;12.69;12.69;12.65;12.69;12.65;12.69;12.61;12.65;12.73;12.53;12.65;12.73;12.61;12.69;12.65;12.73;12.73;12.81;12.73;12.69;12.61;12.69;12.69;12.77;12.69;12.69;12.73;12.73;12.73;12.69;12.65;12.61;12.65;12.73;12.69;12.57;12.53;12.69;12.73;12.69;12.65;12.73;12.73;12.73;12.69;12.65;12.57;12.61;12.77;12.65;12.69;12.69;12.81;12.77;12.81;12.73;12.73;12.65;12.57;12.65;12.53;12.61;12.61;12.61;12.65;12.61;12.53;12.73;12.89;12.65;12.65;12.73;12.73;12.57;12.73;12.77;12.65;12.69;12.61;12.61;12.65;12.57;12.73;12.73;12.69;12.69;12.69;12.65;12.69;12.69;12.69;12.69;12.69;12.73;12.65;12.69;12.69;12.73;12.73;12.77;12.73;12.73;12.73;12.73;12.73;12.65;12.53;12.61;12.73;12.53;12.77;12.77;12.49;12.73;12.57;12.77;12.69;12.73;12.73;12.73;12.81;12.89;12.85;12.73;12.81;12.73;12.69;12.73;12.73;12.69;12.73;12.73;12.69;12.69;12.73;12.73;12.73;12.81;12.85;12.65;12.65;12.69;12.69;12.73;12.65;12.61;12.49;12.69;12.65;12.69;12.69
12.53;12.49;12.45;12.41;12.37;12.33;12.45;12.53;12.45;12.49;12.41;12.37;12.29;12.41;12.37;12.33;12.49;12.45;12.29;12.37;12.41;12.45;12.45;12.45;12.45;12.45;12.45;12.45;12.45;12.45;12.41;12.33;12.45;12.41;12.33;12.37;12.49;12.49;12.53;12.41;12.45;12.33;12.37;12.49;12.33;12.41;12.49;12.57;12.53;12.49;12.53;12.45;12.37;12.41;12.49;12.45;12.49;12.49;12.57;12.49;12.53;12.49;12.53;12.45;12.33;12.49;12.53;12.65;12.53;12.57;12.61;12.49;12.49;12.49;12.49;12.49;12.49;12.45;12.41;12.49;12.61;12.53;12.53;12.53;12.49;12.49;12.45;12.61;12.65;12.53;12.53;12.53;12.49;12.61;12.53;12.37;12.49;12.57;12.53;12.37;12.41;12.45;12.49;12.53;12.61;12.53;12.49;12.53;12.53;12.49;12.57;12.49;12.53;12.53;12.57;12.49;12.53;12.37;12.49;12.41;12.49;12.53;12.61;12.57;12.53;12.61;12.61;12.57;12.65;12.61;12.57;12.57;12.69;12.61;12.57;12.65;12.57;12.57;12.69;12.77;12.65;12.53;12.61;12.65;12.69;12.77;12.61;12.65;12.85;12.61;12.45;12.57;12.61;12.57;12.65;12.69;12.69;12.65;12.65;12.65;12.57;12.57;12.61;12.61;12.61;12.65;12.65;12.65;12.65;12.69;12.73;12.69;12.65;12.69;12.57;12.57;12.61;12.57;12.61;12.57;12.65;12.65;12.61;12.69;12.73;12.69;12.81;12.81;12.73;12.85;12.65;12.65;12.61;12.57;12.61;12.73;12.69;12.69;12.69;12.61;12.85;12.73;12.69;12.69;12.69;12.61;12.77;12.77;12.69;12.65;12.65;12.81;12.73;12.73;12.77;12.69;12.57;12.65;12.61;12.61;12.65;12.69;12.65;12.61;12.77;12.81;12.73;12.73;12.69;12.69;12.65;12.77;12.85;12.73;12.73;12.69;12.69;12.85;12.73;12.61;12.73;12.65;12.65;12.57;12.61;12.69;12.61;12.61;12.61;12.65;12.41;12.49;12.73;12.73;12.69;12.65;12.65;12.73;12.73;12.73;12.81;12.89;12.73;12.61;12.65;12.61;12.65;12.69;12.69;12.57;12.73;12.65;12.61;12.69;12.73;12.53;12.65;12.65;12.65;12.61;12.61;12.69;12.73;12.77;12.53;12.65;12.65;12.73;12.81;12.81;12.81;12.77;12.49;12.65;12.61;12.65;12.61;12.61;12.65;12.69;12.73;12.69;12.61;12.69;12.69;12.85;12.73;12.73;12.73;12.77;12.73;12.73;12.73;12.61;12.69;12.85;12.73;12.69;12.65;12.89;12.89;12.85;12.69;12.73;12.65;12.73;12.69;12.61;12.65;12.61;12.61;12.65;12.65;12.57;12.69;12.69
12.49;12.49;12.57;12.37;12.37;12.45;12.41;12.45;12.41;12.53;12.49;12.53;12.57;12.41;12.37;12.45;12.41;12.45;12.49;12.37;12.41;12.37;12.41;12.37;12.49;12.41;12.45;12.53;12.37;12.41;12.45;12.45;12.53;12.37;12.37;12.37;12.37;12.49;12.49;12.29;12.41;12.33;12.45;12.49;12.57;12.49;12.57;12.49;12.45;12.49;12.53;12.61;12.49;12.61;12.45;12.49;12.33;12.77;12.65;12.37;12.49;12.61;12.53;12.53;12.53;12.45;12.53;12.29;12.53;12.61;12.41;12.49;12.33;12.49;12.49;12.49;12.45;12.37;12.49;12.37;12.49;12.45;12.65;12.57;12.49;12.49;12.49;12.69;12.65;12.53;12.49;12.49;12.41;12.45;12.45;12.33;12.53;12.57;12.49;12.17;12.45;12.61;12.57;12.61;12.69;12.57;12.57;12.57;12.49;12.49;12.57;12.61;12.57;12.65;12.49;12.65;12.53;12.65;12.45;12.49;12.49;12.61;12.61;12.53;12.53;12.65;12.65;12.61;12.61;12.53;12.57;12.69;12.73;12.65;12.61;12.65;12.61;12.57;12.77;12.69;12.69;12.81;12.69;12.65;12.73;12.61;12.57;12.65;12.61;12.61;12.61;12.53;12.57;12.61;12.69;12.65;12.65;12.61;12.65;12.65;12.61;12.61;12.65;12.61;12.53;12.65;12.69;12.81;12.73;12.73;12.65;12.65;12.65;12.65;12.69;12.45;12.61;12.61;12.49;12.61;12.65;12.45;12.57;12.61;12.69;12.69;12.61;12.57;12.57;12.61;12.65;12.57;12.73;12.65;12.65;12.65;12.65;12.69;12.65;12.61;12.61;12.61;12.69;12.69;12.65;12.65;12.69;12.69;12.65;12.69;12.65;12.65;12.65;12.61;12.65;12.69;12.69;12.65;12.53;12.57;12.61;12.65;12.77;12.85;12.69;12.65;12.73;12.69;12.69;12.69;12.69;12.73;12.77;12.81;12.77;12.69;12.77;12.69;12.69;12.69;12.69;12.57;12.57;12.53;12.65;12.65;12.65;12.65;12.69;12.61;12.53;12.65;12.69;12.65;12.53;12.73;12.73;12.69;12.65;12.81;12.73;12.77;12.73;12.65;12.81;12.65;12.81;12.61;12.61;12.45;12.57;12.73;12.61;12.69;12.69;12.69;12.69;12.65;12.61;12.45;12.53;12.61;12.69;12.69;12.77;12.65;12.73;12.73;12.73;12.89;12.77;12.61;12.53;12.53;12.61;12.61;12.65;12.61;12.69;12.65;12.81;12.81;12.73;12.69;12.73;12.65;12.65;12.73;12.73;12.69;12.85;12.77;12.69;12.77;12.73;12.73;12.73;12.77;12.81;12.77;12.81;12.73;12.69;12.77;12.73;12.69;12.69;12.69;12.69;12.81;12.65;12.61;12.45;12.53;12.61;12.65
12.49;12.53;12.29;12.45;12.49;12.41;12.45;12.37;12.37;12.45;12.49;12.53;12.49;12.41;12.53;12.45;12.49;12.45;12.45;12.37;12.37;12.41;12.37;12.49;12.33;12.41;12.45;12.45;12.37;12.37;12.45;12.53;12.53;12.45;12.45;12.45;12.41;12.37;12.49;12.37;12.45;12.37;12.41;12.53;12.49;12.53;12.53;12.49;12.45;12.53;12.49;12.53;12.49;12.49;12.45;12.49;12.49;12.53;12.53;12.73;12.53;12.49;12.57;12.53;12.49;12.53;12.49;12.53;12.57;12.49;12.69;12.45;12.49;12.57;12.49;12.61;12.49;12.37;12.45;12.37;12.45;12.37;12.45;12.53;12.57;12.49;12.45;12.49;12.45;12.49;12.45;12.49;12.45;12.41;12.53;12.37;12.21;12.49;12.49;12.61;12.53;12.61;12.45;12.61;12.53;12.49;12.53;12.61;12.53;12.53;12.61;12.57;12.65;12.53;12.49;12.61;12.61;12.61;12.45;12.53;12.53;12.61;12.65;12.65;12.61;12.65;12.73;12.49;12.53;12.53;12.61;12.61;12.53;12.61;12.37;12.69;12.81;12.61;12.65;12.69;12.69;12.65;12.77;12.73;12.73;12.69;12.61;12.65;12.45;12.53;12.61;12.77;12.61;12.61;12.61;12.65;12.69;12.61;12.45;12.65;12.61;12.57;12.61;12.65;12.69;12.77;12.69;12.65;12.65;12.45;12.61;12.65;12.65;12.61;12.53;12.53;12.57;12.61;12.61;12.61;12.53;12.57;12.61;12.61;12.61;12.65;12.61;12.57;12.53;12.65;12.53;12.49;12.65;12.61;12.65;12.49;12.53;12.57;12.73;12.61;12.61;12.61;12.61;12.49;12.65;12.65;12.69;12.65;12.61;12.69;12.57;12.65;12.73;12.65;12.61;12.69;12.61;12.57;12.61;12.49;12.65;12.49;12.61;12.69;12.69;12.73;12.69;12.81;12.61;12.85;12.65;12.73;12.73;12.85;12.73;12.69;12.69;12.69;12.81;12.73;12.65;12.61;12.61;12.77;12.73;12.69;12.73;12.65;12.65;12.65;12.65;12.53;12.65;12.45;12.69;12.81;12.81;12.73;12.65;12.73;12.81;12.73;12.73;12.81;12.69;12.73;12.57;12.73;12.61;12.65;12.65;12.73;12.73;12.69;12.73;12.69;12.65;12.81;12.65;12.69;12.65;12.65;12.65;12.73;12.69;12.65;12.73;12.81;12.85;12.77;12.65;12.69;12.69;12.65;12.61;12.73;12.69;12.73;12.69;12.73;12.81;12.73;12.69;12.73;12.65;12.69;12.81;12.61;12.65;12.85;12.73;12.61;12.69;12.77;12.81;12.73;12.85;12.73;12.65;12.77;12.73;12.73;12.69;12.73;12.73;12.65;12.69;12.73;12.69;12.77;12.65;12.73;12.61;12.53;12.61;12.57
12.53;12.45;12.49;12.49;12.49;12.33;12.21;12.45;12.45;12.41;12.37;12.53;12.53;12.41;12.49;12.37;12.41;12.49;12.45;12.45;12.29;12.41;12.49;12.53;12.53;12.45;12.49;12.45;12.41;12.25;12.45;12.53;12.57;12.45;12.33;12.49;12.37;12.45;12.49;12.37;12.69;12.45;12.45;12.53;12.49;12.53;12.49;12.49;12.49;12.49;12.53;12.49;12.41;12.49;12.49;12.33;12.69;12.53;12.53;12.45;12.57;12.53;12.53;12.57;12.49;12.41;12.57;12.49;12.53;12.57;12.45;12.45;12.41;12.49;12.41;12.53;12.53;12.33;12.53;12.33;12.49;12.57;12.49;12.53;12.53;12.49;12.37;12.49;12.85;12.49;12.53;12.37;12.49;12.45;12.53;12.45;12.37;12.65;12.53;12.45;12.45;12.65;12.53;12.69;12.37;12.57;12.49;12.53;12.65;12.53;12.49;12.61;12.65;12.53;12.53;12.45;12.61;12.61;12.53;12.53;12.85;12.65;12.61;12.45;12.61;12.65;12.69;12.61;12.53;12.53;12.61;12.61;12.65;12.57;12.65;12.65;12.57;12.65;12.65;12.65;12.69;12.73;12.81;12.73;12.69;12.69;12.65;12.61;12.53;12.57;12.61;12.61;12.53;12.57;12.61;12.61;12.61;12.65;12.65;12.73;12.65;12.45;12.53;12.61;12.61;12.65;12.69;12.61;12.69;12.69;12.69;12.61;12.61;12.61;12.53;12.57;12.65;12.61;12.61;12.53;12.57;12.61;12.53;12.65;12.57;12.61;12.65;12.49;12.61;12.61;12.61;12.57;12.61;12.61;12.69;12.61;12.49;12.69;12.73;12.65;12.69;12.69;12.57;12.57;12.45;12.49;12.61;12.61;12.53;12.57;12.69;12.53;12.69;12.61;12.65;12.61;12.61;12.65;12.57;12.61;12.61;12.61;12.61;12.69;12.73;12.73;12.73;12.73;12.69;12.73;12.61;12.73;12.85;12.65;12.65;12.77;12.73;12.73;12.65;12.61;12.77;12.65;12.53;12.69;12.73;12.65;12.65;12.69;12.69;12.65;12.73;12.73;12.73;12.77;12.69;12.69;12.69;12.73;12.69;12.81;12.81;12.73;12.69;12.61;12.61;12.53;12.73;12.65;12.69;12.69;12.69;12.73;12.73;12.77;12.61;12.65;12.73;12.73;12.65;12.65;12.69;12.73;12.73;12.69;12.77;12.77;12.73;12.69;12.69;12.61;12.69;12.69;12.61;12.61;12.69;12.81;12.73;12.69;12.77;12.73;12.81;12.85;12.65;12.65;12.73;12.73;12.81;12.81;12.81;12.85;12.77;12.69;12.77;12.77;12.77;12.69;12.81;12.73;12.65;12.81;12.69;12.69;12.81;12.69;12.73;12.73;12.73;12.89;12.81;12.81;12.69;12.73;12.53;12.65;12.61;12.61
12.49;12.49;12.49;12.45;12.33;12.41;12.49;12.49;12.45;12.49;12.49;12.69;12.53;12.53;12.53;12.73;12.49;12.53;12.65;12.37;12.37;12.53;12.45;12.53;12.49;12.57;12.33;12.53;12.41;12.33;12.49;12.61;12.53;12.61;12.53;12.53;12.53;12.45;12.49;12.53;12.53;12.45;12.41;12.45;12.49;12.49;12.57;12.53;12.45;12.45;12.69;12.49;12.45;12.53;12.45;12.45;12.53;12.49;12.61;12.53;12.57;12.65;12.73;12.61;12.57;12.49;12.49;12.53;12.45;12.53;12.57;12.49;12.49;12.61;12.49;12.53;12.69;12.57;12.45;12.53;12.49;12.53;12.45;12.53;12.53;12.49;12.57;12.53;12.41;12.53;12.37;12.53;12.61;12.53;12.53;12.53;12.53;12.57;12.53;12.61;12.73;12.65;12.53;12.61;12.61;12.49;12.53;12.53;12.53;12.57;12.53;12.69;12.61;12.49;12.53;12.61;12.61;12.61;12.61;12.65;12.49;12.61;12.73;12.61;12.65;12.69;12.69;12.61;12.61;12.65;12.73;12.65;12.65;12.57;12.61;12.57;12.65;12.61;12.69;12.81;12.77;12.85;12.77;12.69;12.73;12.61;12.65;12.65;12.61;12.57;12.61;12.65;12.77;12.61;12.53;12.65;12.61;12.61;12.65;12.69;12.69;12.53;12.61;12.61;12.65;12.65;12.61;12.61;12.61;12.73;12.65;12.61;12.69;12.61;12.61;12.61;12.41;12.57;12.69;12.61;12.53;12.69;12.65;12.61;12.69;12.61;12.69;12.65;12.65;12.49;12.69;12.61;12.53;12.57;12.61;12.65;12.57;12.57;12.81;12.65;12.65;12.81;12.57;12.49;12.53;12.49;12.61;12.73;12.85;12.61;12.69;12.73;12.65;12.61;12.65;12.61;12.69;12.65;12.77;12.57;12.65;12.65;12.57;12.65;12.65;12.77;12.77;12.73;12.69;12.73;12.85;12.77;12.85;12.77;12.81;12.81;12.81;12.93;12.69;12.65;12.73;12.73;12.81;12.61;12.69;12.69;12.57;12.65;12.65;12.73;12.73;12.73;12.69;12.69;12.69;12.69;12.77;12.69;12.73;12.73;12.73;12.81;12.77;12.65;12.65;12.61;12.65;12.73;12.69;12.73;12.81;12.77;12.49;12.57;12.61;12.69;12.73;12.77;12.57;12.77;12.73;12.73;12.77;12.69;12.69;12.69;12.69;12.73;12.65;12.81;12.69;12.69;12.69;12.65;12.61;12.73;12.73;12.89;12.85;12.85;12.81;12.73;12.65;12.69;12.81;12.77;12.85;12.81;12.85;12.85;12.77;12.77;12.77;12.73;12.69;12.81;12.65;12.85;12.81;12.69;12.65;12.85;12.85;12.73;12.69;12.65;12.65;12.77;12.85;12.81;12.69;12.65;12.61;12.69;12.73;12.65
12.49;12.49;12.41;12.41;12.33;12.49;12.45;12.49;12.41;12.49;12.53;12.49;12.45;12.49;12.53;12.45;12.57;12.65;12.49;12.33;12.45;12.37;12.21;12.41;12.53;12.49;12.49;12.45;12.49;12.49;12.49;12.53;12.57;12.45;12.37;12.69;12.65;12.49;12.49;12.45;12.37;12.33;12.53;12.37;12.45;12.49;12.53;12.53;12.53;12.45;12.49;12.53;12.45;12.37;12.45;12.49;12.65;12.53;12.61;12.45;12.49;12.49;12.65;12.53;12.61;12.61;12.57;12.73;12.57;12.53;12.53;12.49;12.49;12.49;12.61;12.53;12.69;12.45;12.37;12.45;12.49;12.53;12.45;12.61;12.53;12.61;12.69;12.61;12.53;12.49;12.49;12.53;12.65;12.45;12.53;12.53;12.53;12.49;12.65;12.61;12.65;12.61;12.49;12.53;12.61;12.57;12.53;12.53;12.57;12.53;12.53;12.57;12.57;12.53;12.53;12.61;12.61;12.57;12.65;12.53;12.53;12.57;12.61;12.65;12.49;12.69;12.61;12.65;12.61;12.57;12.65;12.73;12.61;12.49;12.61;12.61;12.61;12.65;12.61;12.69;12.81;12.69;12.69;12.65;12.69;12.69;12.65;12.61;12.61;12.61;12.65;12.65;12.49;12.61;12.53;12.57;12.61;12.65;12.61;12.69;12.65;12.61;12.73;12.61;12.53;12.65;12.61;12.53;12.53;12.69;12.65;12.53;12.69;12.65;12.49;12.45;12.45;12.65;12.69;12.65;12.69;12.65;12.69;12.69;12.69;12.61;12.61;12.65;12.65;12.49;12.65;12.65;12.61;12.57;12.61;12.57;12.81;12.89;12.65;12.53;12.65;12.57;12.61;12.49;12.57;12.57;12.65;12.65;12.77;12.61;12.69;12.61;12.61;12.61;12.57;12.57;12.53;12.49;12.53;12.57;12.65;12.61;12.61;12.61;12.65;12.65;12.69;12.73;12.53;12.69;12.73;12.61;12.69;12.69;12.69;12.85;12.53;12.85;12.61;12.73;12.73;12.65;12.61;12.69;12.73;12.69;12.57;12.53;12.65;12.73;12.77;12.77;12.81;12.65;12.61;12.61;12.69;12.69;12.69;12.73;12.73;12.77;12.81;12.77;12.73;12.65;12.57;12.73;12.73;12.61;12.61;12.69;12.65;12.69;12.61;12.73;12.69;12.77;12.61;12.61;12.73;12.77;13.01;12.69;12.69;12.61;12.77;12.69;12.85;12.69;12.65;12.69;12.49;12.65;12.73;12.85;12.65;12.81;12.81;12.77;12.69;12.69;12.61;12.69;12.73;12.73;12.81;12.85;12.81;12.85;12.81;12.77;12.85;12.73;12.77;12.77;12.69;12.77;12.69;12.69;12.81;12.81;12.77;12.81;12.73;12.73;12.81;12.73;12.81;12.89;12.49;12.65;12.73;12.73;12.69;12.77
12.49;12.49;12.49;12.45;12.45;12.33;12.49;12.45;12.53;12.53;12.53;12.45;12.37;12.49;12.49;12.45;12.49;12.53;12.49;12.45;12.45;12.37;12.33;12.49;12.53;12.49;12.49;12.49;12.53;12.49;12.53;12.49;12.49;12.49;12.53;12.61;12.61;12.53;12.61;12.45;12.49;12.37;12.37;12.41;12.49;12.61;12.53;12.49;12.49;12.53;12.53;12.45;12.37;12.45;12.49;12.53;12.57;12.57;12.57;12.45;12.57;12.53;12.57;12.53;12.53;12.53;12.61;12.61;12.53;12.53;12.53;12.57;12.53;12.37;12.49;12.45;12.45;12.53;12.49;12.41;12.49;12.49;12.45;12.53;12.57;12.61;12.41;12.61;12.53;12.61;12.53;12.53;12.53;12.53;12.53;12.49;12.53;12.53;12.49;12.53;12.45;12.57;12.53;12.53;12.53;12.53;12.49;12.53;12.49;12.53;12.49;12.45;12.57;12.61;12.45;12.61;12.49;12.61;12.53;12.57;12.65;12.57;12.61;12.61;12.73;12.69;12.69;12.65;12.61;12.69;12.69;12.69;12.57;12.57;12.69;12.61;12.65;12.65;12.65;12.69;12.49;12.69;12.65;12.53;12.69;12.65;12.69;12.65;12.65;12.61;12.53;12.53;12.53;12.61;12.69;12.61;12.65;12.77;12.65;12.65;12.65;12.61;12.61;12.53;12.77;12.65;12.65;12.65;12.57;12.69;12.61;12.65;12.65;12.57;12.45;12.53;12.49;12.65;12.69;12.53;12.69;12.69;12.57;12.69;12.57;12.69;12.61;12.61;12.61;12.73;12.69;12.69;12.65;12.69;12.65;12.65;12.81;12.65;12.61;12.65;12.61;12.61;12.65;12.61;12.61;12.49;12.65;12.65;12.65;12.65;12.61;12.57;12.53;12.65;12.61;12.65;12.61;12.61;12.65;12.65;12.61;12.65;12.53;12.57;12.65;12.65;12.69;12.73;12.61;12.61;12.69;12.65;12.49;12.61;12.73;12.61;12.61;12.69;12.73;12.69;12.73;12.77;12.85;12.77;12.77;12.73;12.65;12.65;12.65;12.73;12.73;12.69;12.65;12.69;12.65;12.77;12.73;12.69;12.53;12.69;12.73;12.69;12.61;12.61;12.65;12.65;12.65;12.61;12.73;12.53;12.57;12.61;12.89;12.73;12.69;12.73;12.73;12.77;12.81;12.73;12.77;12.85;12.97;12.81;12.69;12.73;12.73;12.73;12.73;12.69;12.65;12.61;12.73;12.73;12.65;12.73;12.73;12.77;12.89;12.77;12.85;12.73;12.85;12.65;12.77;12.73;12.69;12.77;12.93;12.81;12.81;12.77;12.81;12.77;12.77;12.73;12.69;12.81;12.65;12.57;12.81;12.65;12.77;12.73;12.85;12.69;12.77;12.81;12.81;12.69;12.73;12.77;12.61;12.69;12.69;12.65
12.45;12.41;12.45;12.45;12.29;12.45;12.45;12.49;12.45;12.61;12.45;12.29;12.41;12.37;12.45;12.45;12.45;12.49;12.49;12.45;12.41;12.37;12.53;12.33;12.33;12.45;12.49;12.53;12.53;12.53;12.49;12.41;12.53;12.45;12.33;12.61;12.53;12.45;12.49;12.53;12.61;12.45;12.45;12.65;12.73;12.45;12.61;12.61;12.61;12.65;12.45;12.45;12.37;12.41;12.33;12.49;12.53;12.53;12.53;12.49;12.65;12.53;12.53;12.53;12.37;12.49;12.53;12.57;12.53;12.45;12.49;12.49;12.53;12.49;12.45;12.45;12.45;12.61;12.49;12.49;12.41;12.49;12.45;12.49;12.53;12.61;12.57;12.65;12.53;12.45;12.49;12.49;12.53;12.53;12.57;12.57;12.61;12.53;12.49;12.61;12.53;12.61;12.53;12.45;12.49;12.49;12.53;12.53;12.53;12.53;12.49;12.49;12.65;12.61;12.65;12.53;12.73;12.57;12.61;12.65;12.53;12.61;12.61;12.61;12.69;12.61;12.65;12.65;12.61;12.65;12.61;12.65;12.57;12.53;12.65;12.61;12.57;12.69;12.81;12.73;12.69;12.53;12.65;12.65;12.65;12.69;12.61;12.85;12.65;12.37;12.45;12.53;12.53;12.45;12.45;12.53;12.53;12.65;12.65;12.65;12.81;12.61;12.57;12.65;12.65;12.81;12.65;12.65;12.65;12.61;12.65;12.61;12.65;12.65;12.77;12.61;12.53;12.57;12.61;12.57;12.69;12.65;12.69;12.65;12.69;12.65;12.65;12.69;12.65;12.65;12.65;12.65;12.69;12.65;12.69;12.73;12.73;12.69;12.69;12.61;12.61;12.61;12.73;12.61;12.61;12.65;12.65;12.65;12.65;12.65;12.65;12.61;12.65;12.69;12.69;12.69;12.65;12.57;12.57;12.65;12.65;12.65;12.65;12.57;12.65;12.65;12.69;12.69;12.65;12.65;12.65;12.65;12.61;12.73;12.69;12.69;12.65;12.73;12.69;12.77;12.97;12.81;12.73;12.77;12.89;12.65;12.65;12.61;12.65;12.61;12.61;12.69;12.69;12.69;12.65;12.69;12.73;12.69;12.69;12.73;12.65;12.65;12.53;12.61;12.69;12.61;12.53;12.65;12.73;12.61;12.53;12.73;12.61;12.73;12.81;12.73;12.69;12.77;12.69;12.73;12.69;12.77;12.81;12.73;12.81;12.81;12.77;12.73;12.69;12.73;12.85;12.81;12.73;12.85;12.77;12.77;12.89;12.77;12.89;12.77;12.81;12.81;12.69;12.73;12.69;12.97;12.73;12.73;12.77;12.77;12.81;12.73;12.77;12.85;12.73;12.69;12.65;12.69;12.77;12.69;12.69;12.65;12.69;12.73;12.77;12.89;12.81;12.73;12.69;12.81;12.73;12.73;12.69;12.65;12.65;12.61
12.45;12.49;12.37;12.37;12.33;12.33;12.37;12.45;12.49;12.37;12.41;12.49;12.41;12.49;12.41;12.29;12.49;12.49;12.45;12.45;12.53;12.45;12.21;12.37;12.41;12.45;12.49;12.53;12.53;12.53;12.53;12.53;12.53;12.41;12.53;12.53;12.49;12.53;12.49;12.49;12.49;12.49;12.45;12.45;12.49;12.45;12.45;12.53;12.45;12.49;12.61;12.45;12.41;12.33;12.37;12.49;12.49;12.41;12.49;12.49;12.49;12.53;12.53;12.45;12.45;12.57;12.61;12.57;12.61;12.49;12.45;12.53;12.53;12.53;12.49;12.73;12.53;12.49;12.49;12.49;12.53;12.49;12.49;12.49;12.53;12.49;12.41;12.37;12.45;12.41;12.49;12.45;12.53;12.53;12.65;12.53;12.49;12.37;12.53;12.53;12.53;12.69;12.37;12.37;12.49;12.53;12.49;12.57;12.53;12.53;12.57;12.57;12.61;12.53;12.49;12.61;12.53;12.45;12.53;12.61;12.53;12.53;12.65;12.53;12.53;12.53;12.65;12.61;12.45;12.61;12.65;12.57;12.45;12.53;12.61;12.73;12.57;12.61;12.65;12.69;12.69;12.65;12.69;12.57;12.61;12.65;12.65;12.37;12.61;12.57;12.53;12.53;12.69;12.41;12.53;12.45;12.61;12.61;12.65;12.65;12.61;12.37;12.57;12.65;12.65;12.69;12.73;12.69;12.69;12.69;12.69;12.69;12.69;12.57;12.61;12.69;12.69;12.65;12.61;12.65;12.65;12.57;12.73;12.69;12.69;12.69;12.73;12.73;12.57;12.69;12.69;12.61;12.61;12.69;12.73;12.69;12.69;12.61;12.69;12.61;12.61;12.57;12.65;12.49;12.65;12.53;12.65;12.57;12.65;12.65;12.57;12.69;12.69;12.61;12.69;12.69;12.61;12.61;12.61;12.65;12.65;12.65;12.65;12.65;12.65;12.61;12.69;12.61;12.65;12.61;12.61;12.61;12.53;12.61;12.65;12.61;12.65;12.73;12.73;12.73;12.73;12.77;12.73;12.77;12.77;12.73;12.61;12.53;12.65;12.61;12.73;12.73;12.73;12.69;12.73;12.69;12.69;12.69;12.69;12.73;12.69;12.65;12.65;12.69;12.65;12.61;12.49;12.57;12.57;12.61;12.69;12.61;12.69;12.53;12.69;12.61;12.69;12.61;12.69;12.69;12.69;12.73;12.69;12.73;12.81;12.69;12.81;12.73;12.73;12.73;12.69;12.73;12.81;12.77;12.81;12.81;12.73;12.81;12.57;12.77;12.81;12.61;12.69;12.69;12.73;12.69;12.65;12.73;12.65;12.81;12.77;12.53;12.81;12.73;12.65;12.69;12.73;12.73;12.73;12.69;12.65;12.69;12.73;12.65;12.65;12.81;12.69;12.49;12.57;12.65;12.69;12.73;12.73;12.73;12.81;12.69
12.49;12.33;12.45;12.21;12.25;12.37;12.37;12.25;12.45;12.49;12.37;12.49;12.45;12.53;12.45;12.41;12.37;12.53;12.57;12.45;12.41;12.41;12.53;12.21;12.45;12.45;12.45;12.61;12.45;12.53;12.53;12.65;12.65;12.45;12.49;12.53;12.53;12.49;12.45;12.33;12.49;12.49;12.49;12.53;12.53;12.49;12.45;12.53;12.45;12.41;12.53;12.53;12.41;12.41;12.45;12.45;12.69;12.57;12.57;12.45;12.53;12.61;12.49;12.53;12.53;12.57;12.61;12.61;12.49;12.53;12.53;12.65;12.53;12.49;12.61;12.53;12.57;12.65;12.45;12.29;12.53;12.45;12.45;12.45;12.33;12.49;12.41;12.53;12.53;12.53;12.53;12.49;12.61;12.53;12.53;12.53;12.61;12.57;12.49;12.53;12.61;12.53;12.57;12.65;12.45;12.49;12.49;12.45;12.49;12.61;12.61;12.45;12.69;12.49;12.45;12.57;12.41;12.53;12.45;12.53;12.29;12.53;12.57;12.49;12.65;12.65;12.65;12.53;12.57;12.57;12.53;12.49;12.65;12.61;12.61;12.61;12.65;12.57;12.57;12.73;12.65;12.61;12.61;12.73;12.65;12.65;12.53;12.61;12.65;12.57;12.53;12.65;12.65;12.57;12.57;12.53;12.49;12.61;12.65;12.61;12.65;12.65;12.65;12.65;12.65;12.65;12.81;12.77;12.41;12.53;12.53;12.73;12.65;12.53;12.45;12.65;12.61;12.61;12.65;12.65;12.65;12.61;12.73;12.69;12.61;12.61;12.61;12.69;12.61;12.81;12.61;12.77;12.65;12.77;12.69;12.69;12.65;12.69;12.73;12.69;12.65;12.69;12.69;12.65;12.65;12.65;12.69;12.65;12.65;12.69;12.61;12.69;12.61;12.69;12.69;12.69;12.65;12.73;12.65;12.65;12.61;12.61;12.65;12.61;12.65;12.61;12.61;12.61;12.61;12.57;12.49;12.61;12.49;12.53;12.53;12.61;12.73;12.69;12.73;12.69;12.69;12.73;12.81;12.73;12.69;12.69;12.61;12.61;12.69;12.73;12.73;12.69;12.73;12.89;12.73;12.73;12.73;12.61;12.69;12.69;12.73;12.65;12.69;12.65;12.69;12.69;12.61;12.53;12.65;12.73;12.65;12.73;12.65;12.61;12.53;12.53;12.69;12.61;12.53;12.65;12.49;12.61;12.61;12.69;12.73;12.73;12.69;12.69;12.69;12.81;12.65;12.69;12.69;12.69;12.81;12.81;12.69;12.69;12.69;12.81;12.77;12.69;12.81;12.73;12.73;12.77;12.77;12.73;12.73;12.81;12.69;12.69;12.73;12.81;12.61;12.65;12.77;12.73;12.73;12.65;12.73;12.81;12.69;12.65;12.77;12.69;12.73;12.73;12.69;12.69;12.69;12.65;12.69;12.73;12.69;12.69
12.57;12.45;12.37;12.25;12.25;12.37;12.29;12.29;12.41;12.33;12.29;12.37;12.45;12.45;12.25;12.33;12.61;12.41;12.49;12.37;12.41;12.37;12.37;12.45;12.41;12.41;12.53;12.37;12.49;12.45;12.49;12.53;12.61;12.61;12.53;12.53;12.61;12.53;12.45;12.41;12.45;12.49;12.49;12.53;12.49;12.45;12.37;12.53;12.37;12.37;12.49;12.49;12.45;12.41;12.41;12.45;12.49;12.41;12.53;12.37;12.61;12.45;12.49;12.45;12.53;12.73;12.57;12.53;12.49;12.49;12.45;12.53;12.37;12.53;12.49;12.53;12.53;12.49;12.45;12.53;12.61;12.53;12.29;12.41;12.61;12.41;12.49;12.57;12.57;12.65;12.53;12.49;12.53;12.45;12.49;12.53;12.53;12.53;12.45;12.45;12.61;12.65;12.53;12.53;12.49;12.29;12.49;12.49;12.49;12.65;12.57;12.53;12.53;12.53;12.45;12.61;12.65;12.61;12.77;12.45;12.57;12.57;12.57;12.53;12.57;12.65;12.61;12.53;12.53;12.61;12.61;12.65;12.69;12.57;12.53;12.61;12.49;12.53;12.53;12.61;12.49;12.61;12.69;12.65;12.69;12.61;12.61;12.53;12.53;12.49;12.57;12.61;12.57;12.69;12.65;12.29;12.49;12.53;12.57;12.61;12.73;12.69;12.65;12.65;12.69;12.61;12.61;12.61;12.73;12.65;12.69;12.69;12.57;12.53;12.53;12.73;12.61;12.61;12.65;12.65;12.65;12.61;12.73;12.57;12.61;12.61;12.61;12.61;12.61;12.69;12.73;12.73;12.61;12.73;12.73;12.65;12.73;12.77;12.65;12.65;12.69;12.65;12.61;12.65;12.73;12.61;12.77;12.69;12.69;12.73;12.69;12.65;12.73;12.65;12.69;12.69;12.65;12.65;12.65;12.53;12.73;12.61;12.73;12.61;12.65;12.61;12.45;12.57;12.53;12.37;12.53;12.29;12.57;12.53;12.57;12.69;12.73;12.73;12.53;12.65;12.65;12.69;12.73;12.77;12.69;12.65;12.73;12.69;12.65;12.73;12.69;12.73;12.73;12.73;12.73;12.73;12.65;12.65;12.65;12.65;12.61;12.69;12.65;12.69;12.65;12.65;12.69;12.61;12.73;12.49;12.49;12.81;12.73;12.57;12.69;12.49;12.69;12.61;12.61;12.57;12.61;12.61;12.65;12.65;12.69;12.69;12.69;12.69;12.69;12.65;12.53;12.61;12.69;12.65;12.65;12.77;12.73;12.65;12.73;12.69;12.73;12.73;12.69;12.65;12.61;12.81;12.73;12.77;12.73;12.93;12.77;12.73;12.77;12.61;12.65;12.73;12.73;12.77;12.65;12.69;12.69;12.69;12.61;12.61;12.73;12.65;12.73;12.69;12.73;12.65;12.69;12.85;12.61;12.61;12.69;12.69
12.41;12.41;12.29;12.21;12.29;12.45;12.29;12.25;12.25;12.37;12.41;12.37;12.45;12.41;12.33;12.33;12.41;12.45;12.41;12.37;12.33;12.37;12.41;12.41;12.37;12.37;12.45;12.53;12.53;12.49;12.49;12.49;12.53;12.53;12.57;12.57;12.53;12.45;12.53;12.41;12.37;12.49;12.65;12.49;12.49;12.45;12.61;12.65;12.49;12.33;12.41;12.45;12.41;12.41;12.45;12.45;12.45;12.49;12.41;12.49;12.49;12.33;12.41;12.37;12.17;12.33;12.45;12.49;12.49;12.41;12.25;12.41;12.41;12.37;12.49;12.53;12.49;12.49;12.45;12.45;12.45;12.49;12.45;12.45;12.53;12.49;12.53;12.53;12.53;12.53;12.53;12.45;12.57;12.33;12.61;12.45;12.53;12.53;12.41;12.37;12.41;12.53;12.49;12.53;12.37;12.53;12.37;12.45;12.49;12.49;12.61;12.49;12.45;12.53;12.53;12.61;12.53;12.61;12.57;12.53;12.57;12.53;12.73;12.53;12.49;12.53;12.65;12.53;12.57;12.61;12.57;12.61;12.53;12.53;12.49;12.53;12.53;12.61;12.61;12.57;12.57;12.61;12.61;12.69;12.65;12.69;12.61;12.49;12.49;12.53;12.45;12.57;12.53;12.53;12.53;12.49;12.49;12.61;12.53;12.49;12.65;12.65;12.61;12.69;12.65;12.61;12.65;12.45;12.65;12.65;12.65;12.69;12.53;12.53;12.57;12.65;12.61;12.61;12.65;12.61;12.49;12.61;12.53;12.57;12.53;12.57;12.57;12.61;12.49;12.49;12.73;12.73;12.73;12.69;12.65;12.61;12.65;12.69;12.69;12.57;12.81;12.65;12.81;12.65;12.85;12.61;12.65;12.65;12.73;12.65;12.65;12.65;12.81;12.69;12.73;12.61;12.65;12.69;12.41;12.61;12.61;12.61;12.73;13.01;12.65;12.45;12.61;12.53;12.45;12.61;12.41;12.45;12.49;12.53;12.57;12.53;12.61;12.53;12.57;12.61;12.65;12.69;12.89;12.77;12.73;12.73;12.65;12.73;12.65;12.65;12.73;12.65;12.65;12.69;12.65;12.69;12.65;12.65;12.61;12.65;12.45;12.69;12.65;12.65;12.61;12.65;12.61;12.65;12.73;12.65;12.57;12.73;12.61;12.53;12.49;12.53;12.57;12.69;12.53;12.73;12.45;12.61;12.65;12.69;12.69;12.65;12.53;12.53;12.53;12.61;12.57;12.53;12.61;12.61;12.61;12.69;12.65;12.69;12.73;12.73;12.69;12.69;12.45;12.61;12.61;12.65;12.61;12.65;12.85;12.85;12.65;12.57;12.61;12.69;12.65;12.61;12.61;12.69;12.69;12.69;12.73;12.65;12.53;12.73;12.69;12.65;12.69;12.65;12.69;12.69;12.57;12.69;12.65;12.69;12.77;12.69
12.37;12.37;12.49;12.69;12.41;12.33;12.33;12.25;12.41;12.37;12.45;12.45;12.37;12.37;12.37;12.33;12.41;12.25;12.41;12.37;12.25;12.17;12.33;12.37;12.45;12.45;12.49;12.53;12.53;12.53;12.61;12.57;12.57;12.49;12.53;12.53;12.53;12.41;12.37;12.33;12.45;12.41;12.41;12.53;12.49;12.49;12.49;12.57;12.57;12.33;12.37;12.33;12.41;12.41;12.21;12.57;12.53;12.49;12.49;12.61;12.37;12.45;12.49;12.49;12.37;12.49;12.33;12.37;12.45;12.45;12.29;12.45;12.33;12.33;12.41;12.45;12.49;12.45;12.49;12.37;12.49;12.45;12.41;12.45;12.49;12.53;12.53;12.57;12.53;12.53;12.49;12.45;12.45;12.45;12.57;12.49;12.49;12.45;12.45;12.37;12.49;12.49;12.45;12.57;12.65;12.49;12.53;12.45;12.49;12.41;12.69;12.53;12.53;12.49;12.53;12.53;12.57;12.57;12.61;12.53;12.53;12.53;12.41;12.53;12.49;12.45;12.49;12.61;12.57;12.57;12.53;12.53;12.37;12.49;12.49;12.49;12.49;12.49;12.53;12.53;12.33;12.53;12.65;12.53;12.61;12.57;12.61;12.65;12.53;12.45;12.61;12.57;12.49;12.57;12.49;12.45;12.49;12.49;12.65;12.65;12.49;12.53;12.69;12.73;12.57;12.61;12.65;12.61;12.65;12.65;12.69;12.65;12.53;12.41;12.45;12.61;12.65;12.65;12.61;12.49;12.37;12.49;12.57;12.53;12.49;12.53;12.49;12.45;12.49;12.69;12.69;12.73;12.65;12.61;12.61;12.57;12.53;12.61;12.57;12.65;12.61;12.65;12.85;12.73;12.73;12.73;12.69;12.65;12.69;12.69;12.61;12.61;12.57;12.45;12.61;12.65;12.69;12.53;12.53;12.53;12.61;12.69;12.65;12.53;12.65;12.57;12.57;12.53;12.45;12.53;12.69;12.49;12.57;12.53;12.53;12.61;12.61;12.65;12.53;12.65;12.53;12.61;12.69;12.77;12.69;12.65;12.57;12.65;12.61;12.53;12.65;12.57;12.61;12.61;12.69;12.69;12.65;12.65;12.77;12.65;12.69;12.69;12.65;12.61;12.61;12.49;12.65;12.65;12.73;12.53;12.53;12.65;12.65;12.61;12.53;12.45;12.61;12.69;12.61;12.53;12.57;12.53;12.65;12.73;12.69;12.65;12.53;12.53;12.49;12.57;12.81;12.53;12.61;12.61;12.65;12.65;12.69;12.69;12.65;12.61;12.65;12.65;12.65;12.65;12.65;12.65;12.65;12.69;12.97;12.81;12.65;12.65;12.61;12.69;12.61;12.53;12.61;12.61;12.73;12.65;12.61;12.61;12.53;12.49;12.65;12.69;12.61;12.69;12.81;12.65;12.53;12.61;12.69;12.61;12.65;12.69
12.37;12.33;12.49;12.37;12.45;12.37;12.37;12.45;12.45;12.37;12.49;12.45;12.41;12.37;12.37;12.45;12.49;12.61;12.49;12.37;12.21;12.49;12.45;12.37;12.53;12.49;12.65;12.53;12.53;12.49;12.61;12.53;12.49;12.53;12.49;12.61;12.45;12.25;12.41;12.33;12.45;12.45;12.45;12.49;12.53;12.49;12.65;12.61;12.45;12.49;12.49;12.45;12.41;12.37;12.37;12.49;12.61;12.65;12.49;12.61;12.53;12.41;12.65;12.57;12.53;12.53;12.61;12.53;12.53;12.57;12.49;12.53;12.33;12.57;12.41;12.45;12.49;12.49;12.41;12.41;12.49;12.61;12.45;12.45;12.41;12.57;12.53;12.57;12.57;12.61;12.53;12.45;12.37;12.45;12.57;12.49;12.49;12.49;12.41;12.45;12.49;12.45;12.45;12.53;12.53;12.53;12.45;12.49;12.53;12.57;12.53;12.53;12.53;12.53;12.57;12.49;12.49;12.65;12.65;12.69;12.49;12.61;12.61;12.49;12.61;12.53;12.61;12.65;12.61;12.37;12.53;12.49;12.49;12.53;12.61;12.49;12.49;12.49;12.45;12.49;12.53;12.69;12.53;12.53;12.65;12.65;12.61;12.53;12.45;12.53;12.65;12.49;12.53;12.57;12.61;12.57;12.49;12.61;12.61;12.61;12.61;12.65;12.65;12.73;12.77;12.61;12.65;12.53;12.65;12.65;12.69;12.61;12.53;12.49;12.49;12.61;12.61;12.69;12.65;12.61;12.53;12.45;12.61;12.57;12.53;12.65;12.53;12.69;12.53;12.65;12.69;12.77;12.73;12.69;12.73;12.65;12.65;12.61;12.61;12.61;12.69;12.65;12.65;12.73;12.65;12.65;12.61;12.53;12.61;12.69;12.65;12.65;12.57;12.61;12.69;12.73;12.65;12.53;12.65;12.61;12.65;12.81;12.65;12.65;12.61;12.53;12.37;12.49;12.49;12.65;12.61;12.65;12.65;12.61;12.65;12.65;12.69;12.69;12.65;12.65;12.61;12.53;12.73;12.69;12.53;12.65;12.61;12.69;12.65;12.61;12.61;12.61;12.69;12.65;12.69;12.73;12.65;12.69;12.69;12.69;12.69;12.65;12.61;12.61;12.61;12.69;12.69;12.61;12.77;12.57;12.65;12.57;12.61;12.65;12.61;12.45;12.65;12.65;12.69;12.69;12.61;12.53;12.65;12.81;12.73;12.69;12.61;12.61;12.53;12.61;12.61;12.61;12.53;12.65;12.77;12.89;12.65;12.61;12.65;12.65;12.65;12.61;12.57;12.61;12.57;12.65;12.73;12.81;12.85;12.73;12.77;12.69;12.69;12.57;12.57;12.61;12.49;12.65;12.73;12.69;12.61;12.53;12.61;12.53;12.73;12.69;12.77;12.89;12.81;12.69;12.61;12.37;12.61;12.61;12.65;12.81
12.33;12.37;12.37;12.33;12.37;12.37;12.45;12.41;12.33;12.41;12.37;12.45;12.37;12.33;12.45;12.45;12.53;12.61;12.49;12.45;12.45;12.37;12.49;12.37;12.61;12.53;12.53;12.53;12.49;12.65;12.61;12.53;12.53;12.53;12.45;12.45;12.57;12.49;12.37;12.41;12.57;12.49;12.49;12.53;12.53;12.53;12.61;12.61;12.61;12.53;12.49;12.61;12.49;12.41;12.41;12.41;12.69;12.57;12.61;12.61;12.61;12.53;12.53;12.53;12.65;12.53;12.53;12.45;12.45;12.49;12.49;12.49;12.45;12.45;12.49;12.45;12.29;12.49;12.45;12.49;12.37;12.37;12.45;12.45;12.61;12.49;12.49;12.53;12.65;12.53;12.65;12.49;12.49;12.49;12.53;12.57;12.49;12.41;12.53;12.61;12.49;12.49;12.49;12.65;12.57;12.49;12.45;12.41;12.53;12.57;12.57;12.53;12.57;12.61;12.57;12.53;12.65;12.65;12.65;12.57;12.73;12.65;12.73;12.53;12.65;12.65;12.73;12.65;12.69;12.57;12.49;12.53;12.49;12.49;12.53;12.49;12.49;12.49;12.45;12.53;12.49;12.53;12.57;12.57;12.49;12.69;12.61;12.53;12.77;12.61;12.53;12.49;12.53;12.69;12.65;12.65;12.33;12.85;12.61;12.65;12.61;12.49;12.49;12.69;12.69;12.69;12.65;12.65;12.69;12.65;12.65;12.61;12.61;12.53;12.53;12.53;12.61;12.61;12.65;12.61;12.69;12.57;12.53;12.61;12.53;12.61;12.53;12.61;12.65;12.73;12.69;12.73;12.69;12.69;12.65;12.61;12.73;12.73;12.65;12.69;12.73;12.69;12.65;12.61;12.73;12.73;12.65;12.65;12.65;12.65;12.57;12.65;12.57;12.57;12.57;12.65;12.61;12.61;12.61;12.69;12.65;12.61;12.53;12.61;12.45;12.57;12.53;12.53;12.49;12.53;12.61;12.61;12.85;12.73;12.65;12.61;12.61;12.73;12.73;12.65;12.61;12.65;12.73;12.69;12.73;12.73;12.77;12.77;12.65;12.65;12.61;12.61;12.69;12.69;12.69;12.65;12.77;12.73;12.73;12.73;12.81;12.65;12.61;12.65;12.69;12.73;12.65;12.61;12.73;12.65;12.57;12.53;12.61;12.89;12.53;12.53;12.53;12.65;12.57;12.61;12.61;12.65;12.69;12.73;12.69;12.61;12.65;12.61;12.65;12.61;12.69;12.65;12.65;12.61;12.69;12.69;12.73;12.65;12.65;12.65;12.69;12.65;12.69;12.65;12.61;12.73;12.89;12.81;12.81;12.81;12.85;12.69;12.65;12.65;12.57;12.65;12.61;12.81;12.65;12.65;12.65;12.61;12.53;12.61;12.57;12.73;12.81;12.77;12.77;12.81;12.73;12.53;12.53;12.65;12.89;12.77
12.37;12.37;12.37;12.37;12.25;12.53;12.41;12.53;12.33;12.37;12.45;12.45;12.37;12.25;12.33;12.61;12.53;12.45;12.57;12.57;12.49;12.61;12.45;12.53;12.49;12.33;12.49;12.49;12.49;12.49;12.49;12.61;12.57;12.49;12.49;12.53;12.65;12.61;12.49;12.41;12.57;12.49;12.49;12.53;12.49;12.61;12.61;12.65;12.61;12.65;12.53;12.53;12.41;12.41;12.41;12.49;12.61;12.49;12.65;12.61;12.65;12.61;12.57;12.57;12.53;12.61;12.53;12.49;12.41;12.49;12.49;12.49;12.45;12.41;12.45;12.45;12.45;12.49;12.49;12.45;12.37;12.37;12.33;12.37;12.45;12.49;12.45;12.57;12.53;12.53;12.53;12.61;12.57;12.53;12.65;12.61;12.49;12.57;12.49;12.49;12.69;12.53;12.57;12.49;12.53;12.49;12.49;12.57;12.53;12.73;12.61;12.81;12.69;12.61;12.61;12.61;12.73;12.65;12.49;12.69;12.69;12.65;12.65;12.53;12.53;12.45;12.65;12.65;12.53;12.65;12.69;12.53;12.57;12.49;12.49;12.53;12.49;12.49;12.49;12.41;12.57;12.49;12.45;12.57;12.61;12.65;12.69;12.53;12.65;12.53;12.57;12.49;12.41;12.57;12.45;12.49;12.49;12.73;12.69;12.61;12.65;12.53;12.49;12.69;12.61;12.61;12.61;12.65;12.65;12.65;12.65;12.65;12.53;12.61;12.61;12.69;12.61;12.53;12.65;12.61;12.61;12.57;12.61;12.73;12.65;12.57;12.61;12.61;12.65;12.77;12.61;12.69;12.69;12.65;12.69;12.69;12.89;12.73;12.61;12.69;12.73;12.73;12.69;12.69;12.81;12.73;12.69;12.73;12.65;12.65;12.65;12.61;12.65;12.73;12.65;12.65;12.65;12.65;12.65;12.65;12.61;12.65;12.45;12.45;12.33;12.49;12.37;12.53;12.49;12.57;12.61;12.69;12.61;12.69;12.77;12.73;12.61;12.65;12.73;12.85;12.77;12.73;12.73;12.69;12.69;12.69;12.65;12.69;12.61;12.61;12.65;12.53;12.81;12.69;12.69;12.73;12.65;12.65;12.65;12.61;12.69;12.65;12.65;12.65;12.73;12.65;12.61;12.65;12.65;12.65;12.69;12.65;12.61;12.57;12.65;12.61;12.57;12.65;12.61;12.61;12.65;12.73;12.61;12.65;12.73;12.69;12.65;12.65;12.61;12.85;12.69;12.73;12.61;12.73;12.69;12.69;12.61;12.61;12.61;12.81;12.85;12.81;12.73;12.81;12.73;12.69;12.81;12.73;12.73;12.81;12.73;12.69;12.89;12.65;12.53;12.85;12.65;12.77;12.65;12.61;12.57;12.57;12.65;12.57;12.65;12.65;12.73;12.65;12.69;12.77;12.81;12.73;12.65;12.73;12.73;12.69
12.37;12.29;12.41;12.53;12.33;12.45;12.29;12.45;12.49;12.57;12.53;12.53;12.45;12.13;12.21;12.33;12.45;12.45;12.41;12.37;12.45;12.33;12.45;12.53;12.49;12.57;12.49;12.45;12.49;12.45;12.49;12.49;12.65;12.53;12.53;12.53;12.45;12.53;12.57;12.45;12.61;12.29;12.65;12.49;12.45;12.57;12.61;12.57;12.49;12.53;12.45;12.41;12.45;12.37;12.49;12.57;12.61;12.57;12.57;12.49;12.45;12.49;12.61;12.53;12.49;12.45;12.53;12.45;12.41;12.41;12.45;12.45;12.37;12.37;12.25;12.45;12.33;12.41;12.37;12.45;12.41;12.45;12.33;12.45;12.45;12.41;12.45;12.53;12.37;12.49;12.57;12.57;12.65;12.53;12.61;12.49;12.37;12.53;12.41;12.37;12.49;12.61;12.45;12.53;12.53;12.45;12.49;12.49;12.69;12.61;12.65;12.65;12.69;12.61;12.61;12.69;12.69;12.69;12.65;12.61;12.53;12.57;12.57;12.53;12.53;12.53;12.65;12.65;12.49;12.65;12.53;12.61;12.49;12.49;12.49;12.45;12.45;12.45;12.49;12.73;12.65;12.53;12.65;12.53;12.53;12.69;12.69;12.53;12.65;12.65;12.61;12.53;12.57;12.45;12.61;12.53;12.69;12.57;12.49;12.69;12.69;12.61;12.65;12.65;12.53;12.57;12.73;12.73;12.65;12.65;12.77;12.65;12.61;12.61;12.65;12.69;12.65;12.41;12.69;12.61;12.73;12.53;12.61;12.61;12.65;12.61;12.65;12.57;12.65;12.53;12.61;12.53;12.65;12.65;12.65;12.61;12.61;12.65;12.69;12.73;12.81;12.69;12.69;12.69;12.73;12.65;12.65;12.57;12.61;12.69;12.57;12.53;12.69;12.65;12.69;12.65;12.69;12.69;12.65;12.65;12.65;12.61;12.45;12.45;12.49;12.45;12.53;12.33;12.45;12.69;12.61;12.65;12.53;12.65;12.57;12.65;12.65;12.65;12.65;12.45;12.69;12.73;12.69;12.65;12.53;12.65;12.65;12.65;12.65;12.61;12.53;12.65;12.69;12.69;12.69;12.73;12.49;12.61;12.53;12.65;12.65;12.69;12.65;12.61;12.61;12.65;12.65;12.61;12.61;12.57;12.53;12.61;12.65;12.73;12.77;12.53;12.65;12.65;12.65;12.61;12.53;12.61;12.65;12.73;12.65;12.65;12.65;12.65;12.65;12.69;12.61;12.57;12.49;12.65;12.73;12.81;12.65;12.53;12.57;12.49;12.73;12.73;12.73;12.65;12.77;12.69;12.69;12.61;12.69;12.73;12.69;12.57;12.69;12.65;12.53;12.49;12.45;12.69;12.57;12.61;12.61;12.61;12.53;12.61;12.61;12.57;12.61;12.61;12.69;12.65;12.53;12.73;12.73;12.65;12.61;12.61
12.29;12.53;12.49;12.57;12.69;12.53;12.65;12.45;12.53;12.57;12.61;12.45;12.45;12.37;12.45;12.49;12.53;12.53;12.53;12.53;12.53;12.53;12.49;12.53;12.61;12.49;12.53;12.49;12.49;12.49;12.61;12.65;12.61;12.65;12.73;12.57;12.69;12.49;12.65;12.57;12.61;12.45;12.53;12.61;12.49;12.57;12.61;12.57;12.49;12.61;12.49;12.49;12.41;12.49;12.49;12.53;12.69;12.61;12.49;12.53;12.57;12.45;12.57;12.45;12.49;12.49;12.45;12.37;12.45;12.45;12.49;12.49;12.45;12.41;12.49;12.45;12.33;12.45;12.45;12.45;12.45;12.53;12.37;12.53;12.57;12.41;12.41;12.53;12.49;12.49;12.53;12.53;12.53;12.53;12.65;12.57;12.69;12.69;12.57;12.45;12.69;12.53;12.49;12.57;12.53;12.53;12.53;12.65;12.65;12.61;12.57;12.65;12.69;12.65;12.61;12.61;12.61;12.53;12.65;12.73;12.57;12.53;12.61;12.45;12.53;12.53;12.61;12.61;12.49;12.49;12.57;12.53;12.53;12.49;12.49;12.53;12.37;12.61;12.53;12.73;12.65;12.61;12.57;12.53;12.61;12.57;12.65;12.65;12.61;12.65;12.53;12.57;12.57;12.53;12.53;12.81;12.69;12.69;12.69;12.69;12.85;12.69;12.65;12.53;12.49;12.49;12.65;12.65;12.65;12.69;12.65;12.53;12.53;12.53;12.61;12.61;12.61;12.65;12.73;12.69;12.57;12.53;12.61;12.49;12.61;12.69;12.57;12.53;12.73;12.61;12.73;12.61;12.85;12.69;12.65;12.65;12.69;12.69;12.73;12.73;12.69;12.73;12.77;12.73;12.69;12.73;12.89;12.69;12.61;12.45;12.57;12.61;12.69;12.73;12.81;12.61;12.81;12.69;12.69;12.73;12.61;12.53;12.45;12.61;12.53;12.53;12.49;12.37;12.61;12.57;12.57;12.57;12.61;12.57;12.49;12.73;12.69;12.69;12.65;12.69;12.69;12.73;12.73;12.61;12.65;12.61;12.61;12.61;12.69;12.81;12.85;12.69;12.69;12.69;12.69;12.89;12.65;12.61;12.65;12.73;12.65;12.89;12.69;12.65;12.61;12.61;12.73;12.49;12.61;12.49;12.49;12.61;12.69;12.65;12.69;12.57;12.73;12.65;12.65;12.73;12.65;12.49;12.65;12.65;12.69;12.69;12.65;12.65;12.61;12.61;12.61;12.65;12.69;12.69;12.65;12.65;12.65;12.65;12.65;12.65;12.73;12.73;12.73;12.73;12.65;12.69;12.81;12.81;12.69;12.73;12.85;12.77;12.69;12.85;12.53;12.49;12.53;12.53;12.49;12.61;12.61;12.65;12.69;12.57;12.61;12.73;12.57;12.81;12.69;12.65;12.65;12.73;12.69;12.69;12.53;12.61
12.37;12.17;12.49;12.65;12.57;12.45;12.49;12.53;12.53;12.53;12.53;12.53;12.49;12.45;12.33;12.37;12.45;12.37;12.45;12.65;12.37;12.49;12.53;12.45;12.45;12.53;12.49;12.53;12.57;12.49;12.45;12.49;12.61;12.57;12.49;12.49;12.53;12.45;12.57;12.49;12.37;12.57;12.53;12.57;12.57;12.53;12.49;12.53;12.49;12.53;12.45;12.49;12.49;12.49;12.49;12.49;12.61;12.45;12.53;12.45;12.49;12.45;12.45;12.45;12.45;12.45;12.33;12.45;12.29;12.29;12.41;12.45;12.41;12.41;12.33;12.41;12.41;12.45;12.41;12.41;12.41;12.45;12.37;12.41;12.45;12.33;12.45;12.49;12.49;12.49;12.49;12.49;12.53;12.45;12.57;12.53;12.57;12.49;12.53;12.37;12.49;12.61;12.53;12.49;12.53;12.53;12.49;12.29;12.45;12.53;12.49;12.53;12.65;12.61;12.61;12.65;12.57;12.65;12.57;12.53;12.57;12.57;12.57;12.53;12.45;12.65;12.53;12.53;12.53;12.53;12.53;12.53;12.61;12.57;12.49;12.53;12.53;12.53;12.49;12.69;12.69;12.61;12.65;12.57;12.53;12.57;12.61;12.61;12.61;12.53;12.45;12.57;12.53;12.61;12.53;12.61;12.61;12.65;12.37;12.65;12.69;12.53;12.65;12.69;12.45;12.53;12.49;12.61;12.65;12.65;12.57;12.57;12.49;12.53;12.61;12.57;12.61;12.61;12.53;12.49;12.61;12.53;12.61;12.61;12.65;12.57;12.53;12.61;12.65;12.69;12.81;12.65;12.69;12.61;12.57;12.69;12.73;12.85;12.81;12.77;12.77;12.81;12.57;12.61;12.65;12.65;12.73;12.69;12.77;12.49;12.49;12.77;12.73;12.73;12.81;12.85;12.69;12.65;12.69;12.69;12.61;12.41;12.45;12.49;12.61;12.61;12.45;12.61;12.49;12.57;12.61;12.65;12.69;12.65;12.57;12.69;12.61;12.69;12.69;12.65;12.65;12.77;12.73;12.61;12.65;12.65;12.61;12.65;12.61;12.61;12.69;12.73;12.65;12.65;12.69;12.69;12.65;12.69;12.61;12.69;12.69;12.73;12.69;12.65;12.61;12.41;12.61;12.53;12.65;12.61;12.65;12.85;12.65;12.65;12.61;12.65;12.69;12.49;12.69;12.81;12.65;12.61;12.57;12.69;12.61;12.65;12.73;12.53;12.65;12.69;12.65;12.69;12.65;12.65;12.73;12.69;12.65;12.65;12.57;12.45;12.81;12.73;12.69;12.69;12.69;12.73;12.81;12.77;12.89;12.85;12.73;12.81;12.65;12.65;12.69;12.49;12.53;12.53;12.61;12.61;12.65;12.65;12.65;12.57;12.69;12.73;12.73;12.65;12.65;12.65;12.65;12.65;12.65;12.57;12.57;12.49
12.41;12.37;12.49;12.49;12.49;12.53;12.53;12.53;12.57;12.53;12.49;12.45;12.49;12.49;12.37;12.21;12.65;12.41;12.45;12.37;12.53;12.61;12.49;12.53;12.37;12.53;12.37;12.65;12.53;12.53;12.49;12.57;12.37;12.53;12.53;12.45;12.45;12.49;12.53;12.37;12.41;12.33;12.69;12.53;12.61;12.49;12.61;12.53;12.53;12.45;12.61;12.61;12.45;12.53;12.49;12.57;12.41;12.41;12.45;12.41;12.45;12.45;12.49;12.49;12.49;12.45;12.37;12.41;12.41;12.37;12.41;12.41;12.41;12.41;12.45;12.45;12.41;12.45;12.45;12.37;12.53;12.21;12.49;12.37;12.37;12.49;12.25;12.49;12.45;12.45;12.49;12.61;12.49;12.49;12.45;12.45;12.53;12.49;12.45;12.49;12.57;12.57;12.37;12.61;12.53;12.49;12.45;12.61;12.53;12.53;12.61;12.61;12.61;12.61;12.69;12.57;12.69;12.61;12.61;12.57;12.61;12.57;12.61;12.53;12.61;12.61;12.53;12.61;12.65;12.69;12.53;12.53;12.57;12.61;12.49;12.69;12.49;12.45;12.45;12.53;12.57;12.57;12.61;12.61;12.65;12.57;12.53;12.53;12.53;12.61;12.57;12.57;12.57;12.61;12.61;12.57;12.61;12.57;12.53;12.57;12.57;12.61;12.69;12.73;12.61;12.45;12.49;12.61;12.69;12.65;12.65;12.65;12.61;12.61;12.61;12.49;12.49;12.61;12.49;12.57;12.53;12.61;12.61;12.53;12.61;12.69;12.61;12.65;12.61;12.57;12.49;12.49;12.69;12.53;12.53;12.73;12.61;12.69;12.65;12.77;12.73;12.61;12.61;12.69;12.69;12.53;12.69;12.69;12.69;12.53;12.61;12.69;12.73;12.69;13.01;12.73;12.65;12.65;12.61;12.57;12.69;12.65;12.53;12.61;12.61;12.61;12.61;12.41;12.57;12.53;12.65;12.65;12.69;12.65;12.45;12.65;12.69;12.65;12.61;12.53;12.69;12.69;12.81;12.69;12.65;12.57;12.53;12.61;12.57;12.65;12.69;12.69;12.57;12.65;12.65;12.65;12.61;12.69;12.73;12.65;12.69;12.77;12.69;12.65;12.57;12.61;12.53;12.49;12.73;12.69;12.49;12.85;12.69;12.69;12.65;12.65;12.65;12.53;12.53;12.69;12.69;12.61;12.61;12.65;12.65;12.57;12.53;12.53;12.69;12.73;12.69;12.69;12.65;12.61;12.61;12.69;12.69;12.57;12.73;12.61;12.65;12.61;12.73;12.61;12.73;12.77;12.77;12.77;12.73;12.93;12.81;12.85;12.61;12.89;12.65;12.65;12.61;12.69;12.61;12.69;12.65;12.65;12.73;12.49;12.69;12.65;12.65;12.49;12.65;12.65;12.57;12.57;12.53;12.65;12.61;12.61
12.45;12.45;12.49;12.57;12.53;12.49;12.45;12.49;12.57;12.61;12.49;12.49;12.45;12.45;12.37;12.37;12.33;12.41;12.49;12.49;12.37;12.41;12.49;12.53;12.57;12.49;12.65;12.61;12.49;12.53;12.37;12.61;12.53;12.53;12.65;12.61;12.49;12.53;12.53;12.37;12.25;12.37;12.69;12.61;12.61;12.53;12.65;12.53;12.45;12.53;12.49;12.65;12.45;12.49;12.33;12.57;12.53;12.53;12.45;12.53;12.45;12.41;12.49;12.49;12.41;12.49;12.45;12.41;12.37;12.45;12.45;12.49;12.45;12.45;12.45;12.45;12.37;12.49;12.49;12.49;12.49;12.33;12.41;12.37;12.33;12.37;12.33;12.37;12.41;12.45;12.45;12.53;12.57;12.57;12.57;12.49;12.49;12.57;12.61;12.45;12.45;12.65;12.53;12.61;12.61;12.53;12.49;12.65;12.65;12.61;12.65;12.69;12.57;12.61;12.61;12.69;12.61;12.61;12.57;12.61;12.61;12.61;12.57;12.37;12.65;12.65;12.53;12.41;12.45;12.61;12.53;12.53;12.61;12.57;12.37;12.61;12.53;12.49;12.49;12.57;12.53;12.53;12.61;12.61;12.65;12.57;12.53;12.49;12.57;12.65;12.61;12.57;12.65;12.85;12.41;12.57;12.53;12.57;12.53;12.53;12.53;12.53;12.49;12.57;12.57;12.41;12.65;12.65;12.69;12.61;12.65;12.61;12.61;12.61;12.57;12.65;12.61;12.57;12.69;12.49;12.57;12.65;12.45;12.61;12.57;12.61;12.69;12.65;12.61;12.53;12.45;12.49;12.65;12.53;12.61;12.65;12.61;12.65;12.77;12.73;12.69;12.65;12.69;12.65;12.69;12.49;12.65;12.69;12.81;12.69;12.69;12.73;12.73;12.65;12.69;12.73;12.81;12.65;12.61;12.61;12.61;12.57;12.61;12.61;12.69;12.53;12.69;12.61;12.57;12.69;12.61;12.69;12.73;12.65;12.69;12.65;12.69;12.61;12.73;12.65;12.61;12.65;12.65;12.65;12.61;12.61;12.57;12.49;12.57;12.61;12.61;12.53;12.73;12.69;12.69;12.69;12.69;12.65;12.73;12.73;12.65;12.69;12.65;12.61;12.65;12.57;12.53;12.61;12.65;12.73;12.65;12.69;12.69;12.69;12.69;12.69;12.65;12.49;12.61;12.49;12.65;12.61;12.61;12.61;12.57;12.57;12.69;12.61;12.69;12.81;12.73;12.81;12.69;12.69;12.73;12.65;12.65;12.61;12.57;12.73;12.65;12.69;12.73;12.69;12.73;12.73;12.77;12.73;12.69;12.69;12.77;12.73;12.81;12.69;12.77;12.65;12.65;12.61;12.69;12.73;12.73;12.69;12.69;12.69;12.85;12.73;12.65;12.85;12.65;12.77;12.69;12.53;12.65;12.69;12.61;12.65
12.49;12.41;12.49;12.61;12.65;12.45;12.45;12.53;12.49;12.53;12.69;12.53;12.45;12.49;12.45;12.49;12.45;12.45;12.49;12.49;12.53;12.53;12.49;12.53;12.57;12.53;12.37;12.53;12.45;12.33;12.45;12.69;12.61;12.49;12.53;12.49;12.25;12.45;12.53;12.45;12.37;12.33;12.61;12.69;12.65;12.61;12.65;12.49;12.65;12.45;12.61;12.49;12.53;12.49;12.45;12.49;12.57;12.53;12.53;12.53;12.41;12.61;12.61;12.49;12.45;12.41;12.45;12.45;12.45;12.41;12.61;12.57;12.49;12.45;12.45;12.41;12.45;12.61;12.49;12.49;12.45;12.37;12.33;12.33;12.37;12.33;12.37;12.37;12.41;12.49;12.49;12.49;12.53;12.61;12.61;12.65;12.33;12.57;12.65;12.41;12.45;12.45;12.49;12.53;12.53;12.53;12.53;12.61;12.65;12.73;12.65;12.57;12.53;12.53;12.61;12.61;12.65;12.53;12.61;12.61;12.61;12.53;12.61;12.53;12.73;12.53;12.49;12.49;12.45;12.61;12.57;12.53;12.53;12.65;12.53;12.65;12.69;12.53;12.53;12.57;12.53;12.61;12.65;12.57;12.53;12.53;12.41;12.45;12.45;12.53;12.65;12.53;12.65;12.65;12.65;12.53;12.49;12.49;12.53;12.49;12.53;12.53;12.49;12.45;12.53;12.53;12.69;12.69;12.61;12.69;12.65;12.61;12.61;12.57;12.57;12.61;12.57;12.69;12.61;12.53;12.65;12.61;12.61;12.61;12.57;12.49;12.61;12.61;12.65;12.53;12.53;12.57;12.57;12.61;12.61;12.61;12.65;12.65;12.69;12.65;12.61;12.61;12.61;12.53;12.61;12.65;12.61;12.69;12.69;12.69;12.69;12.65;12.81;12.73;12.65;12.73;12.73;12.73;12.61;12.57;12.61;12.65;12.65;12.65;12.61;12.61;12.57;12.57;12.65;12.69;12.69;12.65;12.73;12.69;12.73;12.77;12.69;12.69;12.61;12.81;12.69;12.61;12.77;12.65;12.65;12.69;12.69;12.65;12.65;12.61;12.61;12.73;12.57;12.73;12.73;12.61;12.65;12.73;12.81;12.73;12.73;12.37;12.81;12.65;12.57;12.53;12.57;12.65;12.73;12.57;12.53;12.53;12.77;12.65;12.73;12.81;12.69;12.61;12.65;12.65;12.69;12.61;12.69;12.65;12.73;12.53;12.61;12.69;12.69;12.69;12.73;12.53;12.61;12.69;12.65;12.65;12.57;12.73;12.65;12.73;12.69;12.69;12.73;12.85;12.73;12.73;12.81;12.77;12.61;12.81;12.73;12.73;12.73;12.69;12.69;12.69;12.65;12.69;12.65;12.69;12.73;12.73;12.65;12.61;12.73;12.73;12.77;12.77;12.69;12.61;12.65;12.61;12.65;12.65;12.65;12.65
12.37;12.37;12.45;12.61;12.57;12.53;12.53;12.57;12.49;12.49;12.61;12.53;12.53;12.45;12.49;12.49;12.53;12.49;12.49;12.49;12.33;12.45;12.49;12.53;12.61;12.53;12.53;12.37;12.49;12.49;12.49;12.53;12.49;12.49;12.45;12.49;12.45;12.53;12.25;12.45;12.49;12.61;12.65;12.65;12.69;12.61;12.53;12.53;12.45;12.25;12.61;12.73;12.53;12.41;12.49;12.49;12.53;12.65;12.53;12.49;12.49;12.53;12.53;12.49;12.41;12.41;12.45;12.49;12.45;12.25;12.49;12.49;12.41;12.45;12.45;12.45;12.45;12.37;12.37;12.37;12.45;12.45;12.29;12.37;12.37;12.33;12.33;12.45;12.61;12.49;12.49;12.53;12.49;12.37;12.57;12.49;12.53;12.57;12.61;12.61;12.45;12.49;12.49;12.49;12.41;12.45;12.53;12.61;12.65;12.65;12.65;12.65;12.53;12.53;12.57;12.53;12.53;12.49;12.49;12.53;12.53;12.61;12.53;12.53;12.53;12.53;12.41;12.41;12.49;12.49;12.53;12.53;12.53;12.53;12.49;12.53;12.65;12.53;12.57;12.57;12.65;12.61;12.37;12.45;12.53;12.69;12.49;12.45;12.49;12.49;12.57;12.53;12.61;12.61;12.65;12.53;12.49;12.53;12.53;12.45;12.53;12.49;12.49;12.57;12.53;12.73;12.61;12.65;12.49;12.57;12.65;12.61;12.61;12.57;12.61;12.53;12.57;12.61;12.57;12.53;12.57;12.61;12.73;12.57;12.53;12.57;12.61;12.61;12.61;12.73;12.65;12.65;12.61;12.61;12.61;12.45;12.65;12.69;12.49;12.57;12.65;12.57;12.61;12.61;12.69;12.61;12.57;12.53;12.65;12.65;12.65;12.53;12.65;12.69;12.61;12.61;12.61;12.61;12.49;12.57;12.53;12.73;12.65;12.61;12.65;12.61;12.61;12.65;12.53;12.61;12.61;12.65;12.53;12.69;12.69;12.65;12.73;12.65;12.65;12.65;12.81;12.69;12.65;12.61;12.57;12.57;12.57;12.65;12.69;12.65;12.61;12.61;12.65;12.57;12.61;12.61;12.49;12.69;12.69;12.65;12.69;12.65;12.65;12.65;12.61;12.69;12.73;12.65;12.69;12.69;12.57;12.65;12.65;12.65;12.69;12.69;12.73;12.69;12.65;12.69;12.61;12.65;12.61;12.65;12.61;12.45;12.65;12.61;12.53;12.61;12.65;12.61;12.69;12.69;12.69;12.69;12.65;12.57;12.69;12.69;12.73;12.73;12.69;12.69;12.73;12.69;12.73;12.69;12.69;12.69;12.81;12.77;12.69;12.65;12.73;12.69;12.69;12.65;12.69;12.69;12.69;12.49;12.69;12.65;12.73;12.73;12.73;12.73;12.73;12.69;12.65;12.65;12.69;12.69;12.69;12.69
12.37;12.45;12.49;12.49;12.57;12.49;12.53;12.49;12.49;12.53;12.53;12.53;12.53;12.49;12.45;12.45;12.45;12.49;12.53;12.49;12.49;12.45;12.49;12.45;12.49;12.53;12.49;12.49;12.49;12.53;12.45;12.49;12.49;12.53;12.45;12.45;12.49;12.45;12.41;12.49;12.53;12.53;12.61;12.57;12.49;12.53;12.61;12.69;12.73;12.45;12.61;12.65;12.61;12.45;12.37;12.49;12.53;12.49;12.45;12.61;12.53;12.61;12.45;12.41;12.33;12.41;12.45;12.49;12.41;12.41;12.41;12.61;12.37;12.37;12.45;12.49;12.41;12.33;12.37;12.33;12.33;12.49;12.37;12.29;12.37;12.41;12.37;12.41;12.41;12.25;12.45;12.45;12.49;12.49;12.49;12.25;12.61;12.57;12.57;12.53;12.53;12.49;12.49;12.61;12.49;12.37;12.41;12.53;12.61;12.53;12.69;12.65;12.53;12.53;12.53;12.53;12.49;12.61;12.49;12.61;12.45;12.49;12.53;12.53;12.45;12.45;12.49;12.49;12.53;12.65;12.49;12.49;12.49;12.65;12.53;12.53;12.49;12.53;12.57;12.57;12.61;12.49;12.53;12.45;12.53;12.53;12.49;12.65;12.49;12.57;12.45;12.45;12.49;12.49;12.41;12.53;12.49;12.53;12.65;12.49;12.53;12.61;12.61;12.57;12.61;12.65;12.65;12.61;12.65;12.53;12.57;12.61;12.65;12.57;12.49;12.53;12.49;12.45;12.61;12.61;12.61;12.57;12.61;12.57;12.61;12.53;12.49;12.61;12.65;12.65;12.65;12.65;12.53;12.69;12.69;12.73;12.65;12.65;12.65;12.49;12.69;12.73;12.61;12.65;12.61;12.57;12.53;12.49;12.49;12.61;12.57;12.73;12.65;12.61;12.61;12.61;12.65;12.65;12.61;12.53;12.53;12.61;12.65;12.65;12.61;12.65;12.61;12.61;12.61;12.57;12.61;12.57;12.61;12.61;12.69;12.53;12.65;12.69;12.65;12.69;12.65;12.73;12.61;12.57;12.57;12.73;12.53;12.65;12.69;12.61;12.57;12.49;12.53;12.49;12.61;12.61;12.65;12.69;12.77;12.81;12.57;12.61;12.65;12.61;12.61;12.57;12.61;12.61;12.61;12.57;12.53;12.81;12.61;12.57;12.69;12.49;12.69;12.73;12.69;12.73;12.65;12.53;12.69;12.69;12.61;12.61;12.73;12.57;12.61;12.61;12.61;12.65;12.65;12.69;12.69;12.73;12.65;12.65;12.69;12.49;12.73;12.81;12.73;12.65;12.65;12.73;12.61;12.53;12.65;12.73;12.73;12.77;12.73;12.73;12.69;12.57;12.61;12.65;12.61;12.61;12.61;12.61;12.65;12.69;12.69;12.77;12.73;12.69;12.69;12.69;12.69;12.65;12.61;12.69;12.65;12.65
12.37;12.49;12.49;12.53;12.53;12.49;12.45;12.61;12.49;12.53;12.45;12.45;12.25;12.49;12.33;12.57;12.41;12.37;12.53;12.53;12.49;12.45;12.37;12.37;12.45;12.53;12.57;12.49;12.49;12.53;12.53;12.45;12.49;12.53;12.53;12.61;12.49;12.37;12.41;12.49;12.53;12.49;12.61;12.53;12.53;12.57;12.61;12.57;12.53;12.49;12.57;12.53;12.49;12.41;12.21;12.41;12.45;12.41;12.57;12.45;12.57;12.45;12.45;12.45;12.41;12.45;12.49;12.45;12.49;12.41;12.49;12.45;12.17;12.45;12.45;12.41;12.53;12.45;12.49;12.41;12.37;12.49;12.41;12.29;12.37;12.17;12.45;12.33;12.33;12.37;12.37;12.49;12.57;12.45;12.45;12.45;12.49;12.45;12.57;12.53;12.49;12.49;12.49;12.33;12.45;12.53;12.37;12.41;12.45;12.53;12.49;12.61;12.53;12.53;12.49;12.53;12.53;12.53;12.57;12.53;12.61;12.61;12.53;12.57;12.65;12.65;12.53;12.49;12.53;12.53;12.53;12.49;12.53;12.41;12.49;12.45;12.65;12.49;12.53;12.53;12.61;12.53;12.49;12.53;12.53;12.53;12.53;12.45;12.49;12.49;12.41;12.45;12.41;12.49;12.45;12.53;12.53;12.49;12.49;12.45;12.61;12.73;12.57;12.61;12.65;12.61;12.65;12.61;12.65;12.53;12.53;12.61;12.57;12.49;12.53;12.37;12.53;12.57;12.69;12.61;12.61;12.53;12.57;12.57;12.57;12.53;12.49;12.61;12.57;12.65;12.65;12.61;12.61;12.61;12.69;12.81;12.65;12.61;12.65;12.65;12.69;12.57;12.61;12.53;12.65;12.53;12.61;12.45;12.53;12.69;12.69;12.69;12.69;12.69;12.65;12.49;12.65;12.65;12.61;12.65;12.65;12.69;12.69;12.69;12.65;12.61;12.61;12.61;12.53;12.61;12.65;12.61;12.45;12.69;12.57;12.61;12.73;12.65;12.69;12.73;12.73;12.69;12.65;12.49;12.53;12.65;12.69;12.69;12.65;12.69;12.61;12.61;12.53;12.53;12.65;12.65;12.69;12.65;12.73;12.69;12.57;12.65;12.65;12.65;12.61;12.61;12.61;12.61;12.81;12.61;12.61;12.65;12.61;12.53;12.69;12.65;12.65;12.73;12.81;12.81;12.73;12.65;12.61;12.69;12.69;12.53;12.69;12.49;12.61;12.69;12.61;12.65;12.49;12.65;12.73;12.65;12.61;12.69;12.69;12.65;12.77;12.53;12.65;12.53;12.69;12.65;12.69;12.69;12.69;12.69;12.69;12.81;12.73;12.73;12.69;12.65;12.65;12.65;12.53;12.61;12.61;12.65;12.65;12.65;12.69;12.69;12.69;12.69;12.61;12.69;12.65;12.69;12.61;12.73;12.57;12.65
12.41;12.45;12.53;12.53;12.53;12.53;12.65;12.61;12.53;12.53;12.53;12.45;12.45;12.45;12.37;12.41;12.49;12.45;12.57;12.45;12.49;12.45;12.45;12.49;12.49;12.53;12.49;12.33;12.57;12.61;12.61;12.49;12.57;12.61;12.85;12.45;12.37;12.41;12.49;12.49;12.49;12.61;12.57;12.61;12.61;12.61;12.53;12.53;12.49;12.53;12.53;12.61;12.53;12.45;12.45;12.49;12.53;12.49;12.61;12.49;12.45;12.37;12.45;12.49;12.45;12.45;12.45;12.37;12.41;12.45;12.53;12.61;12.37;12.37;12.45;12.49;12.45;12.49;12.49;12.37;12.45;12.45;12.41;12.45;12.45;12.49;12.49;12.25;12.25;12.33;12.37;12.49;12.53;12.45;12.61;12.45;12.49;12.45;12.69;12.57;12.45;12.49;12.49;12.49;12.45;12.49;12.53;12.53;12.49;12.49;12.37;12.53;12.53;12.49;12.49;12.45;12.45;12.57;12.73;12.49;12.57;12.53;12.61;12.65;12.65;12.65;12.45;12.53;12.57;12.57;12.53;12.53;12.53;12.49;12.49;12.49;12.45;12.49;12.53;12.53;12.57;12.61;12.57;12.53;12.53;12.53;12.53;12.45;12.45;12.45;12.37;12.61;12.57;12.53;12.49;12.57;12.53;12.45;12.61;12.49;12.61;12.77;12.53;12.61;12.65;12.49;12.65;12.61;12.57;12.57;12.53;12.57;12.53;12.57;12.53;12.29;12.45;12.41;12.57;12.61;12.61;12.57;12.53;12.53;12.53;12.65;12.65;12.65;12.57;12.65;12.61;12.61;12.65;12.65;12.53;12.53;12.57;12.61;12.61;12.61;12.61;12.73;12.57;12.57;12.77;12.65;12.65;12.53;12.65;12.81;12.69;12.65;12.77;12.69;12.69;12.65;12.65;12.61;12.61;12.65;12.61;12.73;12.69;12.65;12.65;12.61;12.61;12.41;12.53;12.73;12.65;12.65;12.65;12.69;12.61;12.73;12.73;12.85;12.69;12.69;12.65;12.69;12.53;12.81;12.73;12.81;12.69;12.69;12.69;12.65;12.81;12.65;12.57;12.49;12.69;12.81;12.49;12.53;12.61;12.65;12.65;12.69;12.65;12.65;12.65;12.65;12.61;12.61;12.61;12.65;12.69;12.61;12.61;12.69;12.61;12.57;12.65;12.61;12.73;12.69;12.65;12.73;12.69;12.69;12.65;12.61;12.65;12.61;12.65;12.69;12.69;12.53;12.61;12.77;12.69;12.73;12.65;12.65;12.69;12.69;12.69;12.65;12.65;12.69;12.73;12.77;12.69;12.65;12.81;12.77;12.73;12.73;12.73;12.65;12.65;12.65;12.65;12.65;12.61;12.73;12.61;12.69;12.73;12.69;12.73;12.81;12.69;12.65;12.65;12.69;12.69;12.57;12.73;12.69;12.61;12.61
12.45;12.49;12.49;12.41;12.57;12.53;12.53;12.53;12.61;12.49;12.69;12.49;12.45;12.41;12.49;12.45;12.49;12.49;12.45;12.53;12.53;12.49;12.45;12.61;12.53;12.53;12.45;12.37;12.41;12.41;12.57;12.49;12.57;12.61;12.49;12.49;12.45;12.49;12.53;12.53;12.53;12.53;12.61;12.61;12.61;12.57;12.49;12.53;12.65;12.53;12.61;12.61;12.53;12.49;12.61;12.53;12.49;12.53;12.53;12.61;12.49;12.53;12.37;12.65;12.49;12.53;12.37;12.53;12.33;12.49;12.49;12.49;12.45;12.41;12.49;12.45;12.37;12.45;12.49;12.49;12.49;12.45;12.49;12.41;12.45;12.41;12.45;12.45;12.45;12.45;12.49;12.49;12.45;12.45;12.53;12.53;12.53;12.57;12.41;12.49;12.41;12.45;12.49;12.33;12.45;12.45;12.33;12.53;12.53;12.61;12.53;12.57;12.49;12.69;12.41;12.37;12.53;12.49;12.57;12.61;12.53;12.53;12.49;12.57;12.61;12.65;12.69;12.65;12.65;12.69;12.49;12.57;12.53;12.57;12.49;12.29;12.49;12.49;12.53;12.65;12.57;12.65;12.61;12.61;12.57;12.53;12.53;12.41;12.33;12.37;12.21;12.45;12.49;12.49;12.45;12.49;12.37;12.41;12.49;12.53;12.61;12.65;12.73;12.69;12.61;12.69;12.65;12.65;12.61;12.61;12.57;12.53;12.41;12.65;12.53;12.49;12.33;12.53;12.61;12.61;12.57;12.53;12.57;12.65;12.57;12.61;12.61;12.61;12.53;12.61;12.61;12.69;12.65;12.73;12.61;12.61;12.53;12.57;12.65;12.61;12.53;12.61;12.61;12.61;12.61;12.73;12.61;12.69;12.65;12.73;12.69;12.73;12.73;12.69;12.69;12.69;12.61;12.53;12.49;12.57;12.53;12.73;12.65;12.61;12.65;12.65;12.61;12.73;12.61;12.65;12.65;12.65;12.69;12.69;12.73;12.85;12.65;12.53;12.73;12.69;12.73;12.69;12.69;12.69;12.69;12.73;12.69;12.69;12.69;12.69;12.65;12.53;12.57;12.61;12.69;12.65;12.61;12.57;12.61;12.65;12.69;12.73;12.65;12.65;12.65;12.65;12.61;12.45;12.61;12.65;12.45;12.65;12.61;12.65;12.81;12.69;12.61;12.65;12.73;12.69;12.69;12.65;12.69;12.65;12.69;12.69;12.73;12.61;12.45;12.69;12.69;12.65;12.57;12.61;12.73;12.69;12.69;12.65;12.65;12.65;12.73;12.69;12.53;12.73;12.73;12.81;12.81;12.69;12.73;12.69;12.73;12.53;12.73;12.61;12.65;12.65;12.61;12.65;12.61;12.61;12.61;12.57;12.77;12.69;12.69;12.69;12.69;12.69;12.69;12.73;12.73;12.69;12.69;12.77;12.57;12.61
12.45;12.41;12.45;12.53;12.57;12.49;12.57;12.65;12.61;12.53;12.53;12.61;12.45;12.45;12.41;12.49;12.49;12.53;12.49;12.25;12.57;12.53;12.49;12.53;12.53;12.53;12.53;12.45;12.45;12.65;12.45;12.49;12.53;12.61;12.53;12.49;12.49;12.45;12.49;12.53;12.45;12.61;12.61;12.61;12.53;12.57;12.53;12.53;12.53;12.61;12.65;12.73;12.53;12.53;12.45;12.61;12.61;12.61;12.61;12.61;12.65;12.61;12.57;12.61;12.65;12.49;12.49;12.33;12.49;12.53;12.49;12.49;12.45;12.49;12.49;12.57;12.53;12.45;12.61;12.61;12.53;12.49;12.57;12.41;12.37;12.17;12.49;12.49;12.45;12.45;12.49;12.45;12.45;12.37;12.53;12.37;12.61;12.49;12.45;12.49;12.41;12.45;12.49;12.53;12.49;12.57;12.53;12.53;12.53;12.53;12.57;12.65;12.49;12.57;12.53;12.49;12.73;12.57;12.57;12.53;12.65;12.57;12.53;12.65;12.69;12.65;12.65;12.69;12.61;12.61;12.53;12.61;12.49;12.49;12.53;12.49;12.57;12.49;12.53;12.53;12.53;12.73;12.89;12.65;12.61;12.53;12.57;12.45;12.45;12.33;12.37;12.53;12.53;12.37;12.45;12.45;12.53;12.61;12.45;12.57;12.57;12.45;12.69;12.65;12.69;12.61;12.65;12.61;12.65;12.61;12.57;12.53;12.65;12.65;12.65;12.57;12.69;12.57;12.61;12.57;12.57;12.57;12.65;12.61;12.61;12.61;12.61;12.61;12.53;12.57;12.61;12.65;12.61;12.73;12.69;12.77;12.49;12.53;12.57;12.61;12.65;12.73;12.69;12.61;12.65;12.61;12.73;12.69;12.69;12.65;12.57;12.65;12.65;12.65;12.69;12.77;12.69;12.61;12.49;12.57;12.69;12.65;12.65;12.69;12.65;12.69;12.77;12.69;12.65;12.61;12.61;12.69;12.61;12.65;12.69;12.69;12.65;12.69;12.61;12.69;12.73;12.69;12.69;12.69;12.69;12.65;12.73;12.69;12.69;12.69;12.65;12.57;12.61;12.65;12.65;12.73;12.61;12.61;12.73;12.73;12.61;12.69;12.53;12.61;12.65;12.65;12.69;12.65;12.81;12.61;12.53;12.69;12.65;12.69;12.69;12.69;12.65;12.53;12.65;12.69;12.65;12.65;12.73;12.69;12.65;12.65;12.69;12.85;12.65;12.65;12.65;12.73;12.57;12.65;12.77;12.69;12.57;12.53;12.61;12.69;12.69;12.73;12.65;12.65;12.85;12.77;12.85;12.73;12.77;12.77;12.53;12.57;12.69;12.81;12.69;12.69;12.57;12.61;12.53;12.61;12.53;12.49;12.69;12.69;12.69;12.65;12.73;12.69;12.65;12.73;12.85;12.69;12.73;12.73;12.61;12.65
12.33;12.29;12.45;12.49;12.49;12.53;12.49;12.45;12.29;12.49;12.49;12.53;12.53;12.45;12.45;12.45;12.61;12.57;12.53;12.49;12.41;12.61;12.45;12.45;12.53;12.53;12.53;12.57;12.61;12.61;12.69;12.41;12.49;12.57;12.49;12.53;12.49;12.49;12.37;12.49;12.53;12.53;12.53;12.53;12.53;12.49;12.45;12.65;12.53;12.53;12.57;12.53;12.53;12.53;12.53;12.57;12.61;12.57;12.65;12.49;12.61;12.65;12.61;12.53;12.53;12.61;12.49;12.49;12.49;12.49;12.49;12.53;12.45;12.49;12.49;12.53;12.45;12.45;12.49;12.65;12.49;12.49;12.45;12.45;12.33;12.45;12.49;12.49;12.49;12.49;12.49;12.45;12.41;12.41;12.49;12.49;12.45;12.49;12.49;12.49;12.49;12.49;12.53;12.53;12.57;12.53;12.53;12.53;12.53;12.57;12.57;12.61;12.61;12.57;12.57;12.61;12.65;12.65;12.61;12.53;12.57;12.57;12.57;12.53;12.73;12.65;12.49;12.61;12.33;12.65;12.49;12.53;12.61;12.45;12.53;12.53;12.57;12.41;12.53;12.61;12.69;12.65;12.65;12.65;12.61;12.49;12.53;12.53;12.61;12.41;12.37;12.33;12.49;12.49;12.45;12.45;12.45;12.49;12.57;12.61;12.65;12.65;12.53;12.65;12.53;12.61;12.61;12.65;12.65;12.61;12.65;12.65;12.61;12.61;12.61;12.61;12.61;12.65;12.69;12.53;12.73;12.53;12.65;12.65;12.53;12.61;12.61;12.61;12.65;12.61;12.49;12.53;12.61;12.65;12.69;12.61;12.61;12.61;12.53;12.49;12.65;12.53;12.69;12.45;12.61;12.61;12.69;12.73;12.65;12.61;12.61;12.61;12.65;12.65;12.69;12.69;12.65;12.65;12.61;12.65;12.65;12.77;12.69;12.69;12.69;12.65;12.61;12.73;12.61;12.61;12.61;12.65;12.61;12.65;12.65;12.69;12.65;12.77;12.69;12.57;12.73;12.73;12.65;12.69;12.57;12.65;12.61;12.69;12.69;12.73;12.57;12.69;12.65;12.57;12.61;12.61;12.65;12.53;12.65;12.65;12.69;12.73;12.53;12.65;12.61;12.65;12.61;12.69;12.65;12.69;12.65;12.81;12.85;12.53;12.81;12.73;12.73;12.69;12.65;12.69;12.61;12.41;12.77;12.69;12.65;12.53;12.57;12.77;12.61;12.73;12.77;12.65;12.65;12.65;12.69;12.57;12.53;12.53;12.53;12.89;12.73;12.69;12.65;12.73;12.81;12.81;13.09;12.69;12.85;12.73;12.69;12.69;12.69;12.73;12.65;12.81;12.65;12.65;12.57;12.57;12.61;12.61;12.61;12.53;12.53;12.65;12.69;12.69;12.69;12.73;12.69;12.69;12.73;12.61;12.53;12.61
12.33;12.45;12.49;12.49;12.53;12.49;12.49;12.45;12.37;12.45;12.53;12.49;12.53;12.53;12.57;12.45;12.49;12.57;12.49;12.45;12.45;12.37;12.41;12.53;12.49;12.61;12.53;12.53;12.61;12.61;12.49;12.49;12.49;12.49;12.53;12.49;12.37;12.45;12.49;12.45;12.49;12.41;12.53;12.49;12.49;12.49;12.69;12.61;12.53;12.53;12.65;12.49;12.53;12.49;12.53;12.57;12.57;12.57;12.53;12.61;12.65;12.61;12.65;12.61;12.41;12.53;12.53;12.49;12.61;12.41;12.49;12.49;12.41;12.49;12.49;12.53;12.45;12.45;12.41;12.49;12.45;12.61;12.49;12.45;12.37;12.57;12.49;12.49;12.49;12.49;12.49;12.37;12.49;12.45;12.49;12.45;12.45;12.49;12.49;12.49;12.49;12.53;12.49;12.53;12.45;12.49;12.53;12.53;12.53;12.53;12.49;12.61;12.57;12.49;12.57;12.53;12.69;12.61;12.53;12.49;12.57;12.53;12.41;12.61;12.69;12.65;12.57;12.53;12.53;12.61;12.57;12.53;12.37;12.45;12.53;12.77;12.57;12.49;12.53;12.57;12.57;12.53;12.61;12.81;12.65;12.49;12.53;12.53;12.69;12.53;12.41;12.45;12.45;12.49;12.49;12.37;12.41;12.61;12.57;12.65;12.65;12.49;12.53;12.69;12.61;12.61;12.65;12.65;12.65;12.65;12.65;12.65;12.61;12.57;12.45;12.61;12.53;12.53;12.53;12.61;12.65;12.61;12.49;12.53;12.61;12.65;12.61;12.65;12.65;12.61;12.53;12.53;12.69;12.65;12.53;12.61;12.61;12.61;12.61;12.61;12.61;12.57;12.49;12.45;12.65;12.65;12.61;12.65;12.61;12.61;12.61;12.61;12.65;12.61;12.61;12.69;12.65;12.65;12.69;12.65;12.69;12.69;12.73;12.69;12.65;12.53;12.65;12.61;12.61;12.65;12.73;12.61;12.53;12.69;12.73;12.65;12.65;12.81;12.65;12.65;12.65;12.69;12.65;12.69;12.65;12.61;12.65;12.49;12.73;12.69;12.61;12.73;12.69;12.65;12.61;12.65;12.61;12.61;12.57;12.65;12.57;12.69;12.65;12.65;12.77;12.69;12.65;12.61;12.69;12.69;12.69;12.69;12.69;12.65;12.69;12.65;12.69;12.69;12.69;12.69;12.53;12.53;12.65;12.65;12.69;12.61;12.85;12.61;12.69;12.73;12.49;12.73;12.45;12.65;12.85;12.57;12.53;12.65;12.77;12.69;12.69;12.65;12.85;12.65;12.69;12.69;12.81;12.65;12.69;12.61;12.73;12.73;12.69;12.73;12.69;12.61;12.65;12.61;12.57;12.57;12.45;12.61;12.57;12.61;12.65;12.53;12.69;12.69;12.69;12.73;12.69;12.69;12.61;12.73;12.65;12.61
12.45;12.45;12.45;12.61;12.49;12.49;12.45;12.45;12.37;12.45;12.49;12.61;12.45;12.33;12.45;12.49;12.61;12.49;12.53;12.37;12.45;12.65;12.33;12.33;12.45;12.49;12.65;12.53;12.53;12.53;12.53;12.53;12.53;12.49;12.29;12.61;12.57;12.57;12.49;12.45;12.41;12.49;12.45;12.41;12.49;12.37;12.57;12.61;12.61;12.53;12.61;12.65;12.53;12.53;12.49;12.65;12.61;12.53;12.57;12.53;12.61;12.69;12.53;12.49;12.37;12.45;12.29;12.45;12.49;12.57;12.45;12.49;12.49;12.49;12.57;12.49;12.45;12.49;12.45;12.49;12.37;12.49;12.45;12.37;12.37;12.53;12.53;12.53;12.53;12.53;12.61;12.49;12.49;12.49;12.49;12.49;12.45;12.53;12.53;12.49;12.49;12.53;12.45;12.53;12.53;12.53;12.49;12.49;12.49;12.49;12.53;12.57;12.61;12.61;12.53;12.53;12.53;12.57;12.49;12.45;12.57;12.57;12.53;12.61;12.69;12.53;12.53;12.45;12.53;12.73;12.53;12.53;12.53;12.49;12.53;12.61;12.53;12.53;12.61;12.57;12.61;12.53;12.53;12.53;12.45;12.25;12.53;12.49;12.53;12.53;12.45;12.45;12.49;12.41;12.61;12.49;12.45;12.41;12.53;12.53;12.61;12.53;12.49;12.49;12.61;12.61;12.69;12.65;12.69;12.69;12.65;12.61;12.61;12.61;12.53;12.61;12.53;12.65;12.61;12.65;12.65;12.49;12.61;12.61;12.61;12.65;12.57;12.69;12.65;12.69;12.65;12.69;12.69;12.69;12.65;12.61;12.73;12.57;12.61;12.61;12.65;12.57;12.65;12.57;12.73;12.69;12.57;12.57;12.61;12.49;12.65;12.61;12.65;12.69;12.69;12.81;12.69;12.61;12.53;12.53;12.69;12.69;12.73;12.65;12.53;12.45;12.61;12.61;12.57;12.81;12.85;12.65;12.61;12.69;12.81;12.73;12.65;12.73;12.45;12.57;12.61;12.61;12.77;12.49;12.53;12.73;12.53;12.65;12.49;12.65;12.57;12.65;12.65;12.69;12.61;12.69;12.65;12.33;12.65;12.89;12.57;12.65;12.69;12.73;12.65;12.69;12.61;12.61;12.65;12.65;12.65;12.69;12.69;12.61;12.61;12.65;12.69;12.69;12.73;12.53;12.61;12.45;12.53;12.61;12.61;12.65;12.53;12.65;12.81;12.53;12.41;12.61;12.65;12.69;12.65;12.45;12.69;12.61;12.65;12.69;12.65;12.65;12.65;12.65;12.69;12.69;12.73;12.69;12.69;12.69;12.69;12.77;12.73;12.65;12.65;12.65;12.65;12.65;12.61;12.65;12.53;12.61;12.69;12.69;12.69;12.69;12.69;12.73;12.73;12.65;12.69;12.65;12.57;12.65;12.65;12.61
12.45;12.45;12.45;12.49;12.53;12.53;12.45;12.53;12.45;12.49;12.69;12.61;12.49;12.45;12.57;12.49;12.57;12.61;12.69;12.53;12.53;12.61;12.45;12.45;12.41;12.53;12.53;12.53;12.53;12.49;12.45;12.49;12.61;12.53;12.57;12.53;12.53;12.33;12.45;12.45;12.49;12.45;12.45;12.45;12.49;12.53;12.53;12.57;12.61;12.61;12.53;12.49;12.49;12.61;12.49;12.53;12.73;12.57;12.53;12.49;12.45;12.61;12.73;12.61;12.53;12.53;12.41;12.53;12.41;12.37;12.53;12.53;12.57;12.53;12.61;12.61;12.49;12.49;12.49;12.53;12.49;12.53;12.53;12.37;12.53;12.45;12.49;12.61;12.61;12.41;12.49;12.49;12.53;12.53;12.57;12.53;12.61;12.49;12.53;12.33;12.41;12.61;12.53;12.53;12.53;12.53;12.49;12.53;12.41;12.37;12.45;12.53;12.65;12.53;12.53;12.61;12.57;12.65;12.65;12.81;12.53;12.53;12.65;12.61;12.65;12.61;12.53;12.53;12.61;12.61;12.53;12.57;12.65;12.57;12.53;12.61;12.61;12.61;12.61;12.61;12.61;12.53;12.53;12.49;12.45;12.49;12.49;12.53;12.49;12.53;12.49;12.41;12.49;12.49;12.53;12.45;12.49;12.33;12.33;12.53;12.57;12.53;12.61;12.49;12.53;12.61;12.81;12.65;12.69;12.61;12.53;12.57;12.61;12.61;12.53;12.61;12.61;12.73;12.65;12.65;12.65;12.57;12.61;12.61;12.61;12.61;12.65;12.65;12.53;12.65;12.65;12.65;12.65;12.69;12.49;12.61;12.65;12.61;12.69;12.69;12.61;12.77;12.65;12.69;12.73;12.81;12.69;12.69;12.69;12.65;12.65;12.85;12.61;12.69;12.69;12.69;12.65;12.65;12.65;12.65;12.65;12.69;12.69;12.85;12.61;12.89;12.61;12.53;12.61;12.77;12.73;12.69;12.69;12.93;12.53;12.81;12.65;12.61;12.57;12.61;12.61;12.77;12.81;12.61;12.65;12.65;12.69;12.61;12.61;12.53;12.69;12.61;12.73;12.69;12.69;12.85;12.73;12.69;12.65;12.69;12.69;12.65;12.65;12.73;12.65;12.65;12.53;12.61;12.65;12.65;12.69;12.69;12.69;12.85;12.53;12.61;12.73;12.61;12.61;12.73;12.69;12.57;12.61;12.61;12.69;12.73;12.65;12.65;12.65;12.65;12.61;12.65;12.61;12.69;12.61;12.61;12.49;12.57;12.73;12.65;12.61;12.53;12.61;12.73;12.69;12.69;12.73;12.69;12.77;12.77;12.77;12.77;12.69;12.73;12.65;12.65;12.65;12.69;12.73;12.69;12.61;12.77;12.81;12.65;12.69;12.81;12.81;12.57;12.69;12.69;12.69;12.65;12.53;12.61;12.65;12.81
12.45;12.41;12.61;12.49;12.49;12.53;12.49;12.45;12.45;12.45;12.77;12.41;12.57;12.53;12.45;12.49;12.57;12.57;12.53;12.65;12.49;12.53;12.49;12.49;12.45;12.61;12.65;12.53;12.53;12.53;12.53;12.53;12.61;12.61;12.53;12.53;12.53;12.49;12.37;12.53;12.49;12.45;12.49;12.53;12.41;12.45;12.49;12.61;12.57;12.53;12.61;12.49;12.45;12.49;12.49;12.53;12.69;12.53;12.53;12.53;12.45;12.53;12.53;12.49;12.65;12.57;12.49;12.57;12.49;12.49;12.29;12.49;12.65;12.61;12.49;12.61;12.53;12.53;12.61;12.53;12.49;12.53;12.45;12.45;12.37;12.57;12.49;12.61;12.61;12.53;12.45;12.37;12.53;12.57;12.57;12.65;12.53;12.61;12.53;12.45;12.37;12.49;12.49;12.49;12.61;12.61;12.53;12.53;12.57;12.53;12.45;12.53;12.57;12.61;12.61;12.49;12.49;12.61;12.61;12.53;12.49;12.57;12.69;12.69;12.65;12.61;12.61;12.53;12.53;12.53;12.53;12.57;12.53;12.65;12.57;12.61;12.61;12.53;12.53;12.53;12.57;12.53;12.53;12.49;12.53;12.53;12.53;12.49;12.53;12.49;12.45;12.49;12.49;12.49;12.49;12.53;12.49;12.57;12.49;12.61;12.45;12.49;12.57;12.65;12.65;12.57;12.69;12.53;12.73;12.65;12.61;12.61;12.53;12.61;12.33;12.53;12.57;12.65;12.65;12.65;12.73;12.53;12.53;12.57;12.61;12.61;12.65;12.53;12.65;12.69;12.61;12.57;12.73;12.69;12.69;12.69;12.69;12.65;12.77;12.57;12.81;12.77;12.69;12.77;12.57;12.81;12.69;12.65;12.73;12.73;12.65;12.69;12.73;12.69;12.73;12.73;12.61;12.65;12.73;12.65;12.73;12.73;12.69;12.65;12.69;12.77;12.61;12.49;12.77;12.81;12.69;12.69;12.69;12.65;12.73;12.69;12.65;12.65;12.65;12.65;12.65;12.69;12.81;12.69;12.81;12.69;12.69;12.65;12.61;12.65;12.69;12.73;12.73;12.69;12.69;12.69;12.69;12.65;12.65;12.69;12.69;12.73;12.65;12.65;12.61;12.57;12.61;12.69;12.57;12.61;12.73;12.85;12.69;12.73;12.65;12.65;12.69;12.61;12.53;12.65;12.61;12.61;12.69;12.65;12.73;12.57;12.73;12.65;12.69;12.85;12.61;12.69;12.61;12.73;12.85;12.65;12.61;12.61;12.61;12.61;12.57;12.69;12.65;12.61;12.53;12.73;12.73;12.73;12.49;12.61;12.81;12.69;12.77;12.69;12.65;12.65;12.69;12.69;12.73;12.69;12.69;12.81;12.69;12.81;12.77;12.85;12.77;12.77;12.65;12.85;12.73;12.81;12.65;12.61;12.65;12.69
12.41;12.37;12.53;12.33;12.53;12.49;12.49;12.49;12.45;12.45;12.45;12.49;12.37;12.45;12.45;12.53;12.57;12.57;12.57;12.53;12.45;12.41;12.45;12.45;12.45;12.57;12.53;12.49;12.49;12.49;12.65;12.65;12.65;12.65;12.53;12.53;12.53;12.49;12.45;12.41;12.49;12.41;12.49;12.45;12.45;12.49;12.57;12.53;12.49;12.41;12.49;12.49;12.45;12.41;12.41;12.45;12.45;12.33;12.57;12.53;12.53;12.65;12.49;12.53;12.45;12.49;12.65;12.37;12.41;12.45;12.45;12.49;12.61;12.61;12.53;12.53;12.57;12.45;12.53;12.61;12.49;12.45;12.45;12.49;12.45;12.45;12.45;12.61;12.53;12.53;12.49;12.49;12.49;12.49;12.57;12.49;12.53;12.53;12.53;12.37;12.49;12.53;12.49;12.49;12.53;12.61;12.49;12.49;12.45;12.53;12.41;12.49;12.53;12.57;12.61;12.61;12.65;12.65;12.61;12.61;12.53;12.57;12.69;12.61;12.65;12.65;12.45;12.61;12.53;12.53;12.57;12.45;12.53;12.57;12.53;12.61;12.57;12.53;12.53;12.53;12.53;12.53;12.53;12.53;12.53;12.53;12.53;12.53;12.45;12.53;12.45;12.49;12.57;12.53;12.49;12.49;12.53;12.57;12.57;12.65;12.45;12.33;12.53;12.69;12.53;12.53;12.61;12.65;12.65;12.61;12.61;12.57;12.61;12.53;12.53;12.65;12.53;12.61;12.77;12.61;12.65;12.45;12.65;12.57;12.57;12.61;12.61;12.61;12.57;12.61;12.57;12.61;12.61;12.73;12.69;12.77;12.77;12.61;12.45;12.49;12.73;12.65;12.61;12.61;12.61;12.45;12.65;12.69;12.73;12.69;12.69;12.69;12.69;12.69;12.65;12.73;12.77;12.53;12.65;12.69;12.69;12.77;12.53;12.69;12.65;12.69;12.69;12.69;12.69;12.69;12.69;12.69;12.69;12.69;12.57;12.73;12.69;12.61;12.65;12.65;12.65;12.69;12.65;12.73;12.73;12.69;12.69;12.73;12.57;12.61;12.65;12.69;12.69;12.69;12.69;12.65;12.69;12.73;12.57;12.73;12.73;12.85;12.65;12.57;12.53;12.53;12.57;12.33;12.57;12.61;12.61;12.73;12.77;12.61;12.61;12.69;12.69;12.65;12.65;12.61;12.53;12.61;12.73;12.81;12.61;12.69;12.69;12.69;12.69;12.65;12.61;12.53;12.49;12.61;12.69;12.69;12.61;12.61;12.65;12.53;12.69;12.69;12.69;12.53;12.53;12.45;12.81;12.69;12.73;12.81;12.69;12.69;12.69;12.65;12.61;12.53;12.61;12.81;12.69;12.73;12.73;12.69;12.65;12.61;12.73;12.73;12.73;12.73;12.85;12.89;12.81;12.81;12.73;12.65;12.65;12.69
12.37;12.53;12.49;12.37;12.45;12.49;12.57;12.49;12.49;12.45;12.45;12.45;12.41;12.65;12.53;12.57;12.53;12.61;12.53;12.49;12.65;12.65;12.49;12.45;12.53;12.57;12.49;12.57;12.49;12.53;12.61;12.53;12.69;12.69;12.53;12.45;12.57;12.49;12.45;12.45;12.73;12.61;12.53;12.49;12.41;12.45;12.53;12.53;12.49;12.49;12.49;12.49;12.49;12.45;12.25;12.45;12.45;12.49;12.49;12.53;12.49;12.45;12.53;12.49;12.53;12.53;12.45;12.49;12.45;12.49;12.37;12.65;12.37;12.49;12.57;12.57;12.45;12.45;12.53;12.65;12.53;12.45;12.45;12.45;12.49;12.53;12.61;12.61;12.53;12.53;12.69;12.49;12.45;12.37;12.49;12.49;12.49;12.65;12.49;12.57;12.53;12.53;12.53;12.65;12.53;12.53;12.45;12.45;12.45;12.53;12.61;12.57;12.57;12.61;12.61;12.57;12.61;12.61;12.61;12.65;12.61;12.57;12.61;12.85;12.53;12.81;12.69;12.53;12.49;12.57;12.53;12.53;12.57;12.49;12.45;12.53;12.73;12.53;12.53;12.53;12.53;12.57;12.53;12.53;12.61;12.57;12.61;12.61;12.53;12.65;12.61;12.57;12.57;12.65;12.57;12.57;12.53;12.61;12.65;12.61;12.65;12.53;12.61;12.69;12.81;12.53;12.53;12.53;12.53;12.61;12.61;12.49;12.65;12.49;12.37;12.77;12.73;12.61;12.61;12.57;12.65;12.49;12.53;12.49;12.57;12.69;12.65;12.61;12.57;12.61;12.61;12.61;12.65;12.69;12.65;12.73;12.69;12.49;12.61;12.61;12.65;12.65;12.65;12.61;12.65;12.65;12.85;12.65;12.73;12.77;12.69;12.65;12.73;12.65;12.69;12.81;12.89;12.73;12.69;12.69;12.73;12.65;12.61;12.73;12.57;12.69;12.73;12.73;12.69;12.65;12.65;12.69;12.73;12.69;12.73;12.73;12.77;12.73;12.69;12.65;12.65;12.69;12.65;12.73;12.69;12.73;12.77;12.73;12.73;12.81;12.65;12.65;12.65;12.61;12.65;12.77;12.61;12.65;12.73;12.69;12.69;12.73;12.65;12.69;12.73;12.65;12.61;12.49;12.53;12.53;12.61;12.73;12.73;12.65;12.73;12.65;12.77;12.69;12.65;12.61;12.65;12.61;12.81;12.53;12.65;12.65;12.69;12.69;12.73;12.61;12.61;12.69;12.65;12.61;12.69;12.61;12.61;12.45;12.53;12.73;12.77;12.65;12.61;12.69;12.57;12.73;12.65;12.69;12.73;12.85;12.85;12.81;12.65;12.65;12.65;12.77;12.73;12.81;12.85;12.73;12.69;12.69;12.69;12.73;12.69;12.73;12.73;12.73;12.69;12.81;12.89;12.73;12.61;12.61;12.65;12.69
12.33;12.49;12.45;12.41;12.57;12.41;12.53;12.53;12.49;12.45;12.45;12.45;12.41;12.37;12.49;12.49;12.41;12.49;12.57;12.61;12.45;12.57;12.41;12.53;12.49;12.53;12.53;12.49;12.49;12.45;12.57;12.57;12.45;12.61;12.37;12.53;12.49;12.49;12.37;12.45;12.41;12.37;12.57;12.53;12.45;12.53;12.45;12.49;12.49;12.45;12.45;12.61;12.49;12.49;12.33;12.49;12.49;12.45;12.37;12.45;12.49;12.45;12.29;12.45;12.49;12.49;12.49;12.49;12.37;12.45;12.53;12.49;12.33;12.57;12.53;12.61;12.53;12.25;12.45;12.49;12.21;12.29;12.33;12.45;12.53;12.53;12.61;12.53;12.49;12.57;12.45;12.49;12.09;12.45;12.37;12.57;12.53;12.41;12.61;12.61;12.41;12.61;12.45;12.53;12.53;12.45;12.49;12.41;12.37;12.57;12.53;12.53;12.45;12.53;12.57;12.53;12.37;12.53;12.61;12.49;12.49;12.61;12.61;12.45;12.65;12.65;12.53;12.61;12.49;12.53;12.53;12.53;12.45;12.49;12.57;12.61;12.53;12.57;12.53;12.53;12.45;12.53;12.53;12.53;12.49;12.61;12.61;12.81;12.53;12.49;12.57;12.57;12.53;12.45;12.61;12.49;12.53;12.65;12.41;12.57;12.53;12.57;12.53;12.53;12.37;12.53;12.53;12.53;12.53;12.53;12.49;12.49;12.53;12.49;12.53;12.53;12.53;12.69;12.57;12.53;12.61;12.45;12.45;12.49;12.61;12.61;12.69;12.45;12.53;12.57;12.61;12.65;12.77;12.69;12.65;12.65;12.69;12.65;12.37;12.49;12.69;12.69;12.69;12.61;12.69;12.61;12.49;12.45;12.81;12.65;12.69;12.65;12.61;12.41;12.65;12.65;12.69;12.69;12.73;12.53;12.69;12.69;12.65;12.73;12.73;12.69;12.73;12.61;12.57;12.61;12.61;12.53;12.77;12.73;12.57;12.49;12.69;12.69;12.73;12.65;12.65;12.73;12.69;12.73;12.69;12.73;12.69;12.73;12.69;12.69;12.65;12.65;12.69;12.57;12.61;12.69;12.61;12.53;12.53;12.69;12.69;12.73;12.73;12.69;12.65;12.69;12.57;12.49;12.61;12.49;12.65;12.65;12.69;12.65;12.61;12.65;12.53;12.69;12.61;12.61;12.61;12.65;12.65;12.69;12.65;12.69;12.69;12.69;12.61;12.69;12.61;12.65;12.61;12.61;12.69;12.41;12.61;12.49;12.57;12.65;12.61;12.33;12.69;12.65;12.65;12.69;12.69;12.57;12.73;12.73;12.81;12.77;12.69;12.65;12.65;12.73;12.73;12.69;12.69;12.85;12.61;12.73;12.61;12.61;12.73;12.73;12.85;12.73;12.69;12.81;12.69;12.65;12.69;12.53;12.73;12.69
12.53;12.61;12.53;12.49;12.49;12.53;12.53;12.65;12.49;12.69;12.45;12.45;12.37;12.45;12.37;12.53;12.37;12.49;12.61;12.53;12.53;12.49;12.45;12.57;12.53;12.53;12.49;12.45;12.57;12.57;12.65;12.49;12.49;12.53;12.61;12.33;12.49;12.49;12.45;12.41;12.45;12.49;12.53;12.65;12.53;12.49;12.53;12.73;12.49;12.49;12.53;12.45;12.45;12.49;12.57;12.49;12.49;12.49;12.45;12.41;12.41;12.49;12.45;12.49;12.49;12.49;12.49;12.49;12.49;12.45;12.45;12.53;12.53;12.53;12.53;12.57;12.49;12.45;12.41;12.61;12.49;12.45;12.37;12.57;12.49;12.49;12.49;12.61;12.57;12.49;12.37;12.49;12.49;12.57;12.53;12.53;12.57;12.49;12.57;12.53;12.45;12.53;12.53;12.41;12.45;12.53;12.49;12.53;12.61;12.57;12.61;12.61;12.65;12.53;12.61;12.65;12.53;12.57;12.61;12.53;12.53;12.65;12.61;12.45;12.49;12.65;12.53;12.53;12.53;12.53;12.49;12.49;12.57;12.53;12.53;12.65;12.61;12.53;12.53;12.53;12.57;12.57;12.53;12.49;12.53;12.73;12.65;12.53;12.49;12.53;12.49;12.53;12.53;12.61;12.61;12.73;12.61;12.65;12.73;12.61;12.53;12.37;12.53;12.53;12.49;12.53;12.61;12.57;12.53;12.49;12.45;12.49;12.49;12.61;12.53;12.57;12.53;12.61;12.65;12.61;12.53;12.61;12.57;12.49;12.53;12.61;12.61;12.61;12.45;12.57;12.69;12.61;12.69;12.65;12.57;12.69;12.65;12.61;12.61;12.73;12.69;12.69;12.61;12.61;12.61;12.73;12.65;12.69;12.69;12.61;12.61;12.61;12.81;12.73;12.65;12.65;12.65;12.77;12.89;12.57;12.81;12.65;12.65;12.61;12.45;12.41;12.65;12.69;12.73;12.61;12.65;12.73;12.65;12.81;12.61;12.61;12.61;12.65;12.65;12.61;12.73;12.73;12.69;12.81;12.69;12.69;12.69;12.73;12.69;12.65;12.65;12.69;12.69;12.69;12.69;12.61;12.61;12.61;12.61;12.81;12.61;12.69;12.73;12.65;12.69;12.77;12.61;12.57;12.65;12.57;12.57;12.65;12.73;12.65;12.61;12.53;12.53;12.69;12.57;12.61;12.81;12.57;12.65;12.65;12.65;12.73;12.69;12.73;12.69;12.77;12.69;12.65;12.69;12.61;12.49;12.73;12.49;12.61;12.61;12.77;12.77;12.65;12.65;12.73;12.65;12.65;12.69;12.73;12.73;12.73;12.89;12.69;12.73;12.69;12.69;12.69;12.73;12.73;12.89;12.69;12.77;12.73;12.73;12.73;12.73;12.77;12.69;12.65;12.57;12.81;12.81;12.69;12.69;12.69;12.61;12.77
12.53;12.49;12.49;12.53;12.53;12.49;12.53;12.61;12.45;12.33;12.41;12.45;12.33;12.45;12.45;12.25;12.49;12.61;12.53;12.57;12.49;12.45;12.45;12.45;12.53;12.61;12.25;12.49;12.49;12.41;12.53;12.49;12.53;12.61;12.45;12.53;12.49;12.49;12.45;12.41;12.53;12.45;12.53;12.53;12.45;12.53;12.45;12.49;12.45;12.53;12.53;12.37;12.45;12.49;12.37;12.45;12.53;12.53;12.57;12.49;12.65;12.49;12.53;12.53;12.53;12.49;12.61;12.53;12.49;12.53;12.53;12.53;12.49;12.53;12.41;12.45;12.53;12.37;12.49;12.49;12.49;12.37;12.29;12.49;12.49;12.45;12.49;12.53;12.53;12.45;12.49;12.53;12.53;12.53;12.53;12.53;12.25;12.49;12.53;12.69;12.57;12.49;12.45;12.53;12.37;12.45;12.57;12.45;12.49;12.49;12.65;12.69;12.49;12.65;12.61;12.61;12.53;12.57;12.61;12.57;12.45;12.49;12.37;12.49;12.61;12.61;12.53;12.53;12.49;12.41;12.53;12.45;12.37;12.37;12.69;12.61;12.57;12.49;12.49;12.49;12.61;12.57;12.53;12.53;12.53;12.49;12.53;12.37;12.49;12.53;12.49;12.41;12.53;12.49;12.65;12.61;12.65;12.65;12.61;12.61;12.37;12.53;12.53;12.61;12.49;12.53;12.53;12.69;12.53;12.45;12.37;12.45;12.37;12.49;12.49;12.53;12.53;12.37;12.53;12.61;12.61;12.65;12.49;12.37;12.53;12.49;12.49;12.45;12.61;12.49;12.53;12.65;12.65;12.61;12.69;12.61;12.61;12.61;12.77;12.49;12.69;12.61;12.49;12.65;12.65;12.61;12.65;12.61;12.65;12.57;12.45;12.57;12.69;12.65;12.65;12.61;12.85;12.61;12.61;12.65;12.57;12.53;12.65;12.65;12.49;12.69;12.65;12.69;12.57;12.65;12.61;12.61;12.45;12.57;12.61;12.69;12.61;12.61;12.57;12.61;12.53;12.45;12.61;12.73;12.69;12.69;12.69;12.73;12.77;12.65;12.65;12.69;12.73;12.77;12.69;12.61;12.65;12.65;12.69;12.65;12.61;12.61;12.69;12.65;12.69;12.65;12.61;12.65;12.73;12.65;12.57;12.65;12.49;12.61;12.61;12.53;12.53;12.61;12.57;12.57;12.53;12.57;12.69;12.49;12.65;12.65;12.65;12.69;12.69;12.69;12.69;12.65;12.61;12.61;12.61;12.65;12.65;12.65;12.61;12.65;12.69;12.57;12.57;12.49;12.65;12.69;12.73;12.65;12.81;12.61;12.73;12.69;12.73;12.65;12.65;12.57;12.61;12.65;12.65;12.77;12.73;12.73;12.73;12.73;12.85;12.85;12.81;12.69;12.85;12.77;12.65;12.69;12.73;12.73;12.73;12.69
12.53;12.53;12.53;12.37;12.45;12.41;12.45;12.49;12.45;12.37;12.25;12.37;12.41;12.37;12.45;12.49;12.53;12.49;12.53;12.53;12.45;12.45;12.41;12.49;12.49;12.45;12.45;12.57;12.45;12.53;12.53;12.61;12.53;12.53;12.53;12.41;12.49;12.45;12.49;12.45;12.49;12.45;12.29;12.49;12.49;12.49;12.45;12.45;12.53;12.65;12.49;12.61;12.45;12.45;12.45;12.49;12.61;12.49;12.53;12.53;12.37;12.57;12.53;12.57;12.53;12.49;12.45;12.45;12.53;12.53;12.61;12.49;12.45;12.41;12.49;12.37;12.49;12.45;12.61;12.49;12.41;12.37;12.33;12.45;12.49;12.49;12.41;12.53;12.53;12.45;12.49;12.49;12.69;12.41;12.49;12.53;12.45;12.45;12.53;12.61;12.45;12.53;12.49;12.41;12.41;12.49;12.45;12.37;12.53;12.53;12.45;12.69;12.65;12.65;12.65;12.73;12.57;12.61;12.49;12.53;12.49;12.53;12.53;12.53;12.57;12.53;12.53;12.49;12.53;12.49;12.49;12.53;12.49;12.53;12.49;12.53;12.81;12.53;12.45;12.53;12.57;12.73;12.65;12.57;12.57;12.61;12.53;12.53;12.49;12.65;12.45;12.57;12.49;12.73;12.61;12.61;12.65;12.61;12.61;12.61;12.53;12.29;12.69;12.61;12.57;12.53;12.53;12.57;12.49;12.57;12.33;12.53;12.49;12.49;12.61;12.45;12.45;12.53;12.65;12.49;12.57;12.49;12.57;12.49;12.57;12.53;12.45;12.53;12.65;12.45;12.61;12.61;12.61;12.57;12.61;12.61;12.45;12.61;12.73;12.73;12.69;12.61;12.73;12.53;12.69;12.69;12.57;12.65;12.57;12.61;12.65;12.65;12.65;12.65;12.65;12.49;12.49;12.69;12.53;12.65;12.61;12.53;12.53;12.69;12.53;12.65;12.61;12.65;12.41;12.65;12.65;12.65;12.61;12.57;12.61;12.65;12.53;12.65;12.65;12.61;12.65;12.61;12.77;12.81;12.69;12.65;12.69;12.85;12.77;12.69;12.73;12.69;12.61;12.65;12.65;12.69;12.65;12.65;12.69;12.65;12.61;12.57;12.53;12.61;12.65;12.65;12.57;12.53;12.61;12.45;12.65;12.61;12.65;12.61;12.61;12.61;12.61;12.49;12.49;12.49;12.57;12.61;12.69;12.73;12.69;12.69;12.65;12.65;12.73;12.73;12.65;12.65;12.69;12.69;12.65;12.65;12.69;12.81;12.69;12.65;12.69;12.65;12.61;12.61;12.73;12.69;12.77;12.73;12.69;12.73;12.69;12.65;12.69;12.73;12.65;12.61;12.45;12.61;12.77;12.65;12.73;12.73;12.73;12.73;12.89;12.85;12.73;12.81;12.77;12.61;12.65;12.69;12.69;12.57;12.73;12.69
12.49;12.45;12.61;12.49;12.45;12.45;12.49;12.41;12.53;12.33;12.37;12.37;12.37;12.37;12.37;12.33;12.61;12.49;12.37;12.49;12.41;12.45;12.45;12.49;12.49;12.49;12.49;12.53;12.45;12.49;12.49;12.53;12.53;12.61;12.53;12.49;12.45;12.49;12.53;12.41;12.61;12.45;12.45;12.49;12.49;12.53;12.57;12.57;12.57;12.37;12.49;12.53;12.41;12.45;12.45;12.53;12.57;12.49;12.45;12.45;12.57;12.61;12.57;12.73;12.53;12.49;12.45;12.49;12.45;12.53;12.53;12.49;12.37;12.41;12.45;12.49;12.41;12.37;12.49;12.45;12.45;12.41;12.33;12.45;12.53;12.49;12.49;12.57;12.45;12.45;12.45;12.49;12.53;12.49;12.49;12.45;12.49;12.49;12.53;12.49;12.45;12.45;12.33;12.45;12.53;12.53;12.41;12.53;12.53;12.53;12.53;12.61;12.69;12.57;12.61;12.61;12.57;12.65;12.53;12.49;12.49;12.49;12.53;12.53;12.53;12.49;12.45;12.53;12.49;12.53;12.49;12.53;12.57;12.61;12.49;12.49;12.53;12.53;12.49;12.49;12.53;12.53;12.61;12.57;12.49;12.53;12.53;12.49;12.49;12.49;12.61;12.61;12.61;12.69;12.57;12.61;12.65;12.65;12.65;12.57;12.53;12.57;12.53;12.65;12.53;12.53;12.53;12.61;12.65;12.73;12.49;12.53;12.49;12.49;12.37;12.41;12.45;12.53;12.57;12.41;12.49;12.57;12.57;12.53;12.53;12.53;12.53;12.49;12.53;12.53;12.53;12.57;12.57;12.61;12.61;12.61;12.65;12.69;12.65;12.61;12.69;12.65;12.77;12.57;12.53;12.49;12.65;12.57;12.53;12.33;12.65;12.65;12.65;12.65;12.61;12.61;12.57;12.61;12.69;12.49;12.69;12.65;12.73;12.57;12.53;12.61;12.61;12.65;12.61;12.61;12.69;12.65;12.61;12.73;12.73;12.85;12.69;12.69;12.57;12.65;12.57;12.61;12.77;12.77;12.69;12.69;12.69;12.69;12.69;12.65;12.69;12.69;12.61;12.61;12.65;12.73;12.65;12.61;12.69;12.65;12.65;12.61;12.61;12.53;12.57;12.61;12.65;12.61;12.57;12.61;12.57;12.57;12.61;12.61;12.61;12.65;12.61;12.61;12.57;12.45;12.57;12.61;12.77;12.65;12.69;12.65;12.61;12.61;12.45;12.69;12.65;12.65;12.61;12.69;12.65;12.81;12.61;12.61;12.61;12.73;12.73;12.69;12.61;12.61;12.65;12.65;12.65;12.65;12.57;12.65;12.69;12.69;12.73;12.69;12.73;12.61;12.69;12.69;12.77;12.89;12.77;12.73;12.65;12.77;12.65;12.69;12.73;12.69;12.73;12.65;12.61;12.69;12.69;12.73;12.69;12.69
12.45;12.45;12.33;12.37;12.53;12.45;12.33;12.33;12.37;12.37;12.37;12.37;12.37;12.33;12.33;12.33;12.25;12.25;12.41;12.25;12.41;12.45;12.41;12.45;12.45;12.49;12.53;12.37;12.45;12.41;12.49;12.57;12.53;12.49;12.49;12.53;12.45;12.45;12.49;12.45;12.41;12.45;12.45;12.45;12.49;12.49;12.61;12.49;12.53;12.49;12.37;12.53;12.37;12.53;12.41;12.49;12.65;12.53;12.49;12.49;12.37;12.49;12.61;12.61;12.53;12.49;12.45;12.49;12.49;12.49;12.49;12.49;12.49;12.41;12.49;12.61;12.41;12.37;12.45;12.37;12.37;12.45;12.45;12.37;12.45;12.49;12.49;12.69;12.61;12.41;12.49;12.49;12.53;12.49;12.49;12.49;12.53;12.49;12.49;12.41;12.53;12.57;12.41;12.45;12.53;12.37;12.61;12.53;12.53;12.53;12.57;12.73;12.65;12.61;12.61;12.57;12.53;12.61;12.53;12.49;12.33;12.49;12.57;12.49;12.49;12.49;12.45;12.45;12.49;12.49;12.57;12.49;12.49;12.61;12.49;12.49;12.49;12.49;12.57;12.49;12.53;12.61;12.61;12.57;12.61;12.61;12.45;12.61;12.57;12.57;12.57;12.37;12.61;12.25;12.37;12.57;12.61;12.61;12.53;12.61;12.53;12.57;12.57;12.57;12.57;12.53;12.53;12.57;12.65;12.61;12.45;12.53;12.53;12.49;12.49;12.41;12.33;12.49;12.53;12.49;12.53;12.33;12.45;12.37;12.49;12.53;12.49;12.53;12.53;12.53;12.53;12.57;12.53;12.61;12.65;12.57;12.65;12.61;12.57;12.49;12.45;12.61;12.61;12.61;12.53;12.69;12.65;12.61;12.53;12.65;12.61;12.65;12.69;12.73;12.61;12.61;12.65;12.69;12.69;12.65;12.81;12.53;12.65;12.61;12.61;12.61;12.53;12.69;12.61;12.57;12.61;12.69;12.65;12.65;12.73;12.65;12.65;12.73;12.77;12.61;12.57;12.61;12.53;12.61;12.69;12.69;12.69;12.69;12.69;12.73;12.81;12.65;12.61;12.61;12.53;12.73;12.69;12.69;12.81;12.69;12.57;12.65;12.65;12.61;12.61;12.61;12.61;12.65;12.49;12.57;12.61;12.57;12.57;12.65;12.65;12.69;12.61;12.65;12.57;12.65;12.53;12.69;12.65;12.65;12.65;12.65;12.65;12.61;12.65;12.65;12.65;12.73;12.61;12.61;12.65;12.61;12.69;12.61;12.61;12.69;12.73;12.69;12.53;12.61;12.65;12.65;12.65;12.65;12.65;12.65;12.69;12.69;12.73;12.73;12.65;12.65;12.65;12.69;12.73;12.69;12.69;12.73;12.77;12.81;12.69;12.89;12.69;12.65;12.81;12.69;12.69;12.73;12.65;12.65;12.65;12.61
12.21;12.57;12.45;12.45;12.45;12.45;12.41;12.49;12.41;12.33;12.41;12.49;12.45;12.37;12.17;12.37;12.45;12.37;12.37;12.33;12.41;12.41;12.45;12.33;12.53;12.53;12.49;12.49;12.41;12.41;12.29;12.37;12.45;12.49;12.45;12.49;12.45;12.61;12.45;12.45;12.37;12.49;12.45;12.49;12.53;12.65;12.37;12.65;12.61;12.57;12.53;12.49;12.45;12.53;12.69;12.49;12.49;12.53;12.57;12.53;12.81;12.49;12.49;12.53;12.53;12.49;12.49;12.53;12.49;12.61;12.49;12.49;12.49;12.61;12.49;12.49;12.45;12.41;12.49;12.45;12.33;12.41;12.37;12.45;12.37;12.49;12.57;12.65;12.61;12.49;12.49;12.49;12.45;12.53;12.57;12.53;12.65;12.61;12.49;12.37;12.49;12.65;12.49;12.53;12.41;12.49;12.49;12.53;12.53;12.53;12.61;12.61;12.61;12.61;12.61;12.65;12.61;12.57;12.53;12.49;12.53;12.49;12.61;12.61;12.49;12.53;12.49;12.49;12.49;12.49;12.45;12.49;12.53;12.81;12.45;12.49;12.49;12.53;12.45;12.53;12.57;12.61;12.61;12.61;12.69;12.57;12.53;12.65;12.69;12.57;12.65;12.49;12.57;12.53;12.77;12.65;12.61;12.69;12.61;12.61;12.61;12.53;12.61;12.73;12.61;12.53;12.57;12.57;12.61;12.57;12.61;12.49;12.49;12.53;12.37;12.41;12.45;12.45;12.33;12.37;12.49;12.49;12.57;12.49;12.65;12.49;12.57;12.53;12.53;12.53;12.53;12.57;12.53;12.57;12.61;12.61;12.61;12.61;12.61;12.49;12.61;12.57;12.53;12.57;12.69;12.61;12.73;12.73;12.77;12.53;12.53;12.65;12.65;12.53;12.65;12.61;12.61;12.65;12.69;12.65;12.69;12.65;12.69;12.61;12.53;12.53;12.57;12.57;12.53;12.53;12.61;12.61;12.53;12.61;12.61;12.69;12.57;12.69;12.69;12.73;12.65;12.69;12.65;12.69;12.73;12.69;12.69;12.65;12.69;12.69;12.81;12.65;12.65;12.61;12.65;12.69;12.65;12.69;12.61;12.65;12.65;12.57;12.65;12.61;12.65;12.69;12.77;12.61;12.65;12.53;12.45;12.49;12.53;12.53;12.73;12.69;12.69;12.65;12.65;12.57;12.53;12.61;12.69;12.77;12.65;12.61;12.65;12.65;12.69;12.73;12.65;12.61;12.25;12.53;12.69;12.65;12.61;12.61;12.65;12.73;12.81;12.77;12.73;12.61;12.65;12.69;12.73;12.61;12.65;12.61;12.69;12.81;12.69;12.65;12.73;12.69;12.69;12.73;12.69;12.73;12.73;12.73;12.77;12.69;12.81;12.73;12.65;12.65;12.69;12.69;12.77;12.73;12.73;12.65;12.49;12.61
12.45;12.45;12.49;12.37;12.37;12.45;12.45;12.53;12.61;12.41;12.45;12.45;12.33;12.33;12.45;12.49;12.49;12.41;12.37;12.37;12.41;12.41;12.37;12.49;12.37;12.45;12.45;12.45;12.45;12.41;12.37;12.45;12.45;12.49;12.49;12.49;12.49;12.45;12.49;12.41;12.57;12.41;12.45;12.49;12.45;12.61;12.53;12.65;12.69;12.53;12.49;12.61;12.49;12.53;12.53;12.53;12.53;12.53;12.53;12.53;12.65;12.61;12.49;12.45;12.49;12.53;12.57;12.53;12.49;12.45;12.41;12.49;12.49;12.53;12.65;12.61;12.61;12.49;12.45;12.49;12.45;12.41;12.45;12.49;12.49;12.45;12.45;12.61;12.69;12.53;12.49;12.49;12.49;12.49;12.57;12.57;12.53;12.49;12.61;12.45;12.53;12.53;12.49;12.53;12.53;12.45;12.57;12.61;12.61;12.61;12.61;12.65;12.61;12.61;12.73;12.61;12.53;12.65;12.61;12.57;12.65;12.65;12.61;12.61;12.57;12.61;12.53;12.73;12.61;12.49;12.45;12.53;12.53;12.65;12.57;12.53;12.53;12.61;12.61;12.65;12.61;12.69;12.61;12.61;12.61;12.61;12.53;12.41;12.57;12.61;12.49;12.53;12.65;12.65;12.53;12.61;12.69;12.65;12.65;12.61;12.57;12.53;12.61;12.57;12.37;12.53;12.53;12.41;12.61;12.69;12.57;12.69;12.69;12.65;12.45;12.37;12.37;12.41;12.45;12.45;12.53;12.61;12.65;12.53;12.57;12.53;12.53;12.53;12.53;12.61;12.41;12.53;12.61;12.61;12.65;12.65;12.61;12.61;12.65;12.37;12.61;12.57;12.61;12.61;12.69;12.57;12.61;12.69;12.73;12.77;12.61;12.65;12.61;12.65;12.61;12.53;12.61;12.69;12.69;12.57;12.69;12.65;12.69;12.61;12.53;12.53;12.53;12.53;12.49;12.53;12.65;12.61;12.37;12.53;12.57;12.65;12.61;12.69;12.73;12.69;12.69;12.53;12.61;12.73;12.65;12.65;12.81;12.69;12.69;12.73;12.65;12.69;12.69;12.69;12.73;12.69;12.65;12.65;12.61;12.65;12.65;12.65;12.61;12.85;12.57;12.65;12.81;12.69;12.65;12.57;12.53;12.57;12.61;12.61;12.65;12.69;12.81;12.41;12.53;12.49;12.53;12.57;12.65;12.65;12.73;12.69;12.65;12.53;12.69;12.69;12.61;12.61;12.53;12.53;12.61;12.61;12.65;12.61;12.73;12.69;12.77;12.89;12.77;12.69;12.69;12.65;12.69;12.69;12.69;12.69;12.65;12.73;12.69;12.65;12.53;12.81;12.73;12.73;12.73;12.81;12.45;12.77;12.77;12.77;12.73;12.69;12.65;12.69;12.65;12.65;12.69;12.53;12.65;13.01;12.65;12.61
12.45;12.61;12.45;12.45;12.41;12.41;12.37;12.45;12.45;12.45;12.45;12.37;12.33;12.33;12.41;12.45;12.49;12.37;12.37;12.25;12.37;12.41;12.29;12.41;12.41;12.41;12.33;12.37;12.41;12.41;12.45;12.41;12.33;12.49;12.45;12.49;12.45;12.53;12.49;12.37;12.45;12.29;12.45;12.41;12.25;12.37;12.53;12.61;12.53;12.49;12.53;12.49;12.49;12.45;12.49;12.53;12.53;12.49;12.49;12.49;12.61;12.53;12.49;12.49;12.41;12.53;12.53;12.49;12.49;12.45;12.37;12.45;12.49;12.49;12.49;12.49;12.45;12.41;12.49;12.45;12.49;12.41;12.49;12.45;12.49;12.49;12.45;12.53;12.53;12.53;12.49;12.45;12.53;12.45;12.53;12.53;12.45;12.45;12.37;12.49;12.45;12.45;12.49;12.49;12.53;12.33;12.45;12.53;12.61;12.65;12.61;12.61;12.69;12.61;12.57;12.57;12.61;12.57;12.69;12.49;12.53;12.49;12.65;12.65;12.77;12.61;12.61;12.61;12.69;12.57;12.61;12.81;12.49;12.49;12.49;12.49;12.57;12.61;12.61;12.61;12.61;12.61;12.57;12.61;12.61;12.61;12.61;12.73;12.57;12.53;12.53;12.65;12.61;12.61;12.69;12.53;12.65;12.65;12.53;12.61;12.57;12.61;12.53;12.61;12.49;12.53;12.61;12.41;12.69;12.65;12.65;12.61;12.65;12.49;12.53;12.41;12.49;12.49;12.53;12.53;12.53;12.53;12.61;12.53;12.53;12.53;12.53;12.49;12.53;12.53;12.61;12.53;12.61;12.61;12.49;12.65;12.65;12.61;12.65;12.69;12.65;12.65;12.69;12.61;12.57;12.57;12.49;12.65;12.65;12.69;12.61;12.61;12.65;12.57;12.53;12.57;12.45;12.65;12.73;12.53;12.61;12.65;12.69;12.69;12.53;12.53;12.25;12.49;12.49;12.37;12.65;12.53;12.65;12.53;12.57;12.65;12.61;12.69;12.49;12.73;12.65;12.57;12.53;12.65;12.61;12.65;12.65;12.69;12.73;12.65;12.65;12.65;12.69;12.69;12.73;12.73;12.49;12.57;12.61;12.61;12.65;12.57;12.53;12.69;12.65;12.61;12.65;12.53;12.61;12.57;12.53;12.61;12.65;12.69;12.77;12.49;12.65;12.73;12.61;12.61;12.53;12.53;12.61;12.65;12.61;12.73;12.57;12.69;12.65;12.65;12.57;12.53;12.45;12.53;12.45;12.53;12.57;12.65;12.69;12.73;12.73;12.73;12.69;12.89;12.53;12.61;12.65;12.69;12.65;12.69;12.61;12.73;12.65;12.65;12.65;12.81;12.85;12.69;12.69;12.77;12.69;12.73;12.69;12.77;12.69;12.69;12.77;12.73;12.69;12.69;12.65;12.65;12.73;12.69;12.49;12.57
